01/04/2010 07:56:16,CFW0264,PC-4711,Hadley.Rhona.Dillon@dtaa.com,,,Carl.Ferdinand.Wong@dtaa.com,21651,0,
01/04/2010 07:59:26,CFW0264,PC-4711,Teegan.Jillian.Burris@dtaa.com;Dorothy.Marny.Goff@dtaa.com;Ingrid.Irene.Atkins@dtaa.com,Lani.Dai.Beard@dtaa.com,,Carl.Ferdinand.Wong@dtaa.com,50547,0,
01/04/2010 07:59:40,CFW0264,PC-4711,Ivor.Amir.Tucker@dtaa.com,,,Carl.Ferdinand.Wong@dtaa.com,33089,0,
01/04/2010 08:00:37,CFW0264,PC-4711,Savannah.Marcia.Yang@dtaa.com;Ainsley.MacKensie.Doyle@dtaa.com;Kendall.Thaddeus.Glover@dtaa.com,,,Carl.Ferdinand.Wong@dtaa.com,19521,0,
01/04/2010 11:32:17,CFW0264,PC-4711,Thaddeus.Emery.Martin@dtaa.com,,,Carl.Ferdinand.Wong@dtaa.com,11836,0,
01/04/2010 11:33:17,CFW0264,PC-4711,Deborah-Mcclure@msn.com;Ainsley.M.Doyle@hotmail.com;Ivor_Tucker@earthlink.net,,,Carl-Wong@hotmail.com,40103,0,
01/04/2010 12:09:43,CFW0264,PC-4711,Thaddeus.Emery.Martin@dtaa.com,,,Carl.Ferdinand.Wong@dtaa.com,33313,0,
01/04/2010 12:16:24,CFW0264,PC-4711,Roth.Mannix.Simon@dtaa.com;Lani.Dai.Beard@dtaa.com;Hall.Colorado.Morin@dtaa.com;AKH17@hp.com,,,Carl.Ferdinand.Wong@dtaa.com,43852,0,
01/04/2010 12:26:52,CFW0264,PC-4711,Ingrid.Irene.Atkins@dtaa.com;AKH17@hp.com,,,Carl.Ferdinand.Wong@dtaa.com,30797,0,
01/05/2010 14:24:34,CFW0264,PC-4711,AKH17@hp.com,,,Carl.Ferdinand.Wong@dtaa.com,19320,0,
01/05/2010 14:24:52,CFW0264,PC-4711,Hall.Colorado.Morin@dtaa.com;Lani.Dai.Beard@dtaa.com,,,Carl.Ferdinand.Wong@dtaa.com,18478,0,
01/05/2010 14:24:59,CFW0264,PC-4711,Ivor.Amir.Tucker@dtaa.com;Lani.Dai.Beard@dtaa.com,Bell.Jorden.Martinez@dtaa.com;Buckner-Helen@northropgrumman.com,,Carl.Ferdinand.Wong@dtaa.com,47053,0,
01/05/2010 14:25:44,CFW0264,PC-4711,Hall.Colorado.Morin@dtaa.com,,,Carl.Ferdinand.Wong@dtaa.com,27681,0,
01/05/2010 14:25:47,CFW0264,PC-4711,Kendall.Thaddeus.Glover@dtaa.com,,,Carl.Ferdinand.Wong@dtaa.com,31972,0,
01/05/2010 14:26:03,CFW0264,PC-4711,Deborah-Mcclure@msn.com;Simon-Roth@charter.net,Lani.Beard@earthlink.net,,Carl-Wong@hotmail.com,26594,0,
01/05/2010 14:27:06,CFW0264,PC-4711,Simon-Roth@charter.net;IIA3@sbcglobal.net;Booker.Ryan@optonline.net,,,Carl-Wong@hotmail.com,18713,0,
01/05/2010 14:27:27,CFW0264,PC-4711,Ivor.Amir.Tucker@dtaa.com,,,Carl.Ferdinand.Wong@dtaa.com,25497,0,
01/05/2010 14:28:08,CFW0264,PC-4711,Guy.Tad.Daniel@dtaa.com;Hall.Colorado.Morin@dtaa.com,Shea.Jane.Franks@dtaa.com,,Carl.Ferdinand.Wong@dtaa.com,34111,0,
01/06/2010 08:03:30,CFW0264,PC-4711,Ivor.Amir.Tucker@dtaa.com,,,Carl.Ferdinand.Wong@dtaa.com,30807,0,
01/06/2010 08:03:43,CFW0264,PC-4711,Yang-Caleb@northropgrumman.com,,,Carl.Ferdinand.Wong@dtaa.com,24470,0,
01/06/2010 08:07:34,CFW0264,PC-4711,Lani.Dai.Beard@dtaa.com,,,Carl.Ferdinand.Wong@dtaa.com,30644,0,
01/06/2010 08:11:29,CFW0264,PC-4711,Ainsley.MacKensie.Doyle@dtaa.com,,,Carl.Ferdinand.Wong@dtaa.com,42407,0,
01/06/2010 08:15:04,CFW0264,PC-4711,Ivor.Amir.Tucker@dtaa.com,,,Carl.Ferdinand.Wong@dtaa.com,27951,0,
01/06/2010 08:16:34,CFW0264,PC-4711,Yang-Caleb@northropgrumman.com,,,Carl.Ferdinand.Wong@dtaa.com,22488,0,
01/06/2010 08:18:09,CFW0264,PC-4711,AKH17@hp.com,,,Carl.Ferdinand.Wong@dtaa.com,38368,0,
01/06/2010 08:20:15,CFW0264,PC-4711,Ivor.Amir.Tucker@dtaa.com,,,Carl.Ferdinand.Wong@dtaa.com,22972,0,
01/06/2010 08:22:48,CFW0264,PC-4711,Glenna.Caryn.Sharpe@dtaa.com,,,Carl.Ferdinand.Wong@dtaa.com,22275,0,
01/07/2010 12:50:14,CFW0264,PC-4711,Ainsley.M.Doyle@hotmail.com,,,Carl-Wong@hotmail.com,14687,0,
01/07/2010 13:21:07,CFW0264,PC-4711,Deborah-Mcclure@msn.com;Thaddeus_E_Martin@hotmail.com;Simon-Roth@charter.net,,,Carl-Wong@hotmail.com,28429,0,
01/07/2010 13:21:20,CFW0264,PC-4711,IIA3@sbcglobal.net,,,Carl-Wong@hotmail.com,19366,0,
01/07/2010 13:51:59,CFW0264,PC-4711,Macey.Christen.Turner@dtaa.com,Keane.Kennan.Watts@dtaa.com,,Carl.Ferdinand.Wong@dtaa.com,24830,0,
01/07/2010 14:23:23,CFW0264,PC-4711,Ingrid.Irene.Atkins@dtaa.com,,,Carl.Ferdinand.Wong@dtaa.com,35379,0,
01/07/2010 14:25:11,CFW0264,PC-4711,Deborah.Victoria.Mcclure@dtaa.com,,,Carl.Ferdinand.Wong@dtaa.com,21228,0,
01/07/2010 14:25:23,CFW0264,PC-4711,Jonathan.Orlando.Marsh@dtaa.com;Ingrid.Irene.Atkins@dtaa.com;Thaddeus.Emery.Martin@dtaa.com;Yang-Caleb@northropgrumman.com,,,Carl.Ferdinand.Wong@dtaa.com,31418,0,
01/07/2010 14:47:13,CFW0264,PC-4711,Ingrid.Irene.Atkins@dtaa.com,,,Carl.Ferdinand.Wong@dtaa.com,26334,0,
01/07/2010 14:53:59,CFW0264,PC-4711,Roth.Mannix.Simon@dtaa.com;Ivor.Amir.Tucker@dtaa.com;Deborah.Victoria.Mcclure@dtaa.com,,,Carl.Ferdinand.Wong@dtaa.com,24810,0,
01/08/2010 09:53:52,CFW0264,PC-4711,Thaddeus.Emery.Martin@dtaa.com;Lani.Dai.Beard@dtaa.com;Yang-Caleb@northropgrumman.com,Hall.Colorado.Morin@dtaa.com,,Carl.Ferdinand.Wong@dtaa.com,24762,0,
01/08/2010 09:58:37,CFW0264,PC-4711,Thaddeus_E_Martin@hotmail.com,HCM9@earthlink.net,,Carl-Wong@hotmail.com,15412,0,
01/08/2010 09:59:02,CFW0264,PC-4711,HCM9@earthlink.net,,,Carl-Wong@hotmail.com,22122,0,
01/08/2010 10:01:48,CFW0264,PC-4711,Lani.Beard@earthlink.net;IIA3@sbcglobal.net;Shea_J_Franks@earthlink.net,YCE5@yahoo.com,,Carl-Wong@hotmail.com,29281,0,
01/08/2010 10:03:48,CFW0264,PC-4711,HCM9@earthlink.net;Thaddeus_E_Martin@hotmail.com,Yang-Caleb@netzero.com,,Carl-Wong@hotmail.com,38690,0,
01/08/2010 10:05:21,CFW0264,PC-4711,MDH3@optonline.net,,,Carl-Wong@hotmail.com,26943,0,
01/08/2010 11:43:31,CFW0264,PC-4711,Thaddeus.Emery.Martin@dtaa.com,,,Carl.Ferdinand.Wong@dtaa.com,14917,0,
01/08/2010 12:26:44,CFW0264,PC-4711,Kendall.Thaddeus.Glover@dtaa.com,,,Carl.Ferdinand.Wong@dtaa.com,27339,0,
01/08/2010 15:08:21,CFW0264,PC-4711,Shea_J_Franks@earthlink.net,,,Carl-Wong@hotmail.com,44069,0,
01/11/2010 07:27:20,CFW0264,PC-4711,Ivor.Amir.Tucker@dtaa.com;Yang-Caleb@northropgrumman.com,Roth.Mannix.Simon@dtaa.com;Deborah.Victoria.Mcclure@dtaa.com,,Carl.Ferdinand.Wong@dtaa.com,50497,0,
01/11/2010 07:35:54,CFW0264,PC-4711,Hall.Colorado.Morin@dtaa.com;Yang-Caleb@northropgrumman.com,,,Carl.Ferdinand.Wong@dtaa.com,19369,0,
01/11/2010 08:01:28,CFW0264,PC-4711,Ivor.Amir.Tucker@dtaa.com,Ingrid.Irene.Atkins@dtaa.com,,Carl.Ferdinand.Wong@dtaa.com,46474,0,
01/11/2010 08:01:34,CFW0264,PC-4711,Ivor.Amir.Tucker@dtaa.com,Lani.Dai.Beard@dtaa.com,,Carl.Ferdinand.Wong@dtaa.com,24604,0,
01/11/2010 08:34:04,CFW0264,PC-4711,Ivor.Amir.Tucker@dtaa.com,,,Carl.Ferdinand.Wong@dtaa.com,37247,0,
01/11/2010 08:43:34,CFW0264,PC-4711,Hall.Colorado.Morin@dtaa.com,Roth.Mannix.Simon@dtaa.com,,Carl.Ferdinand.Wong@dtaa.com,25464,0,
01/11/2010 08:47:48,CFW0264,PC-4711,Roth.Mannix.Simon@dtaa.com;Ingrid.Irene.Atkins@dtaa.com,,,Carl.Ferdinand.Wong@dtaa.com,20611,0,
01/11/2010 08:50:57,CFW0264,PC-4711,Kendall.Thaddeus.Glover@dtaa.com,Yang-Caleb@northropgrumman.com;AKH17@hp.com,,Carl.Ferdinand.Wong@dtaa.com,29955,0,
01/11/2010 13:52:09,CFW0264,PC-4711,Ivan.Levi.Craig@dtaa.com;Ingrid.Irene.Atkins@dtaa.com;Amal.C.Gallegos@lockheedmartin.com,Chelsea.Aspen.Allen@dtaa.com,,Carl.Ferdinand.Wong@dtaa.com,44424,0,
01/12/2010 07:37:02,CFW0264,PC-4711,Shea.Jane.Franks@dtaa.com;Ivor.Amir.Tucker@dtaa.com,Lani.Dai.Beard@dtaa.com,,Carl.Ferdinand.Wong@dtaa.com,45478,0,
01/12/2010 07:51:45,CFW0264,PC-4711,Shea_J_Franks@earthlink.net,,,Carl-Wong@hotmail.com,25024,0,
01/12/2010 10:56:02,CFW0264,PC-4711,Ingrid.Irene.Atkins@dtaa.com,,,Carl.Ferdinand.Wong@dtaa.com,18031,0,
01/12/2010 11:58:02,CFW0264,PC-4711,Roth.Mannix.Simon@dtaa.com;Yang-Caleb@northropgrumman.com,,,Carl.Ferdinand.Wong@dtaa.com,19562,0,
01/12/2010 12:22:11,CFW0264,PC-4711,Vladimir.Thomas.Todd@dtaa.com;Ivor.Amir.Tucker@dtaa.com,Thaddeus.Emery.Martin@dtaa.com;Yang-Caleb@northropgrumman.com,,Carl.Ferdinand.Wong@dtaa.com,35199,0,
01/12/2010 13:31:17,CFW0264,PC-4711,Lani.Dai.Beard@dtaa.com;Roth.Mannix.Simon@dtaa.com;Ainsley.MacKensie.Doyle@dtaa.com;Deborah.Victoria.Mcclure@dtaa.com,,,Carl.Ferdinand.Wong@dtaa.com,33103,0,
01/12/2010 14:59:37,CFW0264,PC-4711,Hall.Colorado.Morin@dtaa.com;AKH17@hp.com,,,Carl.Ferdinand.Wong@dtaa.com,28540,0,
01/12/2010 15:04:23,CFW0264,PC-4711,Ivor.Amir.Tucker@dtaa.com,,,Carl.Ferdinand.Wong@dtaa.com,22554,0,
01/12/2010 15:05:37,CFW0264,PC-4711,Hall.Colorado.Morin@dtaa.com,Kendall.Thaddeus.Glover@dtaa.com;Yang-Caleb@northropgrumman.com,,Carl.Ferdinand.Wong@dtaa.com,25680,0,
01/13/2010 07:42:06,CFW0264,PC-4711,Ainsley.M.Doyle@hotmail.com;Deborah-Mcclure@msn.com;Lani.Beard@earthlink.net,Simon-Roth@charter.net,,Carl-Wong@hotmail.com,45683,0,
01/13/2010 07:48:12,CFW0264,PC-4711,Ivor_Tucker@earthlink.net;HCM9@earthlink.net,,,Carl-Wong@hotmail.com,31485,0,
01/13/2010 07:52:21,CFW0264,PC-4711,Ainsley.MacKensie.Doyle@dtaa.com;Deborah.Victoria.Mcclure@dtaa.com,Thaddeus.Emery.Martin@dtaa.com;Roth.Mannix.Simon@dtaa.com,,Carl.Ferdinand.Wong@dtaa.com,25807,0,
01/13/2010 07:52:35,CFW0264,PC-4711,Ivor.Amir.Tucker@dtaa.com;Yang-Caleb@northropgrumman.com,,,Carl.Ferdinand.Wong@dtaa.com,30159,0,
01/13/2010 11:27:42,CFW0264,PC-4711,Kendall.Thaddeus.Glover@dtaa.com;Ainsley.MacKensie.Doyle@dtaa.com,Shea.Jane.Franks@dtaa.com,,Carl.Ferdinand.Wong@dtaa.com,43561,0,
01/13/2010 11:40:38,CFW0264,PC-4711,Shea.Jane.Franks@dtaa.com;AKH17@hp.com,,,Carl.Ferdinand.Wong@dtaa.com,15376,0,
01/13/2010 11:50:37,CFW0264,PC-4711,Lani.Dai.Beard@dtaa.com,,,Carl.Ferdinand.Wong@dtaa.com,29611,0,
01/13/2010 11:50:42,CFW0264,PC-4711,AKH17@hp.com,,,Carl.Ferdinand.Wong@dtaa.com,46008,0,
01/13/2010 11:54:36,CFW0264,PC-4711,Deborah.Victoria.Mcclure@dtaa.com;Hall.Colorado.Morin@dtaa.com,Lani.Dai.Beard@dtaa.com;Shea.Jane.Franks@dtaa.com,,Carl.Ferdinand.Wong@dtaa.com,46513,0,
01/14/2010 08:01:45,CFW0264,PC-4711,Lani.Beard@earthlink.net;IIA3@sbcglobal.net;Shea_J_Franks@earthlink.net;HCM9@earthlink.net,Simon-Roth@charter.net,,Carl-Wong@hotmail.com,19075,0,
01/14/2010 10:20:18,CFW0264,PC-4711,Lani.Beard@earthlink.net;Simon-Roth@charter.net,,,Carl-Wong@hotmail.com,31934,0,
01/14/2010 10:23:13,CFW0264,PC-4711,Ivor_Tucker@earthlink.net,Shea_J_Franks@earthlink.net,,Carl-Wong@hotmail.com,16955,0,
01/14/2010 10:30:31,CFW0264,PC-4711,HCM9@earthlink.net,,,Carl-Wong@hotmail.com,33172,0,
01/14/2010 11:13:33,CFW0264,PC-4711,KTG771@optonline.net,,,Carl-Wong@hotmail.com,47644,0,
01/14/2010 11:57:58,CFW0264,PC-4711,Shea.Jane.Franks@dtaa.com;Hall.Colorado.Morin@dtaa.com;RBS47@harris.com,,,Carl.Ferdinand.Wong@dtaa.com,48211,0,
01/14/2010 12:08:39,CFW0264,PC-4711,Ainsley.MacKensie.Doyle@dtaa.com,,,Carl.Ferdinand.Wong@dtaa.com,22915,0,
01/14/2010 12:08:40,CFW0264,PC-4711,Lani.Dai.Beard@dtaa.com,,,Carl.Ferdinand.Wong@dtaa.com,11760,0,
01/14/2010 12:09:08,CFW0264,PC-4711,Kendall.Thaddeus.Glover@dtaa.com;Shea.Jane.Franks@dtaa.com;Hall.Colorado.Morin@dtaa.com;Ainsley.MacKensie.Doyle@dtaa.com,,,Carl.Ferdinand.Wong@dtaa.com,28297,0,
01/15/2010 11:38:33,CFW0264,PC-4711,Keaton.Ronan.Leonard@dtaa.com,,,Carl.Ferdinand.Wong@dtaa.com,35276,0,
01/15/2010 12:00:14,CFW0264,PC-4711,Shea.Jane.Franks@dtaa.com,,,Carl.Ferdinand.Wong@dtaa.com,33410,0,
01/15/2010 12:07:18,CFW0264,PC-4711,Ainsley.MacKensie.Doyle@dtaa.com,,,Carl.Ferdinand.Wong@dtaa.com,39627,0,
01/15/2010 12:52:52,CFW0264,PC-4711,Hall.Colorado.Morin@dtaa.com,,,Carl.Ferdinand.Wong@dtaa.com,26874,0,
01/15/2010 14:34:26,CFW0264,PC-4711,Thaddeus.Emery.Martin@dtaa.com,,,Carl.Ferdinand.Wong@dtaa.com,34267,0,
01/15/2010 15:18:41,CFW0264,PC-4711,Ingrid.Irene.Atkins@dtaa.com,,,Carl.Ferdinand.Wong@dtaa.com,27520,0,
01/15/2010 15:19:04,CFW0264,PC-4711,Yang-Caleb@northropgrumman.com,,,Carl.Ferdinand.Wong@dtaa.com,32908,0,
01/15/2010 15:19:32,CFW0264,PC-4711,Lani.Dai.Beard@dtaa.com;Roth.Mannix.Simon@dtaa.com;Kendall.Thaddeus.Glover@dtaa.com,,,Carl.Ferdinand.Wong@dtaa.com,25669,0,
01/15/2010 15:20:26,CFW0264,PC-4711,Roth.Mannix.Simon@dtaa.com,,,Carl.Ferdinand.Wong@dtaa.com,34322,0,
01/18/2010 11:20:08,CFW0264,PC-4711,Simon-Roth@charter.net;IIA3@sbcglobal.net,,,Carl-Wong@hotmail.com,15941,0,
01/18/2010 11:27:01,CFW0264,PC-4711,Ivor.Amir.Tucker@dtaa.com;Roth.Mannix.Simon@dtaa.com;Wade.Ira.Frazier@dtaa.com,,,Carl.Ferdinand.Wong@dtaa.com,23141,0,
01/18/2010 11:28:42,CFW0264,PC-4711,RVF42@charter.net;Ainsley.M.Doyle@hotmail.com,,,Carl-Wong@hotmail.com,35482,0,
01/18/2010 11:39:45,CFW0264,PC-4711,Deborah-Mcclure@msn.com,Lani.Beard@earthlink.net,,Carl-Wong@hotmail.com,32525,0,
01/18/2010 11:42:16,CFW0264,PC-4711,KTG771@optonline.net;Deborah-Mcclure@msn.com;IIA3@sbcglobal.net,,,Carl-Wong@hotmail.com,28367,0,
01/18/2010 14:30:10,CFW0264,PC-4711,Thaddeus_E_Martin@hotmail.com;Simon-Roth@charter.net,,,Carl-Wong@hotmail.com,27719,0,
01/18/2010 14:31:40,CFW0264,PC-4711,Roth.Mannix.Simon@dtaa.com;Shea.Jane.Franks@dtaa.com,AKH17@hp.com;DAM6189@hp.com,,Carl.Ferdinand.Wong@dtaa.com,33917,0,
01/18/2010 14:32:27,CFW0264,PC-4711,Ainsley.MacKensie.Doyle@dtaa.com;Ingrid.Irene.Atkins@dtaa.com,,,Carl.Ferdinand.Wong@dtaa.com,43323,0,
01/18/2010 14:44:39,CFW0264,PC-4711,Lani.Beard@earthlink.net,Ainsley.M.Doyle@hotmail.com;Thaddeus_E_Martin@hotmail.com;Yang-Caleb@netzero.com,,Carl-Wong@hotmail.com,32605,0,
01/19/2010 12:12:20,CFW0264,PC-4711,HCM9@earthlink.net;Ainsley.M.Doyle@hotmail.com;Desiree_C_Church@charter.net,Lani.Beard@earthlink.net,,Carl-Wong@hotmail.com,24183,0,
01/19/2010 12:42:45,CFW0264,PC-4711,Ainsley.MacKensie.Doyle@dtaa.com;Merrill.Hiram.Hess@dtaa.com,Deborah.Victoria.Mcclure@dtaa.com;Donna_Mckenzie@hp.com,,Carl.Ferdinand.Wong@dtaa.com,27605,0,
01/19/2010 12:48:19,CFW0264,PC-4711,Ivor.Amir.Tucker@dtaa.com,Kendall.Thaddeus.Glover@dtaa.com,,Carl.Ferdinand.Wong@dtaa.com,30815,0,
01/19/2010 13:09:39,CFW0264,PC-4711,Thaddeus_E_Martin@hotmail.com,Simon-Roth@charter.net,,Carl-Wong@hotmail.com,37134,0,
01/19/2010 13:16:35,CFW0264,PC-4711,Ingrid.Irene.Atkins@dtaa.com;Yang-Caleb@northropgrumman.com,,,Carl.Ferdinand.Wong@dtaa.com,39769,0,
01/19/2010 13:59:53,CFW0264,PC-4711,Ainsley.M.Doyle@hotmail.com;Ivor_Tucker@earthlink.net;KTG771@optonline.net,,,Carl-Wong@hotmail.com,30687,0,
01/19/2010 15:21:40,CFW0264,PC-4711,IIA3@sbcglobal.net,,,Carl-Wong@hotmail.com,39424,0,
01/20/2010 10:56:22,CFW0264,PC-4711,Ingrid.Irene.Atkins@dtaa.com,,,Carl.Ferdinand.Wong@dtaa.com,33481,0,
01/20/2010 11:13:43,CFW0264,PC-4711,Deborah.Victoria.Mcclure@dtaa.com;Kendall.Thaddeus.Glover@dtaa.com;Ivor.Amir.Tucker@dtaa.com,Ingrid.Irene.Atkins@dtaa.com,,Carl.Ferdinand.Wong@dtaa.com,30041,0,
01/20/2010 14:51:03,CFW0264,PC-4711,Kenyon.C.Sharpe@hotmail.com,Ainsley.M.Doyle@hotmail.com,,Carl-Wong@hotmail.com,33761,0,
01/20/2010 15:26:27,CFW0264,PC-4711,Ivor.Amir.Tucker@dtaa.com;Shea.Jane.Franks@dtaa.com,Deborah.Victoria.Mcclure@dtaa.com;Thaddeus.Emery.Martin@dtaa.com,,Carl.Ferdinand.Wong@dtaa.com,33809,0,
01/20/2010 15:27:15,CFW0264,PC-4711,AKH17@hp.com;Yang-Caleb@northropgrumman.com,,,Carl.Ferdinand.Wong@dtaa.com,17256,0,
01/20/2010 15:32:51,CFW0264,PC-4711,Shea.Jane.Franks@dtaa.com;Kendall.Thaddeus.Glover@dtaa.com,Lani.Dai.Beard@dtaa.com,,Carl.Ferdinand.Wong@dtaa.com,28097,0,
01/20/2010 15:36:44,CFW0264,PC-4711,Ingrid.Irene.Atkins@dtaa.com,Ainsley.MacKensie.Doyle@dtaa.com;Kendall.Thaddeus.Glover@dtaa.com,,Carl.Ferdinand.Wong@dtaa.com,31574,0,
01/20/2010 15:37:35,CFW0264,PC-4711,Kendall.Thaddeus.Glover@dtaa.com,,,Carl.Ferdinand.Wong@dtaa.com,35985,0,
01/21/2010 09:42:51,CFW0264,PC-4711,Thaddeus_E_Martin@hotmail.com;IIA3@sbcglobal.net,,,Carl-Wong@hotmail.com,42205,0,
01/21/2010 09:53:27,CFW0264,PC-4711,MAR56@msn.com,,,Carl-Wong@hotmail.com,30001,0,
01/21/2010 10:07:09,CFW0264,PC-4711,Ainsley.M.Doyle@hotmail.com,,,Carl-Wong@hotmail.com,31711,0,
01/21/2010 10:49:34,CFW0264,PC-4711,Ainsley.M.Doyle@hotmail.com;AMV28@comcast.net;Lani.Beard@earthlink.net,,,Carl-Wong@hotmail.com,28805,0,
01/21/2010 11:30:01,CFW0264,PC-4711,Lani.Dai.Beard@dtaa.com,,,Carl.Ferdinand.Wong@dtaa.com,35809,0,
01/21/2010 12:18:02,CFW0264,PC-4711,Ivor_Tucker@earthlink.net,,,Carl-Wong@hotmail.com,22495,0,
01/21/2010 12:19:37,CFW0264,PC-4711,Ivor.Amir.Tucker@dtaa.com;Thaddeus.Emery.Martin@dtaa.com;Yang-Caleb@northropgrumman.com,,,Carl.Ferdinand.Wong@dtaa.com,44768,0,
01/21/2010 12:32:47,CFW0264,PC-4711,Shea.Jane.Franks@dtaa.com;Roth.Mannix.Simon@dtaa.com,,,Carl.Ferdinand.Wong@dtaa.com,39410,0,
01/22/2010 09:15:32,CFW0264,PC-4711,Kendall.Thaddeus.Glover@dtaa.com,,,Carl.Ferdinand.Wong@dtaa.com,35218,0,
01/22/2010 11:07:17,CFW0264,PC-4711,Kendall.Thaddeus.Glover@dtaa.com,,,Carl.Ferdinand.Wong@dtaa.com,25811,0,
01/22/2010 11:36:35,CFW0264,PC-4711,Thaddeus.Emery.Martin@dtaa.com,,,Carl.Ferdinand.Wong@dtaa.com,22463,0,
01/22/2010 11:47:40,CFW0264,PC-4711,Ainsley.MacKensie.Doyle@dtaa.com;Kendall.Thaddeus.Glover@dtaa.com;Yang-Caleb@northropgrumman.com,,,Carl.Ferdinand.Wong@dtaa.com,19920,0,
01/22/2010 12:23:10,CFW0264,PC-4711,Jeanette.L.Whitley@yahoo.com,,,Carl-Wong@hotmail.com,42086,0,
01/22/2010 12:31:52,CFW0264,PC-4711,Hall.Colorado.Morin@dtaa.com;Shea.Jane.Franks@dtaa.com,Ainsley.MacKensie.Doyle@dtaa.com,,Carl.Ferdinand.Wong@dtaa.com,19777,0,
01/22/2010 13:27:22,CFW0264,PC-4711,Yang-Caleb@netzero.com,,,Carl-Wong@hotmail.com,39870,0,
01/22/2010 13:39:51,CFW0264,PC-4711,Kendall.Thaddeus.Glover@dtaa.com,,,Carl.Ferdinand.Wong@dtaa.com,30560,0,
01/25/2010 07:47:33,CFW0264,PC-4711,Thaddeus.Emery.Martin@dtaa.com;Shea.Jane.Franks@dtaa.com,,,Carl.Ferdinand.Wong@dtaa.com,25687,0,
01/25/2010 12:30:17,CFW0264,PC-4711,Ivor_Tucker@earthlink.net,,,Carl-Wong@hotmail.com,20566,0,
01/25/2010 12:30:27,CFW0264,PC-4711,Shea_J_Franks@earthlink.net,,,Carl-Wong@hotmail.com,19088,0,
01/25/2010 12:31:06,CFW0264,PC-4711,IIA3@sbcglobal.net;Shea_J_Franks@earthlink.net;Ainsley.M.Doyle@hotmail.com;Lani.Beard@earthlink.net,AKH43@comcast.net,,Carl-Wong@hotmail.com,20126,0,
01/25/2010 12:36:49,CFW0264,PC-4711,Thaddeus_E_Martin@hotmail.com,,,Carl-Wong@hotmail.com,29787,0,
01/25/2010 12:40:08,CFW0264,PC-4711,Ainsley.M.Doyle@hotmail.com,,,Carl-Wong@hotmail.com,17644,0,
01/25/2010 12:44:42,CFW0264,PC-4711,Ingrid.Irene.Atkins@dtaa.com,,,Carl.Ferdinand.Wong@dtaa.com,20538,0,
01/25/2010 12:49:50,CFW0264,PC-4711,Thaddeus_E_Martin@hotmail.com;Shea_J_Franks@earthlink.net;Darryl_Stuart@earthlink.net,Ainsley.M.Doyle@hotmail.com;Lani.Beard@earthlink.net,,Carl-Wong@hotmail.com,26456,0,
01/26/2010 08:44:37,CFW0264,PC-4711,Hall.Colorado.Morin@dtaa.com,,,Carl.Ferdinand.Wong@dtaa.com,40844,0,
01/26/2010 08:46:18,CFW0264,PC-4711,Roth.Mannix.Simon@dtaa.com;Ingrid.Irene.Atkins@dtaa.com;AKH17@hp.com;Yang-Caleb@northropgrumman.com,,,Carl.Ferdinand.Wong@dtaa.com,27742,0,
01/26/2010 08:52:25,CFW0264,PC-4711,Ivor.Amir.Tucker@dtaa.com,,,Carl.Ferdinand.Wong@dtaa.com,26802,0,
01/26/2010 08:54:34,CFW0264,PC-4711,Amaya.Noelle.Terrell@dtaa.com;Deborah.Victoria.Mcclure@dtaa.com,Kendall.Thaddeus.Glover@dtaa.com;Ivor.Amir.Tucker@dtaa.com,,Carl.Ferdinand.Wong@dtaa.com,15961,0,
01/26/2010 08:55:03,CFW0264,PC-4711,Shea.Jane.Franks@dtaa.com;Deborah.Victoria.Mcclure@dtaa.com,,,Carl.Ferdinand.Wong@dtaa.com,23537,0,
01/26/2010 08:56:03,CFW0264,PC-4711,Lani.Beard@earthlink.net,,,Carl-Wong@hotmail.com,21451,0,
01/26/2010 08:56:35,CFW0264,PC-4711,Thaddeus.Emery.Martin@dtaa.com;Hall.Colorado.Morin@dtaa.com;Shea.Jane.Franks@dtaa.com,Lani.Dai.Beard@dtaa.com,,Carl.Ferdinand.Wong@dtaa.com,24373,0,
01/26/2010 08:57:01,CFW0264,PC-4711,Ivor.Amir.Tucker@dtaa.com,,,Carl.Ferdinand.Wong@dtaa.com,38237,0,
01/26/2010 08:59:39,CFW0264,PC-4711,Roth.Mannix.Simon@dtaa.com,,,Carl.Ferdinand.Wong@dtaa.com,25803,0,
01/27/2010 10:39:46,CFW0264,PC-4711,Hall.Colorado.Morin@dtaa.com;Deborah.Victoria.Mcclure@dtaa.com;Roth.Mannix.Simon@dtaa.com,,,Carl.Ferdinand.Wong@dtaa.com,20363,0,
01/27/2010 11:16:23,CFW0264,PC-4711,Dalton.Perry.Mejia@dtaa.com;Shea.Jane.Franks@dtaa.com;Deborah.Victoria.Mcclure@dtaa.com,,,Carl.Ferdinand.Wong@dtaa.com,26796,0,
01/27/2010 13:34:42,CFW0264,PC-4711,HCM9@earthlink.net;KTG771@optonline.net;Deborah-Mcclure@msn.com,Thaddeus_E_Martin@hotmail.com;Lani.Beard@earthlink.net,,Carl-Wong@hotmail.com,23878,0,
01/27/2010 13:54:22,CFW0264,PC-4711,Yang-Caleb@netzero.com,,,Carl-Wong@hotmail.com,29180,0,
01/27/2010 14:13:08,CFW0264,PC-4711,Lani.Dai.Beard@dtaa.com,Montana.Basia.Roberts@dtaa.com,,Carl.Ferdinand.Wong@dtaa.com,39046,0,
01/27/2010 14:25:05,CFW0264,PC-4711,KTG771@optonline.net,Thaddeus_E_Martin@hotmail.com,,Carl-Wong@hotmail.com,16359,0,
01/27/2010 14:46:38,CFW0264,PC-4711,Deborah-Mcclure@msn.com,,,Carl-Wong@hotmail.com,39142,0,
01/27/2010 14:50:12,CFW0264,PC-4711,Thaddeus_E_Martin@hotmail.com,,,Carl-Wong@hotmail.com,36164,0,
01/27/2010 14:51:25,CFW0264,PC-4711,Ivor_Tucker@earthlink.net,,,Carl-Wong@hotmail.com,40819,0,
01/28/2010 07:34:34,CFW0264,PC-4711,Ivor_Tucker@earthlink.net,,,Carl-Wong@hotmail.com,30908,0,
01/28/2010 07:52:58,CFW0264,PC-4711,Ainsley.M.Doyle@hotmail.com,,,Carl-Wong@hotmail.com,27717,0,
01/28/2010 07:54:35,CFW0264,PC-4711,Simon-Roth@charter.net;Thaddeus_E_Martin@hotmail.com;Shea_J_Franks@earthlink.net;Deborah-Mcclure@msn.com,,,Carl-Wong@hotmail.com,22041,0,
01/28/2010 10:02:04,CFW0264,PC-4711,Lani.Dai.Beard@dtaa.com,,,Carl.Ferdinand.Wong@dtaa.com,12270,0,
01/28/2010 10:02:20,CFW0264,PC-4711,AKH43@comcast.net,,,Carl-Wong@hotmail.com,12775,0,
01/28/2010 10:05:24,CFW0264,PC-4711,Lani.Dai.Beard@dtaa.com,,,Carl.Ferdinand.Wong@dtaa.com,15768,0,
01/28/2010 10:06:16,CFW0264,PC-4711,Ivor.Amir.Tucker@dtaa.com,,,Carl.Ferdinand.Wong@dtaa.com,34269,0,
01/28/2010 10:15:15,CFW0264,PC-4711,Shea.Jane.Franks@dtaa.com,,,Carl.Ferdinand.Wong@dtaa.com,19786,0,
01/29/2010 11:11:07,CFW0264,PC-4711,Roth.Mannix.Simon@dtaa.com,,,Carl.Ferdinand.Wong@dtaa.com,29147,0,
01/29/2010 12:36:14,CFW0264,PC-4711,Hall.Colorado.Morin@dtaa.com;Lani.Dai.Beard@dtaa.com,Deborah.Victoria.Mcclure@dtaa.com,,Carl.Ferdinand.Wong@dtaa.com,32217,0,
01/29/2010 13:01:30,CFW0264,PC-4711,Ingrid.Irene.Atkins@dtaa.com,Ivor.Amir.Tucker@dtaa.com,,Carl.Ferdinand.Wong@dtaa.com,21342,0,
01/29/2010 13:04:17,CFW0264,PC-4711,Hall.Colorado.Morin@dtaa.com;Thaddeus.Emery.Martin@dtaa.com,,,Carl.Ferdinand.Wong@dtaa.com,28642,0,
01/29/2010 13:19:35,CFW0264,PC-4711,Ivor.Amir.Tucker@dtaa.com,,,Carl.Ferdinand.Wong@dtaa.com,35810,0,
01/29/2010 13:56:42,CFW0264,PC-4711,Ingrid.Irene.Atkins@dtaa.com,,,Carl.Ferdinand.Wong@dtaa.com,23955,0,
01/29/2010 14:03:24,CFW0264,PC-4711,Shea.Jane.Franks@dtaa.com,,,Carl.Ferdinand.Wong@dtaa.com,31627,0,
01/29/2010 14:09:15,CFW0264,PC-4711,Vance.Ira.Alston@dtaa.com;Kendall.Thaddeus.Glover@dtaa.com;Ivor.Amir.Tucker@dtaa.com,Yang-Caleb@northropgrumman.com,,Carl.Ferdinand.Wong@dtaa.com,25536,0,
01/29/2010 14:17:49,CFW0264,PC-4711,Deborah.Victoria.Mcclure@dtaa.com;Kendall.Thaddeus.Glover@dtaa.com,Roth.Mannix.Simon@dtaa.com,,Carl.Ferdinand.Wong@dtaa.com,35938,0,
02/01/2010 08:06:52,CFW0264,PC-4711,Ivor_Tucker@earthlink.net,Lani.Beard@earthlink.net,,Carl-Wong@hotmail.com,23796,0,
02/01/2010 08:35:19,CFW0264,PC-4711,Ivor_Tucker@earthlink.net;Thaddeus_E_Martin@hotmail.com,Simon-Roth@charter.net;KTG771@optonline.net,,Carl-Wong@hotmail.com,10620,0,
02/01/2010 14:46:19,CFW0264,PC-4711,Ainsley.M.Doyle@hotmail.com,IIA3@sbcglobal.net,,Carl-Wong@hotmail.com,33847,0,
02/01/2010 14:50:28,CFW0264,PC-4711,Thaddeus_E_Martin@hotmail.com,,,Carl-Wong@hotmail.com,25674,0,
02/01/2010 14:57:49,CFW0264,PC-4711,Blair.D.Rogers@verizon.net,,,Carl-Wong@hotmail.com,17895,0,
02/01/2010 14:59:56,CFW0264,PC-4711,Simon-Roth@charter.net,,,Carl-Wong@hotmail.com,30125,0,
02/01/2010 15:00:56,CFW0264,PC-4711,Deborah-Mcclure@msn.com,,,Carl-Wong@hotmail.com,37531,0,
02/01/2010 15:02:02,CFW0264,PC-4711,Shea_J_Franks@earthlink.net;Deborah-Mcclure@msn.com;Ainsley.M.Doyle@hotmail.com,,,Carl-Wong@hotmail.com,41742,0,
02/01/2010 15:09:36,CFW0264,PC-4711,Ivor.Amir.Tucker@dtaa.com;Lani.Dai.Beard@dtaa.com;Shea.Jane.Franks@dtaa.com;Deborah.Victoria.Mcclure@dtaa.com;Thaddeus.Emery.Martin@dtaa.com,,,Carl.Ferdinand.Wong@dtaa.com,36581,0,
02/02/2010 10:35:51,CFW0264,PC-4711,Ainsley.M.Doyle@hotmail.com,,,Carl-Wong@hotmail.com,45930,0,
02/02/2010 10:36:34,CFW0264,PC-4711,Shea.Jane.Franks@dtaa.com;Alec.Mannix.Mcneil@dtaa.com;Roth.Mannix.Simon@dtaa.com,,,Carl.Ferdinand.Wong@dtaa.com,42093,0,
02/02/2010 10:36:37,CFW0264,PC-4711,Kendall.Thaddeus.Glover@dtaa.com;Aretha.Dorothy.Deleon@dtaa.com,Ainsley.MacKensie.Doyle@dtaa.com;Deborah.Victoria.Mcclure@dtaa.com,,Carl.Ferdinand.Wong@dtaa.com,15991,0,
02/02/2010 10:38:16,CFW0264,PC-4711,Hall.Colorado.Morin@dtaa.com,,,Carl.Ferdinand.Wong@dtaa.com,25238,0,
02/02/2010 10:39:25,CFW0264,PC-4711,Deborah-Mcclure@msn.com,,,Carl-Wong@hotmail.com,28768,0,
02/02/2010 10:42:53,CFW0264,PC-4711,Deborah.Victoria.Mcclure@dtaa.com;Kendall.Thaddeus.Glover@dtaa.com,,,Carl.Ferdinand.Wong@dtaa.com,27839,0,
02/02/2010 10:47:32,CFW0264,PC-4711,IIA3@sbcglobal.net,,,Carl-Wong@hotmail.com,32268,0,
02/02/2010 10:48:12,CFW0264,PC-4711,Deborah.Victoria.Mcclure@dtaa.com;Hector.Abraham.Hayes@dtaa.com,,,Carl.Ferdinand.Wong@dtaa.com,27050,0,
02/02/2010 10:50:29,CFW0264,PC-4711,Thaddeus_E_Martin@hotmail.com,,,Carl-Wong@hotmail.com,28888,0,
02/03/2010 10:33:12,CFW0264,PC-4711,Tiger.Tucker.Dawson@dtaa.com,,,Carl.Ferdinand.Wong@dtaa.com,34071,0,
02/03/2010 10:33:25,CFW0264,PC-4711,Lani.Dai.Beard@dtaa.com,,,Carl.Ferdinand.Wong@dtaa.com,14524,0,
02/03/2010 10:36:02,CFW0264,PC-4711,Ingrid.Irene.Atkins@dtaa.com,,,Carl.Ferdinand.Wong@dtaa.com,18093,0,
02/03/2010 10:37:24,CFW0264,PC-4711,Roth.Mannix.Simon@dtaa.com,Yang-Caleb@northropgrumman.com,,Carl.Ferdinand.Wong@dtaa.com,31774,0,
02/03/2010 10:46:52,CFW0264,PC-4711,Deborah.Victoria.Mcclure@dtaa.com,,,Carl.Ferdinand.Wong@dtaa.com,36257,0,
02/03/2010 11:07:11,CFW0264,PC-4711,Roth.Mannix.Simon@dtaa.com;Thaddeus.Emery.Martin@dtaa.com,,,Carl.Ferdinand.Wong@dtaa.com,20806,0,
02/03/2010 11:18:53,CFW0264,PC-4711,Hall.Colorado.Morin@dtaa.com,,,Carl.Ferdinand.Wong@dtaa.com,56650,0,
02/03/2010 11:33:02,CFW0264,PC-4711,Roth.Mannix.Simon@dtaa.com;Deborah.Victoria.Mcclure@dtaa.com,Timon.Jacob.Gay@dtaa.com,,Carl.Ferdinand.Wong@dtaa.com,27813,0,
02/03/2010 11:55:39,CFW0264,PC-4711,Roth.Mannix.Simon@dtaa.com;Kendall.Thaddeus.Glover@dtaa.com;Ainsley.MacKensie.Doyle@dtaa.com,Ingrid.Irene.Atkins@dtaa.com,,Carl.Ferdinand.Wong@dtaa.com,27295,0,
02/04/2010 08:06:59,CFW0264,PC-4711,Jerry.Tad.Mccall@dtaa.com,Shea.Jane.Franks@dtaa.com,,Carl.Ferdinand.Wong@dtaa.com,31345,0,
02/04/2010 08:49:26,CFW0264,PC-4711,Shea.Jane.Franks@dtaa.com,,,Carl.Ferdinand.Wong@dtaa.com,25001,0,
02/04/2010 09:00:47,CFW0264,PC-4711,Deborah-Mcclure@msn.com,,,Carl-Wong@hotmail.com,29097,0,
02/04/2010 09:01:04,CFW0264,PC-4711,Ingrid.Irene.Atkins@dtaa.com,,,Carl.Ferdinand.Wong@dtaa.com,31926,0,
02/04/2010 09:01:10,CFW0264,PC-4711,Thaddeus.Emery.Martin@dtaa.com;Ainsley.MacKensie.Doyle@dtaa.com;Ivor.Amir.Tucker@dtaa.com;Deborah.Victoria.Mcclure@dtaa.com,,,Carl.Ferdinand.Wong@dtaa.com,41029,0,
02/04/2010 09:01:17,CFW0264,PC-4711,Aurora_Hopkins@cox.net,,,Carl-Wong@hotmail.com,24238,0,
02/04/2010 09:01:19,CFW0264,PC-4711,Lani.Dai.Beard@dtaa.com;Ivor.Amir.Tucker@dtaa.com,Roth.Mannix.Simon@dtaa.com,,Carl.Ferdinand.Wong@dtaa.com,33613,0,
02/04/2010 09:01:28,CFW0264,PC-4711,Lani.Beard@earthlink.net,,,Carl-Wong@hotmail.com,18775,0,
02/04/2010 09:02:25,CFW0264,PC-4711,Thaddeus.Emery.Martin@dtaa.com,,,Carl.Ferdinand.Wong@dtaa.com,17265,0,
02/05/2010 10:28:42,CFW0264,PC-4711,Ingrid.Irene.Atkins@dtaa.com;Hall.Colorado.Morin@dtaa.com;Ivor.Amir.Tucker@dtaa.com,Ainsley.MacKensie.Doyle@dtaa.com;Shea.Jane.Franks@dtaa.com,,Carl.Ferdinand.Wong@dtaa.com,32439,0,
02/05/2010 10:29:13,CFW0264,PC-4711,Ainsley.MacKensie.Doyle@dtaa.com,,,Carl.Ferdinand.Wong@dtaa.com,24397,0,
02/05/2010 10:35:02,CFW0264,PC-4711,Thaddeus.Emery.Martin@dtaa.com;Kendall.Thaddeus.Glover@dtaa.com,Ivor.Amir.Tucker@dtaa.com,,Carl.Ferdinand.Wong@dtaa.com,38222,0,
02/05/2010 10:40:05,CFW0264,PC-4711,Deborah.Victoria.Mcclure@dtaa.com;Thaddeus.Emery.Martin@dtaa.com;Shea.Jane.Franks@dtaa.com,,,Carl.Ferdinand.Wong@dtaa.com,29186,0,
02/05/2010 10:42:25,CFW0264,PC-4711,Ivor.Amir.Tucker@dtaa.com,,,Carl.Ferdinand.Wong@dtaa.com,31816,0,
02/05/2010 10:42:41,CFW0264,PC-4711,Rose.Hanae.Yates@dtaa.com;Reed.Chaim.Perkins@dtaa.com,Ingrid.Irene.Atkins@dtaa.com,,Carl.Ferdinand.Wong@dtaa.com,79688,0,
02/05/2010 14:44:16,CFW0264,PC-4711,Shea.Jane.Franks@dtaa.com,,,Carl.Ferdinand.Wong@dtaa.com,32425,0,
02/05/2010 15:09:56,CFW0264,PC-4711,Hall.Colorado.Morin@dtaa.com;Thaddeus.Emery.Martin@dtaa.com,Shea.Jane.Franks@dtaa.com,,Carl.Ferdinand.Wong@dtaa.com,20010,0,
02/08/2010 08:28:37,CFW0264,PC-4711,Kendall.Thaddeus.Glover@dtaa.com,Hall.Colorado.Morin@dtaa.com,,Carl.Ferdinand.Wong@dtaa.com,32785,0,
02/08/2010 08:28:49,CFW0264,PC-4711,Shea.Jane.Franks@dtaa.com;Ingrid.Irene.Atkins@dtaa.com;Ivor.Amir.Tucker@dtaa.com;Hall.Colorado.Morin@dtaa.com,,,Carl.Ferdinand.Wong@dtaa.com,24763,0,
02/08/2010 08:31:41,CFW0264,PC-4711,Prescott.Laith.Harding@dtaa.com;Amaya.Noelle.Terrell@dtaa.com,Thaddeus.Emery.Martin@dtaa.com;Ivor.Amir.Tucker@dtaa.com,,Carl.Ferdinand.Wong@dtaa.com,36148,0,
02/08/2010 10:45:20,CFW0264,PC-4711,Shea.Jane.Franks@dtaa.com,,,Carl.Ferdinand.Wong@dtaa.com,35915,0,
02/08/2010 11:14:15,CFW0264,PC-4711,Deborah.Victoria.Mcclure@dtaa.com;Shea.Jane.Franks@dtaa.com,,,Carl.Ferdinand.Wong@dtaa.com,17982,0,
02/08/2010 14:17:33,CFW0264,PC-4711,Thaddeus.Emery.Martin@dtaa.com,,,Carl.Ferdinand.Wong@dtaa.com,36371,0,
02/08/2010 14:45:00,CFW0264,PC-4711,Yang-Caleb@netzero.com,,,Carl-Wong@hotmail.com,49599,0,
02/08/2010 14:45:30,CFW0264,PC-4711,AKH43@comcast.net,,,Carl-Wong@hotmail.com,24222,0,
02/08/2010 14:52:12,CFW0264,PC-4711,HCM9@earthlink.net;Thaddeus_E_Martin@hotmail.com,Simon-Roth@charter.net;Ainsley.M.Doyle@hotmail.com,,Carl-Wong@hotmail.com,31706,0,
02/09/2010 07:32:29,CFW0264,PC-4711,Ingrid.Irene.Atkins@dtaa.com,,,Carl.Ferdinand.Wong@dtaa.com,34329,0,
02/09/2010 08:13:16,CFW0264,PC-4711,Ingrid.Irene.Atkins@dtaa.com;Ivor.Amir.Tucker@dtaa.com,Kendall.Thaddeus.Glover@dtaa.com,,Carl.Ferdinand.Wong@dtaa.com,28733,0,
02/09/2010 08:36:10,CFW0264,PC-4711,KTG771@optonline.net;Lani.Beard@earthlink.net;Simon-Roth@charter.net,Ivor_Tucker@earthlink.net;Thaddeus_E_Martin@hotmail.com,,Carl-Wong@hotmail.com,36513,0,
02/09/2010 11:55:55,CFW0264,PC-4711,Simon-Roth@charter.net;Luke.J.Talley@gmail.com,,,Carl-Wong@hotmail.com,33056,0,
02/09/2010 13:52:01,CFW0264,PC-4711,Thaddeus_E_Martin@hotmail.com;Lani.Beard@earthlink.net;Shea_J_Franks@earthlink.net;Deborah-Mcclure@msn.com,,,Carl-Wong@hotmail.com,23910,0,
02/09/2010 14:57:45,CFW0264,PC-4711,Shea.Jane.Franks@dtaa.com,Thaddeus.Emery.Martin@dtaa.com,,Carl.Ferdinand.Wong@dtaa.com,33223,0,
02/09/2010 15:23:38,CFW0264,PC-4711,Lani.Dai.Beard@dtaa.com;Dudley_Amos@hp.com,Roth.Mannix.Simon@dtaa.com,,Carl.Ferdinand.Wong@dtaa.com,34725,0,
02/09/2010 15:23:54,CFW0264,PC-4711,KTG771@optonline.net,Lani.Beard@earthlink.net,,Carl-Wong@hotmail.com,16995,0,
02/09/2010 15:28:01,CFW0264,PC-4711,Lani.Dai.Beard@dtaa.com;Thaddeus.Emery.Martin@dtaa.com,Ingrid.Irene.Atkins@dtaa.com,,Carl.Ferdinand.Wong@dtaa.com,29119,0,
02/10/2010 09:49:43,CFW0264,PC-4711,Shea.Jane.Franks@dtaa.com;Thaddeus.Emery.Martin@dtaa.com;Ingrid.Irene.Atkins@dtaa.com,Roth.Mannix.Simon@dtaa.com,,Carl.Ferdinand.Wong@dtaa.com,20369,0,
02/10/2010 09:52:51,CFW0264,PC-4711,Deborah.Victoria.Mcclure@dtaa.com,,,Carl.Ferdinand.Wong@dtaa.com,46980,0,
02/10/2010 09:55:17,CFW0264,PC-4711,Hall.Colorado.Morin@dtaa.com,,,Carl.Ferdinand.Wong@dtaa.com,22392,0,
02/10/2010 10:09:59,CFW0264,PC-4711,Kendall.Thaddeus.Glover@dtaa.com;Roth.Mannix.Simon@dtaa.com;Hall.Colorado.Morin@dtaa.com;Thaddeus.Emery.Martin@dtaa.com,,,Carl.Ferdinand.Wong@dtaa.com,28362,0,
02/10/2010 10:10:36,CFW0264,PC-4711,Ingrid.Irene.Atkins@dtaa.com,,,Carl.Ferdinand.Wong@dtaa.com,19393,0,
02/10/2010 10:19:58,CFW0264,PC-4711,Ingrid.Irene.Atkins@dtaa.com,,,Carl.Ferdinand.Wong@dtaa.com,26738,0,
02/10/2010 10:27:14,CFW0264,PC-4711,Ainsley.MacKensie.Doyle@dtaa.com,,,Carl.Ferdinand.Wong@dtaa.com,59992,0,
02/10/2010 10:30:04,CFW0264,PC-4711,Shea_J_Franks@earthlink.net,,,Carl-Wong@hotmail.com,44021,0,
02/10/2010 11:33:29,CFW0264,PC-4711,IIA3@sbcglobal.net,,,Carl-Wong@hotmail.com,20518,0,
02/11/2010 08:16:31,CFW0264,PC-4711,Kendall.Thaddeus.Glover@dtaa.com,,,Carl.Ferdinand.Wong@dtaa.com,14984,0,
02/11/2010 08:34:02,CFW0264,PC-4711,Kendall.Thaddeus.Glover@dtaa.com,,,Carl.Ferdinand.Wong@dtaa.com,21076,0,
02/11/2010 08:41:14,CFW0264,PC-4711,Lani.Dai.Beard@dtaa.com,,,Carl.Ferdinand.Wong@dtaa.com,15741,0,
02/11/2010 08:42:26,CFW0264,PC-4711,Ivor.Amir.Tucker@dtaa.com,,,Carl.Ferdinand.Wong@dtaa.com,24143,0,
02/11/2010 08:58:06,CFW0264,PC-4711,Ainsley.MacKensie.Doyle@dtaa.com;Kendall.Thaddeus.Glover@dtaa.com;Ingrid.Irene.Atkins@dtaa.com,Hashim.Damon.Dudley@dtaa.com,,Carl.Ferdinand.Wong@dtaa.com,24958,0,
02/11/2010 09:09:43,CFW0264,PC-4711,Ainsley.MacKensie.Doyle@dtaa.com;Yang-Caleb@northropgrumman.com;AKH17@hp.com,,,Carl.Ferdinand.Wong@dtaa.com,10881,0,
02/11/2010 09:42:29,CFW0264,PC-4711,Jonah.Merritt.Wilder@dtaa.com,,,Carl.Ferdinand.Wong@dtaa.com,30967,0,
02/12/2010 08:35:59,CFW0264,PC-4711,Shea_J_Franks@earthlink.net,,,Carl-Wong@hotmail.com,20402,0,
02/12/2010 08:48:26,CFW0264,PC-4711,Lani.Beard@earthlink.net,,,Carl-Wong@hotmail.com,22011,0,
02/12/2010 08:52:20,CFW0264,PC-4711,Ivor.Amir.Tucker@dtaa.com;Lani.Dai.Beard@dtaa.com,,,Carl.Ferdinand.Wong@dtaa.com,20106,0,
02/12/2010 09:05:35,CFW0264,PC-4711,Parker-Kennedy@charter.net;Ainsley.M.Doyle@hotmail.com;Ivor_Tucker@earthlink.net,IIA3@sbcglobal.net,,Carl-Wong@hotmail.com,31470,0,
02/12/2010 10:40:13,CFW0264,PC-4711,Shea_J_Franks@earthlink.net,,,Carl-Wong@hotmail.com,17808,0,
02/12/2010 10:47:32,CFW0264,PC-4711,Velez-Alden@earthlink.net;Thaddeus_E_Martin@hotmail.com,,,Carl-Wong@hotmail.com,16654,0,
02/12/2010 11:02:46,CFW0264,PC-4711,IIA3@sbcglobal.net;KTG771@optonline.net;Wilkinson-Lavinia@netzero.com;Yang-Caleb@netzero.com,,,Carl-Wong@hotmail.com,24306,0,
02/12/2010 11:43:20,CFW0264,PC-4711,Le-Damian@msn.com,,,Carl-Wong@hotmail.com,21325,0,
02/12/2010 12:15:06,CFW0264,PC-4711,Nina.Camille.Hodges@dtaa.com,,,Carl.Ferdinand.Wong@dtaa.com,30504,0,
02/15/2010 07:47:56,CFW0264,PC-4711,Thaddeus.Emery.Martin@dtaa.com,Lani.Dai.Beard@dtaa.com;Ainsley.MacKensie.Doyle@dtaa.com,,Carl.Ferdinand.Wong@dtaa.com,49359,0,
02/15/2010 08:25:55,CFW0264,PC-4711,Patricia.Denise.Wright@dtaa.com,,,Carl.Ferdinand.Wong@dtaa.com,22076,0,
02/15/2010 08:50:17,CFW0264,PC-4711,Wang.Dean.Vasquez@dtaa.com;Hall.Colorado.Morin@dtaa.com;Renee.Ivana.Hayden@dtaa.com,,,Carl.Ferdinand.Wong@dtaa.com,42480,0,
02/15/2010 08:56:06,CFW0264,PC-4711,Florence.Gloria.Whitney@dtaa.com;Thaddeus.Emery.Martin@dtaa.com;Ivor.Amir.Tucker@dtaa.com,Lani.Dai.Beard@dtaa.com;Yang-Caleb@northropgrumman.com,,Carl.Ferdinand.Wong@dtaa.com,33216,0,
02/15/2010 11:23:54,CFW0264,PC-4711,Cora_Higgins@earthlink.net,Ivor_Tucker@earthlink.net,,Carl-Wong@hotmail.com,28294,0,
02/15/2010 11:34:10,CFW0264,PC-4711,Deborah-Mcclure@msn.com;Yang-Caleb@netzero.com,,,Carl-Wong@hotmail.com,32154,0,
02/15/2010 11:40:03,CFW0264,PC-4711,Simon-Roth@charter.net;Serina_Chavez@gmail.com;Ainsley.M.Doyle@hotmail.com;IIA3@sbcglobal.net,,,Carl-Wong@hotmail.com,14364,0,
02/16/2010 07:37:32,CFW0264,PC-4711,LBC5688@optonline.net,,,Carl-Wong@hotmail.com,29770,0,
02/16/2010 07:37:34,CFW0264,PC-4711,Lani.Beard@earthlink.net,,,Carl-Wong@hotmail.com,31580,0,
02/16/2010 07:37:49,CFW0264,PC-4711,Simon-Roth@charter.net,Shea_J_Franks@earthlink.net,,Carl-Wong@hotmail.com,41395,0,
02/16/2010 07:39:12,CFW0264,PC-4711,Ira.Brendan.Ball@dtaa.com;Ivor.Amir.Tucker@dtaa.com,Hall.Colorado.Morin@dtaa.com,,Carl.Ferdinand.Wong@dtaa.com,28090,0,
02/16/2010 07:40:29,CFW0264,PC-4711,KTG771@optonline.net,,,Carl-Wong@hotmail.com,23177,0,
02/16/2010 08:18:05,CFW0264,PC-4711,Ainsley.MacKensie.Doyle@dtaa.com;Deborah.Victoria.Mcclure@dtaa.com,,,Carl.Ferdinand.Wong@dtaa.com,20862,0,
02/16/2010 13:02:31,CFW0264,PC-4711,Evelyn.Reilly@juno.com;Chastity.Q.Wilkerson@gmail.com,,,Carl-Wong@hotmail.com,28990,0,
02/16/2010 13:47:29,CFW0264,PC-4711,Hall.Colorado.Morin@dtaa.com,,,Carl.Ferdinand.Wong@dtaa.com,36479,0,
02/16/2010 14:04:37,CFW0264,PC-4711,Deborah.Victoria.Mcclure@dtaa.com,Lani.Dai.Beard@dtaa.com,,Carl.Ferdinand.Wong@dtaa.com,26763,0,
02/17/2010 09:42:13,CFW0264,PC-4711,Ainsley.MacKensie.Doyle@dtaa.com,,,Carl.Ferdinand.Wong@dtaa.com,41855,0,
02/17/2010 09:44:46,CFW0264,PC-4711,IIA3@sbcglobal.net,,,Carl-Wong@hotmail.com,42269,0,
02/17/2010 09:55:23,CFW0264,PC-4711,Lani.Dai.Beard@dtaa.com,,,Carl.Ferdinand.Wong@dtaa.com,21003,0,
02/17/2010 10:02:03,CFW0264,PC-4711,Kendall.Thaddeus.Glover@dtaa.com,,,Carl.Ferdinand.Wong@dtaa.com,25162,0,
02/17/2010 10:22:37,CFW0264,PC-4711,Ramona.Alma.Moses@dtaa.com,,,Carl.Ferdinand.Wong@dtaa.com,45753,0,
02/17/2010 10:23:33,CFW0264,PC-4711,Lani.Dai.Beard@dtaa.com;Ingrid.Irene.Atkins@dtaa.com;Ainsley.MacKensie.Doyle@dtaa.com;Kendall.Thaddeus.Glover@dtaa.com,Deborah.Victoria.Mcclure@dtaa.com,,Carl.Ferdinand.Wong@dtaa.com,22791,0,
02/18/2010 13:07:40,CFW0264,PC-4711,Alfonso.G.Blankenship@juno.com;KTG771@optonline.net,,,Carl-Wong@hotmail.com,17700,0,
02/18/2010 13:29:36,CFW0264,PC-4711,KTG771@optonline.net;Simon-Roth@charter.net;Ivor_Tucker@earthlink.net;Shea_J_Franks@earthlink.net,Lani.Beard@earthlink.net,,Carl-Wong@hotmail.com,35728,0,
02/18/2010 13:30:21,CFW0264,PC-4711,Ainsley.M.Doyle@hotmail.com,,,Carl-Wong@hotmail.com,17640,0,
02/18/2010 15:23:06,CFW0264,PC-4711,Ivor.Amir.Tucker@dtaa.com,,,Carl.Ferdinand.Wong@dtaa.com,40406,0,
02/18/2010 15:24:35,CFW0264,PC-4711,Ainsley.M.Doyle@hotmail.com,,,Carl-Wong@hotmail.com,19572,0,
02/18/2010 15:24:45,CFW0264,PC-4711,Lani.Beard@earthlink.net,,,Carl-Wong@hotmail.com,21959,0,
02/18/2010 15:24:52,CFW0264,PC-4711,HCM9@earthlink.net;AKH43@comcast.net,,,Carl-Wong@hotmail.com,40621,0,
02/18/2010 15:25:51,CFW0264,PC-4711,KKC4148@comcast.net;IIA3@sbcglobal.net;Desiree_C_Church@charter.net,,,Carl-Wong@hotmail.com,26485,0,
02/18/2010 15:26:38,CFW0264,PC-4711,HCM9@earthlink.net,,,Carl-Wong@hotmail.com,29988,0,
02/19/2010 07:20:02,CFW0264,PC-4711,Thaddeus_E_Martin@hotmail.com,,,Carl-Wong@hotmail.com,35253,0,
02/19/2010 07:20:14,CFW0264,PC-4711,HCM9@earthlink.net;Shea_J_Franks@earthlink.net,JRG662@comcast.net,,Carl-Wong@hotmail.com,26314,0,
02/19/2010 07:20:22,CFW0264,PC-4711,Lani.Beard@earthlink.net;Thaddeus_E_Martin@hotmail.com;IIA3@sbcglobal.net;Shea_J_Franks@earthlink.net,Ainsley.M.Doyle@hotmail.com,,Carl-Wong@hotmail.com,20638,0,
02/19/2010 07:20:49,CFW0264,PC-4711,Deborah.Victoria.Mcclure@dtaa.com,,,Carl.Ferdinand.Wong@dtaa.com,19764,0,
02/19/2010 07:53:17,CFW0264,PC-4711,AKH43@comcast.net,,,Carl-Wong@hotmail.com,21493,0,
02/19/2010 08:08:00,CFW0264,PC-4711,Thaddeus.Emery.Martin@dtaa.com;Kendall.Thaddeus.Glover@dtaa.com,,,Carl.Ferdinand.Wong@dtaa.com,21517,0,
02/19/2010 08:14:52,CFW0264,PC-4711,Galena.D.Francis@hotmail.com,,,Carl-Wong@hotmail.com,31453,0,
02/19/2010 09:51:12,CFW0264,PC-4711,AMV28@comcast.net;Ainsley.M.Doyle@hotmail.com;AKH43@comcast.net,,,Carl-Wong@hotmail.com,26012,0,
02/19/2010 10:22:02,CFW0264,PC-4711,Simon-Roth@charter.net,,,Carl-Wong@hotmail.com,31722,0,
02/22/2010 10:18:11,CFW0264,PC-4711,Thaddeus_E_Martin@hotmail.com;Lani.Beard@earthlink.net;IIA3@sbcglobal.net;AKH43@comcast.net,,,Carl-Wong@hotmail.com,43539,0,
02/22/2010 10:18:27,CFW0264,PC-4711,Ainsley.M.Doyle@hotmail.com;IIA3@sbcglobal.net;Simon-Roth@charter.net,,,Carl-Wong@hotmail.com,20878,0,
02/22/2010 10:18:54,CFW0264,PC-4711,Deborah-Mcclure@msn.com;Ivor_Tucker@earthlink.net,,,Carl-Wong@hotmail.com,16424,0,
02/22/2010 10:19:15,CFW0264,PC-4711,HCM9@earthlink.net,Deborah-Mcclure@msn.com;Simon-Roth@charter.net,,Carl-Wong@hotmail.com,22833,0,
02/22/2010 10:19:50,CFW0264,PC-4711,AKH43@comcast.net,,,Carl-Wong@hotmail.com,27723,0,
02/22/2010 10:22:31,CFW0264,PC-4711,Thaddeus_E_Martin@hotmail.com;AKH43@comcast.net,,,Carl-Wong@hotmail.com,29142,0,
02/22/2010 10:23:42,CFW0264,PC-4711,Tyler.Eden.Talley@dtaa.com,Ainsley.MacKensie.Doyle@dtaa.com;Hall.Colorado.Morin@dtaa.com,,Carl.Ferdinand.Wong@dtaa.com,42066,0,
02/22/2010 10:27:26,CFW0264,PC-4711,Shea_J_Franks@earthlink.net;KTG771@optonline.net;Ivor_Tucker@earthlink.net;Ainsley.M.Doyle@hotmail.com,,,Carl-Wong@hotmail.com,22378,0,
02/22/2010 10:27:47,CFW0264,PC-4711,Ainsley.MacKensie.Doyle@dtaa.com;AKH17@hp.com,,,Carl.Ferdinand.Wong@dtaa.com,33500,0,
02/23/2010 07:24:29,CFW0264,PC-4711,Mohammad.Vladimir.Farrell@dtaa.com;Roth.Mannix.Simon@dtaa.com,,,Carl.Ferdinand.Wong@dtaa.com,35553,0,
02/23/2010 07:51:50,CFW0264,PC-4711,Shea.Jane.Franks@dtaa.com;Lani.Dai.Beard@dtaa.com,,,Carl.Ferdinand.Wong@dtaa.com,27557,0,
02/23/2010 08:02:42,CFW0264,PC-4711,Ivor.Amir.Tucker@dtaa.com,,,Carl.Ferdinand.Wong@dtaa.com,38220,0,
02/23/2010 08:29:01,CFW0264,PC-4711,Deborah.Victoria.Mcclure@dtaa.com,,,Carl.Ferdinand.Wong@dtaa.com,34279,0,
02/23/2010 08:42:47,CFW0264,PC-4711,Ivor.Amir.Tucker@dtaa.com,,,Carl.Ferdinand.Wong@dtaa.com,20775,0,
02/23/2010 08:57:13,CFW0264,PC-4711,Hall.Colorado.Morin@dtaa.com;Shea.Jane.Franks@dtaa.com,,,Carl.Ferdinand.Wong@dtaa.com,37194,0,
02/23/2010 09:11:44,CFW0264,PC-4711,Ivor.Amir.Tucker@dtaa.com,,,Carl.Ferdinand.Wong@dtaa.com,26227,0,
02/23/2010 13:55:28,CFW0264,PC-4711,Shea_J_Franks@earthlink.net,,,Carl-Wong@hotmail.com,24812,0,
02/23/2010 13:56:05,CFW0264,PC-4711,IIA3@sbcglobal.net,,,Carl-Wong@hotmail.com,20880,0,
02/24/2010 08:13:59,CFW0264,PC-4711,Roth.Mannix.Simon@dtaa.com,,,Carl.Ferdinand.Wong@dtaa.com,36775,0,
02/24/2010 15:19:01,CFW0264,PC-4711,Fallon_H_Shelton@charter.net,,,Carl-Wong@hotmail.com,22717,0,
02/24/2010 15:19:11,CFW0264,PC-4711,Lani.Beard@earthlink.net,,,Carl-Wong@hotmail.com,16532,0,
02/24/2010 15:19:58,CFW0264,PC-4711,Deborah-Mcclure@msn.com,,,Carl-Wong@hotmail.com,22832,0,
02/24/2010 15:20:19,CFW0264,PC-4711,Ainsley.M.Doyle@hotmail.com,,,Carl-Wong@hotmail.com,34381,0,
02/24/2010 15:20:41,CFW0264,PC-4711,Thaddeus_E_Martin@hotmail.com;WKD6365@netzero.com;Lani.Beard@earthlink.net,,,Carl-Wong@hotmail.com,46512,0,
02/24/2010 15:21:48,CFW0264,PC-4711,Shea_J_Franks@earthlink.net;Ainsley.M.Doyle@hotmail.com,,,Carl-Wong@hotmail.com,33155,0,
02/24/2010 15:22:04,CFW0264,PC-4711,KTG771@optonline.net;Shea_J_Franks@earthlink.net,,,Carl-Wong@hotmail.com,34837,0,
02/24/2010 15:22:58,CFW0264,PC-4711,KTG771@optonline.net,,,Carl-Wong@hotmail.com,54358,0,
02/25/2010 08:24:32,CFW0264,PC-4711,IIA3@sbcglobal.net;Deborah-Mcclure@msn.com;AKH43@comcast.net,Wanda_S_Rogers@earthlink.net,,Carl-Wong@hotmail.com,31114,0,
02/25/2010 09:24:53,CFW0264,PC-4711,Ivor_Tucker@earthlink.net,,,Carl-Wong@hotmail.com,22406,0,
02/25/2010 15:25:24,CFW0264,PC-4711,Ivor.Amir.Tucker@dtaa.com;Deborah.Victoria.Mcclure@dtaa.com;Ingrid.Irene.Atkins@dtaa.com,Shea.Jane.Franks@dtaa.com,,Carl.Ferdinand.Wong@dtaa.com,16275,0,
02/25/2010 15:26:16,CFW0264,PC-4711,Halla.Cathleen.Simmons@dtaa.com;Lani.Dai.Beard@dtaa.com;Roth.Mannix.Simon@dtaa.com,Ainsley.MacKensie.Doyle@dtaa.com,,Carl.Ferdinand.Wong@dtaa.com,44297,0,
02/25/2010 15:26:17,CFW0264,PC-4711,Yang-Caleb@netzero.com,,,Carl-Wong@hotmail.com,37122,0,
02/25/2010 15:26:29,CFW0264,PC-4711,Ivor.Amir.Tucker@dtaa.com;Thaddeus.Emery.Martin@dtaa.com;Deborah.Victoria.Mcclure@dtaa.com,Lani.Dai.Beard@dtaa.com,,Carl.Ferdinand.Wong@dtaa.com,16761,0,
02/25/2010 15:26:56,CFW0264,PC-4711,Irene.Jemima.Meyers@dtaa.com,,,Carl.Ferdinand.Wong@dtaa.com,21712,0,
02/25/2010 15:27:40,CFW0264,PC-4711,Kendall.Thaddeus.Glover@dtaa.com,,,Carl.Ferdinand.Wong@dtaa.com,45503,0,
02/25/2010 15:27:57,CFW0264,PC-4711,Ingrid.Irene.Atkins@dtaa.com,,,Carl.Ferdinand.Wong@dtaa.com,42007,0,
02/26/2010 11:12:59,CFW0264,PC-4711,Thaddeus.Emery.Martin@dtaa.com,Ivor.Amir.Tucker@dtaa.com;Axel.Malik.Rosa@dtaa.com,,Carl.Ferdinand.Wong@dtaa.com,20602,0,
02/26/2010 13:17:27,CFW0264,PC-4711,KTG771@optonline.net,,,Carl-Wong@hotmail.com,30346,0,
02/26/2010 13:56:58,CFW0264,PC-4711,KTG771@optonline.net;IIA3@sbcglobal.net;Ainsley.M.Doyle@hotmail.com;Shea_J_Franks@earthlink.net,,,Carl-Wong@hotmail.com,35045,0,
02/26/2010 13:57:43,CFW0264,PC-4711,Roth.Mannix.Simon@dtaa.com,,,Carl.Ferdinand.Wong@dtaa.com,37708,0,
02/26/2010 13:58:13,CFW0264,PC-4711,Ivor_Tucker@earthlink.net;Deborah-Mcclure@msn.com,,,Carl-Wong@hotmail.com,59039,0,
02/26/2010 14:03:14,CFW0264,PC-4711,Hoover_Morgan@cox.net;Ainsley.M.Doyle@hotmail.com,Lani.Beard@earthlink.net;Deborah-Mcclure@msn.com;Thaddeus_E_Martin@hotmail.com,,Carl-Wong@hotmail.com,27346,0,
02/26/2010 15:17:17,CFW0264,PC-4711,Ingrid.Irene.Atkins@dtaa.com;Anthony.Aidan.Nixon@dtaa.com;Shea.Jane.Franks@dtaa.com,Yang-Caleb@northropgrumman.com,,Carl.Ferdinand.Wong@dtaa.com,32636,0,
02/26/2010 15:17:39,CFW0264,PC-4711,Ingrid.Irene.Atkins@dtaa.com;Ivor.Amir.Tucker@dtaa.com;Roth.Mannix.Simon@dtaa.com;Shea.Jane.Franks@dtaa.com,Thaddeus.Emery.Martin@dtaa.com,,Carl.Ferdinand.Wong@dtaa.com,31590,0,
02/26/2010 15:20:32,CFW0264,PC-4711,KTG771@optonline.net,,,Carl-Wong@hotmail.com,31658,0,
03/01/2010 14:06:27,CFW0264,PC-4711,Roth.Mannix.Simon@dtaa.com;Shea.Jane.Franks@dtaa.com,,,Carl.Ferdinand.Wong@dtaa.com,26752,0,
03/01/2010 14:24:14,CFW0264,PC-4711,Vivian.Sarah.Arnold@dtaa.com,,,Carl.Ferdinand.Wong@dtaa.com,28882,0,
03/01/2010 14:34:15,CFW0264,PC-4711,Ingrid.Irene.Atkins@dtaa.com,,,Carl.Ferdinand.Wong@dtaa.com,27723,0,
03/01/2010 14:37:32,CFW0264,PC-4711,Lani.Dai.Beard@dtaa.com;Hall.Colorado.Morin@dtaa.com;Roth.Mannix.Simon@dtaa.com,,,Carl.Ferdinand.Wong@dtaa.com,33644,0,
03/01/2010 14:39:37,CFW0264,PC-4711,Hall.Colorado.Morin@dtaa.com,,,Carl.Ferdinand.Wong@dtaa.com,24388,0,
03/01/2010 14:49:12,CFW0264,PC-4711,Thaddeus.Emery.Martin@dtaa.com,,,Carl.Ferdinand.Wong@dtaa.com,25762,0,
03/01/2010 15:30:09,CFW0264,PC-4711,Thaddeus_E_Martin@hotmail.com,,,Carl-Wong@hotmail.com,15135,0,
03/01/2010 15:30:58,CFW0264,PC-4711,Ainsley.MacKensie.Doyle@dtaa.com,,,Carl.Ferdinand.Wong@dtaa.com,38151,0,
03/01/2010 15:33:02,CFW0264,PC-4711,Ingrid.Irene.Atkins@dtaa.com,,,Carl.Ferdinand.Wong@dtaa.com,25572,0,
03/02/2010 07:53:02,CFW0264,PC-4711,Ingrid.Irene.Atkins@dtaa.com,,,Carl.Ferdinand.Wong@dtaa.com,38505,0,
03/02/2010 08:05:11,CFW0264,PC-4711,Roth.Mannix.Simon@dtaa.com;AKH17@hp.com,Yang-Caleb@northropgrumman.com,,Carl.Ferdinand.Wong@dtaa.com,23110,0,
03/02/2010 08:11:46,CFW0264,PC-4711,Roth.Mannix.Simon@dtaa.com;Ingrid.Irene.Atkins@dtaa.com;Shea.Jane.Franks@dtaa.com;Yang-Caleb@northropgrumman.com,Ivor.Amir.Tucker@dtaa.com,,Carl.Ferdinand.Wong@dtaa.com,27477,0,
03/02/2010 08:17:13,CFW0264,PC-4711,Roth.Mannix.Simon@dtaa.com;Ivor.Amir.Tucker@dtaa.com,,,Carl.Ferdinand.Wong@dtaa.com,37680,0,
03/02/2010 09:14:51,CFW0264,PC-4711,Blaze.Trevor.Stone@dtaa.com;Ivor.Amir.Tucker@dtaa.com;Kendall.Thaddeus.Glover@dtaa.com,,,Carl.Ferdinand.Wong@dtaa.com,29760,0,
03/02/2010 11:07:08,CFW0264,PC-4711,IIA3@sbcglobal.net;Ainsley.M.Doyle@hotmail.com;KTG771@optonline.net,,,Carl-Wong@hotmail.com,20892,0,
03/02/2010 13:39:59,CFW0264,PC-4711,Roth.Mannix.Simon@dtaa.com;Ainsley.MacKensie.Doyle@dtaa.com;Shea.Jane.Franks@dtaa.com;Thaddeus.Emery.Martin@dtaa.com,Ingrid.Irene.Atkins@dtaa.com,,Carl.Ferdinand.Wong@dtaa.com,11620,0,
03/02/2010 13:53:47,CFW0264,PC-4711,Lani.Dai.Beard@dtaa.com;AKH17@hp.com,Shea.Jane.Franks@dtaa.com,,Carl.Ferdinand.Wong@dtaa.com,33220,0,
03/02/2010 14:16:26,CFW0264,PC-4711,Simon-Roth@charter.net,,,Carl-Wong@hotmail.com,40651,0,
03/03/2010 13:02:03,CFW0264,PC-4711,Deborah.Victoria.Mcclure@dtaa.com,,,Carl.Ferdinand.Wong@dtaa.com,52750,0,
03/03/2010 13:17:08,CFW0264,PC-4711,OCE295@verizon.net,,,Carl-Wong@hotmail.com,105739,0,
03/03/2010 13:27:44,CFW0264,PC-4711,Kendall.Thaddeus.Glover@dtaa.com,,,Carl.Ferdinand.Wong@dtaa.com,24899,0,
03/03/2010 13:41:53,CFW0264,PC-4711,Ivor.Amir.Tucker@dtaa.com,Shea.Jane.Franks@dtaa.com,,Carl.Ferdinand.Wong@dtaa.com,23375,0,
03/03/2010 13:51:28,CFW0264,PC-4711,Ingrid.Irene.Atkins@dtaa.com,,,Carl.Ferdinand.Wong@dtaa.com,20775,0,
03/03/2010 14:12:37,CFW0264,PC-4711,Lani.Dai.Beard@dtaa.com;Armand.Odysseus.Key@dtaa.com,Kendall.Thaddeus.Glover@dtaa.com,,Carl.Ferdinand.Wong@dtaa.com,51014,0,
03/03/2010 14:39:10,CFW0264,PC-4711,Thaddeus.Emery.Martin@dtaa.com;Lani.Dai.Beard@dtaa.com,,,Carl.Ferdinand.Wong@dtaa.com,37436,0,
03/03/2010 14:42:34,CFW0264,PC-4711,Ainsley.MacKensie.Doyle@dtaa.com,,,Carl.Ferdinand.Wong@dtaa.com,39186,0,
03/03/2010 14:43:09,CFW0264,PC-4711,Shea.Jane.Franks@dtaa.com;Gwendolyn.Amaya.Ferrell@dtaa.com;Roth.Mannix.Simon@dtaa.com;Ingrid.Irene.Atkins@dtaa.com,,,Carl.Ferdinand.Wong@dtaa.com,43357,0,
03/04/2010 09:59:16,CFW0264,PC-4711,Roth.Mannix.Simon@dtaa.com;Deborah.Victoria.Mcclure@dtaa.com;Lani.Dai.Beard@dtaa.com,,,Carl.Ferdinand.Wong@dtaa.com,29966,0,
03/04/2010 09:59:19,CFW0264,PC-4711,Deborah.Victoria.Mcclure@dtaa.com,,,Carl.Ferdinand.Wong@dtaa.com,21166,0,
03/04/2010 10:01:02,CFW0264,PC-4711,Kendall.Thaddeus.Glover@dtaa.com;Deborah.Victoria.Mcclure@dtaa.com;Hall.Colorado.Morin@dtaa.com;Lani.Dai.Beard@dtaa.com,,,Carl.Ferdinand.Wong@dtaa.com,19631,0,
03/04/2010 10:19:54,CFW0264,PC-4711,Kendall.Thaddeus.Glover@dtaa.com;Maya.B.Martinez@harris.com,Ainsley.MacKensie.Doyle@dtaa.com,,Carl.Ferdinand.Wong@dtaa.com,27878,0,
03/04/2010 13:58:45,CFW0264,PC-4711,HCM9@earthlink.net,,,Carl-Wong@hotmail.com,26458,0,
03/04/2010 14:01:58,CFW0264,PC-4711,Ainsley.MacKensie.Doyle@dtaa.com,,,Carl.Ferdinand.Wong@dtaa.com,36752,0,
03/04/2010 14:28:41,CFW0264,PC-4711,Shea_J_Franks@earthlink.net;AKH43@comcast.net,,,Carl-Wong@hotmail.com,34141,0,
03/04/2010 14:34:52,CFW0264,PC-4711,Hall.Colorado.Morin@dtaa.com,,,Carl.Ferdinand.Wong@dtaa.com,26123,0,
03/04/2010 14:43:14,CFW0264,PC-4711,Zachary.M.Cardenas@msn.com;KTG771@optonline.net,,,Carl-Wong@hotmail.com,22732,0,
03/05/2010 09:41:45,CFW0264,PC-4711,IIA3@sbcglobal.net;KTG771@optonline.net;Simon-Roth@charter.net;AKH43@comcast.net,,,Carl-Wong@hotmail.com,26990,0,
03/05/2010 10:40:03,CFW0264,PC-4711,Ainsley.MacKensie.Doyle@dtaa.com,,,Carl.Ferdinand.Wong@dtaa.com,26083,0,
03/05/2010 11:09:59,CFW0264,PC-4711,Brett.Damian.Beck@dtaa.com;Thaddeus.Emery.Martin@dtaa.com,Ainsley.MacKensie.Doyle@dtaa.com,,Carl.Ferdinand.Wong@dtaa.com,24109,0,
03/05/2010 11:14:14,CFW0264,PC-4711,Ivor.Amir.Tucker@dtaa.com;Thaddeus.Emery.Martin@dtaa.com,Shea.Jane.Franks@dtaa.com;Lani.Dai.Beard@dtaa.com,,Carl.Ferdinand.Wong@dtaa.com,29299,0,
03/05/2010 11:18:37,CFW0264,PC-4711,Roth.Mannix.Simon@dtaa.com,,,Carl.Ferdinand.Wong@dtaa.com,37557,0,
03/05/2010 11:20:53,CFW0264,PC-4711,Shea.Jane.Franks@dtaa.com,Hall.Colorado.Morin@dtaa.com,,Carl.Ferdinand.Wong@dtaa.com,29550,0,
03/05/2010 14:33:36,CFW0264,PC-4711,KTG771@optonline.net;Shea_J_Franks@earthlink.net,,,Carl-Wong@hotmail.com,32365,0,
03/05/2010 14:33:53,CFW0264,PC-4711,KTG771@optonline.net,,,Carl-Wong@hotmail.com,52873,0,
03/05/2010 14:35:52,CFW0264,PC-4711,Ainsley.MacKensie.Doyle@dtaa.com;Kendall.Thaddeus.Glover@dtaa.com,Ivor.Amir.Tucker@dtaa.com,,Carl.Ferdinand.Wong@dtaa.com,35180,0,
03/08/2010 09:04:11,CFW0264,PC-4711,Deborah-Mcclure@msn.com;Ivor_Tucker@earthlink.net,,,Carl-Wong@hotmail.com,14806,0,
03/08/2010 09:39:58,CFW0264,PC-4711,Deborah-Mcclure@msn.com,,,Carl-Wong@hotmail.com,25174,0,
03/08/2010 11:03:35,CFW0264,PC-4711,Shea.Jane.Franks@dtaa.com;Deborah.Victoria.Mcclure@dtaa.com,,,Carl.Ferdinand.Wong@dtaa.com,39248,0,
03/08/2010 11:04:53,CFW0264,PC-4711,Ainsley.M.Doyle@hotmail.com;Ivor_Tucker@earthlink.net,Thaddeus_E_Martin@hotmail.com;KTG771@optonline.net;HCM9@earthlink.net,,Carl-Wong@hotmail.com,24889,0,
03/08/2010 11:11:06,CFW0264,PC-4711,Ainsley.MacKensie.Doyle@dtaa.com,,,Carl.Ferdinand.Wong@dtaa.com,26744,0,
03/08/2010 12:46:25,CFW0264,PC-4711,Thaddeus_E_Martin@hotmail.com,,,Carl-Wong@hotmail.com,29723,0,
03/08/2010 13:08:29,CFW0264,PC-4711,Deborah-Mcclure@msn.com,,,Carl-Wong@hotmail.com,22927,0,
03/08/2010 13:14:51,CFW0264,PC-4711,Yang-Caleb@netzero.com,,,Carl-Wong@hotmail.com,35132,0,
03/08/2010 13:59:50,CFW0264,PC-4711,Desiree_C_Church@charter.net,,,Carl-Wong@hotmail.com,26497,0,
03/09/2010 12:49:01,CFW0264,PC-4711,Simon-Roth@charter.net;Thaddeus_E_Martin@hotmail.com,,,Carl-Wong@hotmail.com,13988,0,
03/09/2010 12:49:48,CFW0264,PC-4711,Simon-Roth@charter.net;Deborah-Mcclure@msn.com;Thaddeus_E_Martin@hotmail.com;Lani.Beard@earthlink.net,KTG771@optonline.net,,Carl-Wong@hotmail.com,36930,0,
03/09/2010 12:50:41,CFW0264,PC-4711,Francis_Buckner@verizon.net,,,Carl-Wong@hotmail.com,47663,0,
03/09/2010 12:51:26,CFW0264,PC-4711,IIA3@sbcglobal.net;Ivor_Tucker@earthlink.net;Dacey_Bowen@yahoo.com;Deborah-Mcclure@msn.com;Simon-Roth@charter.net,,,Carl-Wong@hotmail.com,30401,0,
03/09/2010 12:52:03,CFW0264,PC-4711,Deborah.Victoria.Mcclure@dtaa.com;Ainsley.MacKensie.Doyle@dtaa.com;Thaddeus.Emery.Martin@dtaa.com,Hall.Colorado.Morin@dtaa.com,,Carl.Ferdinand.Wong@dtaa.com,33701,0,
03/09/2010 12:52:49,CFW0264,PC-4711,Hashim.Damon.Dudley@dtaa.com;Desiree_C_Church@northropgrumman.com,,,Carl.Ferdinand.Wong@dtaa.com,25008,0,
03/09/2010 12:54:54,CFW0264,PC-4711,Lani.Beard@earthlink.net,Deborah-Mcclure@msn.com,,Carl-Wong@hotmail.com,25615,0,
03/09/2010 12:54:57,CFW0264,PC-4711,KTG771@optonline.net,,,Carl-Wong@hotmail.com,25685,0,
03/09/2010 12:55:57,CFW0264,PC-4711,Kendall.Thaddeus.Glover@dtaa.com,,,Carl.Ferdinand.Wong@dtaa.com,30312,0,
03/10/2010 14:00:06,CFW0264,PC-4711,Arthur.Jacob.Raymond@dtaa.com,,,Carl.Ferdinand.Wong@dtaa.com,15771,0,
03/10/2010 14:12:15,CFW0264,PC-4711,Ingrid.Irene.Atkins@dtaa.com,,,Carl.Ferdinand.Wong@dtaa.com,51608,0,
03/10/2010 14:25:43,CFW0264,PC-4711,Hall.Colorado.Morin@dtaa.com,,,Carl.Ferdinand.Wong@dtaa.com,32271,0,
03/10/2010 14:40:01,CFW0264,PC-4711,Ainsley.MacKensie.Doyle@dtaa.com,,,Carl.Ferdinand.Wong@dtaa.com,20762,0,
03/10/2010 14:40:40,CFW0264,PC-4711,Ainsley.MacKensie.Doyle@dtaa.com;Hall.Colorado.Morin@dtaa.com;Yang-Caleb@northropgrumman.com,,,Carl.Ferdinand.Wong@dtaa.com,21228,0,
03/10/2010 14:40:56,CFW0264,PC-4711,Ingrid.Irene.Atkins@dtaa.com,,,Carl.Ferdinand.Wong@dtaa.com,24538,0,
03/10/2010 14:41:32,CFW0264,PC-4711,Shea.Jane.Franks@dtaa.com;Thaddeus.Emery.Martin@dtaa.com,Ingrid.Irene.Atkins@dtaa.com,,Carl.Ferdinand.Wong@dtaa.com,23494,0,
03/10/2010 14:46:35,CFW0264,PC-4711,Ainsley.MacKensie.Doyle@dtaa.com,,,Carl.Ferdinand.Wong@dtaa.com,17766,0,
03/10/2010 14:47:16,CFW0264,PC-4711,Thaddeus.Emery.Martin@dtaa.com,Roth.Mannix.Simon@dtaa.com,,Carl.Ferdinand.Wong@dtaa.com,52153,0,
03/11/2010 08:10:53,CFW0264,PC-4711,HCM9@earthlink.net,,,Carl-Wong@hotmail.com,21236,0,
03/11/2010 08:49:36,CFW0264,PC-4711,Shea_J_Franks@earthlink.net;Deborah-Mcclure@msn.com;Lani.Beard@earthlink.net,Thaddeus_E_Martin@hotmail.com;Ainsley.M.Doyle@hotmail.com,,Carl-Wong@hotmail.com,21139,0,
03/11/2010 09:43:35,CFW0264,PC-4711,Hall.Colorado.Morin@dtaa.com,,,Carl.Ferdinand.Wong@dtaa.com,16911,0,
03/11/2010 09:52:06,CFW0264,PC-4711,Hall.Colorado.Morin@dtaa.com,,,Carl.Ferdinand.Wong@dtaa.com,47647,0,
03/11/2010 10:05:23,CFW0264,PC-4711,Ainsley.MacKensie.Doyle@dtaa.com,,,Carl.Ferdinand.Wong@dtaa.com,29714,0,
03/11/2010 10:11:07,CFW0264,PC-4711,Jena.Audrey.Malone@dtaa.com,,,Carl.Ferdinand.Wong@dtaa.com,37986,0,
03/11/2010 10:14:22,CFW0264,PC-4711,Kendall.Thaddeus.Glover@dtaa.com,,,Carl.Ferdinand.Wong@dtaa.com,45110,0,
03/11/2010 10:22:58,CFW0264,PC-4711,Deborah.Victoria.Mcclure@dtaa.com;Hedwig.Dai.Duffy@dtaa.com;Thaddeus.Emery.Martin@dtaa.com,,,Carl.Ferdinand.Wong@dtaa.com,24833,0,
03/11/2010 11:16:12,CFW0264,PC-4711,Lani.Beard@earthlink.net;Yang-Caleb@netzero.com,,,Carl-Wong@hotmail.com,25109,0,
03/12/2010 14:44:41,CFW0264,PC-4711,Lani.Dai.Beard@dtaa.com;AKH17@hp.com,Erasmus.Cameron.Franco@dtaa.com,,Carl.Ferdinand.Wong@dtaa.com,29183,0,
03/12/2010 14:49:34,CFW0264,PC-4711,HCM9@earthlink.net,,,Carl-Wong@hotmail.com,29190,0,
03/12/2010 14:50:27,CFW0264,PC-4711,Lani.Dai.Beard@dtaa.com,,,Carl.Ferdinand.Wong@dtaa.com,25459,0,
03/12/2010 15:10:26,CFW0264,PC-4711,Ainsley.M.Doyle@hotmail.com,,,Carl-Wong@hotmail.com,27679,0,
03/12/2010 15:10:43,CFW0264,PC-4711,Kendall.Thaddeus.Glover@dtaa.com,Hall.Colorado.Morin@dtaa.com;Ingrid.Irene.Atkins@dtaa.com;SEB658@raytheon.com,,Carl.Ferdinand.Wong@dtaa.com,29931,0,
03/12/2010 15:10:59,CFW0264,PC-4711,Shea.Jane.Franks@dtaa.com,Ingrid.Irene.Atkins@dtaa.com,,Carl.Ferdinand.Wong@dtaa.com,22024,0,
03/12/2010 15:11:01,CFW0264,PC-4711,Simon-Roth@charter.net;Lani.Beard@earthlink.net;AKH43@comcast.net,Shea_J_Franks@earthlink.net;IIA3@sbcglobal.net,,Carl-Wong@hotmail.com,41731,0,
03/12/2010 15:11:03,CFW0264,PC-4711,Ingrid.Irene.Atkins@dtaa.com;Thaddeus.Emery.Martin@dtaa.com;Shea.Jane.Franks@dtaa.com;Kendall.Thaddeus.Glover@dtaa.com,,,Carl.Ferdinand.Wong@dtaa.com,32146,0,
03/12/2010 15:11:14,CFW0264,PC-4711,Hall.Colorado.Morin@dtaa.com;Ainsley.MacKensie.Doyle@dtaa.com,,,Carl.Ferdinand.Wong@dtaa.com,57203,0,
03/15/2010 07:30:04,CFW0264,PC-4711,HCM9@earthlink.net,Thaddeus_E_Martin@hotmail.com,,Carl-Wong@hotmail.com,24556,0,
03/15/2010 12:27:28,CFW0264,PC-4711,Lani.Beard@earthlink.net,,,Carl-Wong@hotmail.com,22782,0,
03/15/2010 12:59:21,CFW0264,PC-4711,Alfreda.Sierra.Savage@dtaa.com,,,Carl.Ferdinand.Wong@dtaa.com,27313,0,
03/15/2010 13:35:36,CFW0264,PC-4711,Lani.Dai.Beard@dtaa.com;Kendall.Thaddeus.Glover@dtaa.com;Shea.Jane.Franks@dtaa.com,,,Carl.Ferdinand.Wong@dtaa.com,28066,0,
03/15/2010 13:48:35,CFW0264,PC-4711,Ingrid.Irene.Atkins@dtaa.com;Lani.Dai.Beard@dtaa.com;Leilani.Quail.Callahan@dtaa.com,Kendall.Thaddeus.Glover@dtaa.com,,Carl.Ferdinand.Wong@dtaa.com,22656,0,
03/15/2010 14:18:01,CFW0264,PC-4711,Roth.Mannix.Simon@dtaa.com;Hall.Colorado.Morin@dtaa.com,Thaddeus.Emery.Martin@dtaa.com,,Carl.Ferdinand.Wong@dtaa.com,23301,0,
03/15/2010 14:32:32,CFW0264,PC-4711,Deborah-Mcclure@msn.com,,,Carl-Wong@hotmail.com,26065,0,
03/15/2010 14:35:19,CFW0264,PC-4711,Deborah-Mcclure@msn.com;AKH43@comcast.net,,,Carl-Wong@hotmail.com,28906,0,
03/15/2010 14:59:43,CFW0264,PC-4711,Kendall.Thaddeus.Glover@dtaa.com,,,Carl.Ferdinand.Wong@dtaa.com,36122,0,
03/16/2010 14:37:29,CFW0264,PC-4711,Deborah.Victoria.Mcclure@dtaa.com;Ainsley.MacKensie.Doyle@dtaa.com;Ivor.Amir.Tucker@dtaa.com,Yang-Caleb@northropgrumman.com,,Carl.Ferdinand.Wong@dtaa.com,29569,0,
03/16/2010 14:39:53,CFW0264,PC-4711,William.Aristotle.Sampson@dtaa.com;Ainsley.MacKensie.Doyle@dtaa.com;Kendall.Thaddeus.Glover@dtaa.com,,,Carl.Ferdinand.Wong@dtaa.com,25522,0,
03/16/2010 14:41:54,CFW0264,PC-4711,Deborah.Victoria.Mcclure@dtaa.com,,,Carl.Ferdinand.Wong@dtaa.com,31556,0,
03/16/2010 14:49:05,CFW0264,PC-4711,Deborah.Victoria.Mcclure@dtaa.com;Yang-Caleb@northropgrumman.com;Desiree_C_Church@northropgrumman.com,,,Carl.Ferdinand.Wong@dtaa.com,37625,0,
03/16/2010 15:00:39,CFW0264,PC-4711,Lani.Dai.Beard@dtaa.com,,,Carl.Ferdinand.Wong@dtaa.com,14080,0,
03/16/2010 15:04:49,CFW0264,PC-4711,Deborah.Victoria.Mcclure@dtaa.com;Hall.Colorado.Morin@dtaa.com,Yang-Caleb@northropgrumman.com,,Carl.Ferdinand.Wong@dtaa.com,27394,0,
03/16/2010 15:07:22,CFW0264,PC-4711,Ingrid.Irene.Atkins@dtaa.com;Shea.Jane.Franks@dtaa.com,,,Carl.Ferdinand.Wong@dtaa.com,20661,0,
03/16/2010 15:16:34,CFW0264,PC-4711,Hall.Colorado.Morin@dtaa.com,,,Carl.Ferdinand.Wong@dtaa.com,20278,0,
03/17/2010 09:06:31,CFW0264,PC-4711,IIA3@sbcglobal.net,,,Carl-Wong@hotmail.com,36585,0,
03/17/2010 09:32:01,CFW0264,PC-4711,Patience_Lowe@charter.net,,,Carl-Wong@hotmail.com,15060,0,
03/17/2010 09:53:11,CFW0264,PC-4711,Lani.Beard@earthlink.net;Simon-Roth@charter.net;Ivor_Tucker@earthlink.net,,,Carl-Wong@hotmail.com,38023,0,
03/17/2010 10:13:09,CFW0264,PC-4711,Shea_J_Franks@earthlink.net,,,Carl-Wong@hotmail.com,37675,0,
03/17/2010 10:14:05,CFW0264,PC-4711,Ainsley.M.Doyle@hotmail.com,,,Carl-Wong@hotmail.com,28018,0,
03/17/2010 10:35:11,CFW0264,PC-4711,Ainsley.MacKensie.Doyle@dtaa.com;Ingrid.Irene.Atkins@dtaa.com,,,Carl.Ferdinand.Wong@dtaa.com,24173,0,
03/17/2010 10:43:34,CFW0264,PC-4711,Ainsley.M.Doyle@hotmail.com;Libby_Richard@msn.com;Constance_Hicks@verizon.net,Thaddeus_E_Martin@hotmail.com,,Carl-Wong@hotmail.com,38412,0,
03/17/2010 10:45:51,CFW0264,PC-4711,Ainsley.MacKensie.Doyle@dtaa.com,,,Carl.Ferdinand.Wong@dtaa.com,40348,0,
03/17/2010 12:28:47,CFW0264,PC-4711,Yang-Caleb@netzero.com,,,Carl-Wong@hotmail.com,30863,0,
03/18/2010 10:51:21,CFW0264,PC-4711,Desiree_C_Church@northropgrumman.com,,,Carl.Ferdinand.Wong@dtaa.com,37802,0,
03/18/2010 10:53:17,CFW0264,PC-4711,Kendall.Thaddeus.Glover@dtaa.com,,,Carl.Ferdinand.Wong@dtaa.com,31193,0,
03/18/2010 10:54:16,CFW0264,PC-4711,Ivor.Amir.Tucker@dtaa.com;Roth.Mannix.Simon@dtaa.com;Lani.Dai.Beard@dtaa.com,,,Carl.Ferdinand.Wong@dtaa.com,36057,0,
03/18/2010 10:58:19,CFW0264,PC-4711,Ingrid.Irene.Atkins@dtaa.com,,,Carl.Ferdinand.Wong@dtaa.com,22222,0,
03/18/2010 10:58:25,CFW0264,PC-4711,Shea.Jane.Franks@dtaa.com,,,Carl.Ferdinand.Wong@dtaa.com,23951,0,
03/18/2010 11:36:15,CFW0264,PC-4711,Deborah-Mcclure@msn.com;Ivor_Tucker@earthlink.net;Lani.Beard@earthlink.net;HCM9@earthlink.net,Thaddeus_E_Martin@hotmail.com,,Carl-Wong@hotmail.com,13591,0,
03/18/2010 12:20:17,CFW0264,PC-4711,HCM9@earthlink.net,,,Carl-Wong@hotmail.com,29333,0,
03/18/2010 12:45:25,CFW0264,PC-4711,Thaddeus_E_Martin@hotmail.com,,,Carl-Wong@hotmail.com,37765,0,
03/18/2010 12:47:54,CFW0264,PC-4711,Noah.Andrew.Beck@dtaa.com;Nicole.Macey.Craig@dtaa.com,Ivor.Amir.Tucker@dtaa.com;Hall.Colorado.Morin@dtaa.com,,Carl.Ferdinand.Wong@dtaa.com,31973,0,
03/19/2010 08:34:18,CFW0264,PC-4711,Ivor_Tucker@earthlink.net,,,Carl-Wong@hotmail.com,38466,0,
03/19/2010 09:46:10,CFW0264,PC-4711,Lani.Beard@earthlink.net,,,Carl-Wong@hotmail.com,21101,0,
03/19/2010 09:52:23,CFW0264,PC-4711,Hall.Colorado.Morin@dtaa.com;Thaddeus.Emery.Martin@dtaa.com,,,Carl.Ferdinand.Wong@dtaa.com,63818,0,
03/19/2010 10:53:40,CFW0264,PC-4711,Lani.Beard@earthlink.net,,,Carl-Wong@hotmail.com,28238,0,
03/19/2010 13:12:45,CFW0264,PC-4711,IIA3@sbcglobal.net;Lani.Beard@earthlink.net,Deborah-Mcclure@msn.com,,Carl-Wong@hotmail.com,33653,0,
03/19/2010 13:16:26,CFW0264,PC-4711,KTG771@optonline.net,,,Carl-Wong@hotmail.com,31144,0,
03/19/2010 14:34:10,CFW0264,PC-4711,HCM9@earthlink.net;Yang-Caleb@netzero.com,,,Carl-Wong@hotmail.com,39100,0,
03/19/2010 14:39:47,CFW0264,PC-4711,HCM9@earthlink.net;BNG16@juno.com,,,Carl-Wong@hotmail.com,29633,0,
03/19/2010 15:17:51,CFW0264,PC-4711,IIA3@sbcglobal.net;Ainsley.M.Doyle@hotmail.com;Deborah-Mcclure@msn.com;Desiree_C_Church@charter.net,Blair.D.Rogers@verizon.net,,Carl-Wong@hotmail.com,19923,0,
03/22/2010 09:14:02,CFW0264,PC-4711,Kendall.Thaddeus.Glover@dtaa.com,,,Carl.Ferdinand.Wong@dtaa.com,30038,0,
03/22/2010 09:23:31,CFW0264,PC-4711,Imani.Aubrey.Ray@dtaa.com,,,Carl.Ferdinand.Wong@dtaa.com,36346,0,
03/22/2010 09:29:26,CFW0264,PC-4711,Ingrid.Irene.Atkins@dtaa.com;Kendall.Thaddeus.Glover@dtaa.com,,,Carl.Ferdinand.Wong@dtaa.com,22552,0,
03/22/2010 09:44:44,CFW0264,PC-4711,Hall.Colorado.Morin@dtaa.com,,,Carl.Ferdinand.Wong@dtaa.com,53577,0,
03/22/2010 10:00:02,CFW0264,PC-4711,Lani.Dai.Beard@dtaa.com,,,Carl.Ferdinand.Wong@dtaa.com,20060,0,
03/22/2010 10:04:07,CFW0264,PC-4711,Ivor.Amir.Tucker@dtaa.com,,,Carl.Ferdinand.Wong@dtaa.com,41926,0,
03/22/2010 10:12:56,CFW0264,PC-4711,Ivor.Amir.Tucker@dtaa.com,,,Carl.Ferdinand.Wong@dtaa.com,26405,0,
03/22/2010 10:19:24,CFW0264,PC-4711,Kendall.Thaddeus.Glover@dtaa.com,,,Carl.Ferdinand.Wong@dtaa.com,38373,0,
03/22/2010 14:42:07,CFW0264,PC-4711,Roth.Mannix.Simon@dtaa.com,,,Carl.Ferdinand.Wong@dtaa.com,32078,0,
03/23/2010 09:18:54,CFW0264,PC-4711,Lani.Beard@earthlink.net,,,Carl-Wong@hotmail.com,27104,0,
03/23/2010 12:47:14,CFW0264,PC-4711,Thaddeus.Emery.Martin@dtaa.com,,,Carl.Ferdinand.Wong@dtaa.com,21518,0,
03/23/2010 12:58:50,CFW0264,PC-4711,Ainsley.MacKensie.Doyle@dtaa.com,,,Carl.Ferdinand.Wong@dtaa.com,47405,0,
03/23/2010 12:59:34,CFW0264,PC-4711,Ainsley.MacKensie.Doyle@dtaa.com;Hall.Colorado.Morin@dtaa.com,,,Carl.Ferdinand.Wong@dtaa.com,21557,0,
03/23/2010 13:01:06,CFW0264,PC-4711,Shea_J_Franks@earthlink.net;Simon-Roth@charter.net,,,Carl-Wong@hotmail.com,41985,0,
03/23/2010 13:02:58,CFW0264,PC-4711,Deborah-Mcclure@msn.com,,,Carl-Wong@hotmail.com,19676,0,
03/23/2010 13:29:10,CFW0264,PC-4711,KTG771@optonline.net,,,Carl-Wong@hotmail.com,21471,0,
03/23/2010 14:08:07,CFW0264,PC-4711,Lani.Beard@earthlink.net,,,Carl-Wong@hotmail.com,34039,0,
03/23/2010 14:13:14,CFW0264,PC-4711,Ivor_Tucker@earthlink.net,,,Carl-Wong@hotmail.com,27623,0,
03/24/2010 09:07:43,CFW0264,PC-4711,Ainsley.MacKensie.Doyle@dtaa.com;Hall.Colorado.Morin@dtaa.com;Roth.Mannix.Simon@dtaa.com;Shea.Jane.Franks@dtaa.com,,,Carl.Ferdinand.Wong@dtaa.com,22813,0,
03/24/2010 09:12:23,CFW0264,PC-4711,Deborah.Victoria.Mcclure@dtaa.com;Kendall.Thaddeus.Glover@dtaa.com,,,Carl.Ferdinand.Wong@dtaa.com,24932,0,
03/24/2010 14:57:28,CFW0264,PC-4711,Ivor_Tucker@earthlink.net;KTG771@optonline.net,,,Carl-Wong@hotmail.com,17873,0,
03/24/2010 14:58:20,CFW0264,PC-4711,Ainsley.M.Doyle@hotmail.com;Lani.Beard@earthlink.net;Simon-Roth@charter.net;Deborah-Mcclure@msn.com;HCM9@earthlink.net,,,Carl-Wong@hotmail.com,22465,0,
03/24/2010 14:59:40,CFW0264,PC-4711,Simon-Roth@charter.net,,,Carl-Wong@hotmail.com,35839,0,
03/24/2010 15:02:51,CFW0264,PC-4711,Yang-Caleb@netzero.com,,,Carl-Wong@hotmail.com,23776,0,
03/24/2010 15:03:15,CFW0264,PC-4711,KTG771@optonline.net;Simon-Roth@charter.net,,,Carl-Wong@hotmail.com,27931,0,
03/24/2010 15:08:35,CFW0264,PC-4711,KTG771@optonline.net,,,Carl-Wong@hotmail.com,20829,0,
03/24/2010 15:08:41,CFW0264,PC-4711,Lani.Beard@earthlink.net,,,Carl-Wong@hotmail.com,31554,0,
03/25/2010 09:15:01,CFW0264,PC-4711,Lani.Dai.Beard@dtaa.com,,,Carl.Ferdinand.Wong@dtaa.com,40827,0,
03/25/2010 10:01:34,CFW0264,PC-4711,Deborah.Victoria.Mcclure@dtaa.com;Ivor.Amir.Tucker@dtaa.com;Lani.Dai.Beard@dtaa.com,Patience_D_Lowe@hp.com;AKH17@hp.com,,Carl.Ferdinand.Wong@dtaa.com,27110,0,
03/25/2010 10:11:59,CFW0264,PC-4711,Ivor_Tucker@earthlink.net;Shea_J_Franks@earthlink.net;IIA3@sbcglobal.net;Lani.Beard@earthlink.net,KTG771@optonline.net,,Carl-Wong@hotmail.com,23739,0,
03/25/2010 10:43:34,CFW0264,PC-4711,HCM9@earthlink.net,,,Carl-Wong@hotmail.com,29776,0,
03/25/2010 11:10:02,CFW0264,PC-4711,Doris.Mona.Michael@dtaa.com,,,Carl.Ferdinand.Wong@dtaa.com,44305,0,
03/25/2010 11:16:04,CFW0264,PC-4711,Oscar.Nolan.Wooten@dtaa.com,,,Carl.Ferdinand.Wong@dtaa.com,32316,0,
03/25/2010 11:19:25,CFW0264,PC-4711,Kendall.Thaddeus.Glover@dtaa.com,,,Carl.Ferdinand.Wong@dtaa.com,27180,0,
03/25/2010 11:34:26,CFW0264,PC-4711,Kendall.Thaddeus.Glover@dtaa.com;Ingrid.Irene.Atkins@dtaa.com;Lani.Dai.Beard@dtaa.com,,,Carl.Ferdinand.Wong@dtaa.com,62651,0,
03/25/2010 11:39:17,CFW0264,PC-4711,Ingrid.Irene.Atkins@dtaa.com;Roth.Mannix.Simon@dtaa.com,Jacqueline.Latifah.Miles@dtaa.com,,Carl.Ferdinand.Wong@dtaa.com,35079,0,
03/26/2010 07:54:37,CFW0264,PC-4711,AKH17@hp.com,,,Carl.Ferdinand.Wong@dtaa.com,48741,0,
03/26/2010 07:57:47,CFW0264,PC-4711,Hall.Colorado.Morin@dtaa.com;Ingrid.Irene.Atkins@dtaa.com,Xanthus.Louis.Buck@dtaa.com,,Carl.Ferdinand.Wong@dtaa.com,38060,0,
03/26/2010 07:59:40,CFW0264,PC-4711,Ainsley.MacKensie.Doyle@dtaa.com;Shea.Jane.Franks@dtaa.com,Thaddeus.Emery.Martin@dtaa.com,,Carl.Ferdinand.Wong@dtaa.com,31220,0,
03/26/2010 08:00:12,CFW0264,PC-4711,Lani.Dai.Beard@dtaa.com;Deborah.Victoria.Mcclure@dtaa.com,Ingrid.Irene.Atkins@dtaa.com,,Carl.Ferdinand.Wong@dtaa.com,60078,0,
03/26/2010 08:01:01,CFW0264,PC-4711,Lani.Dai.Beard@dtaa.com,,,Carl.Ferdinand.Wong@dtaa.com,20302,0,
03/26/2010 08:02:33,CFW0264,PC-4711,Ivor.Amir.Tucker@dtaa.com;Deborah.Victoria.Mcclure@dtaa.com,,,Carl.Ferdinand.Wong@dtaa.com,23636,0,
03/26/2010 08:05:25,CFW0264,PC-4711,Lani.Dai.Beard@dtaa.com,,,Carl.Ferdinand.Wong@dtaa.com,50475,0,
03/26/2010 08:07:35,CFW0264,PC-4711,Lani.Dai.Beard@dtaa.com,,,Carl.Ferdinand.Wong@dtaa.com,14531,0,
03/26/2010 08:07:39,CFW0264,PC-4711,Hall.Colorado.Morin@dtaa.com;Deborah.Victoria.Mcclure@dtaa.com,Yang-Caleb@northropgrumman.com,,Carl.Ferdinand.Wong@dtaa.com,20165,0,
