01/05/2010 09:25:06,CLH0703,PC-8632,Kevyn.Quin.Charles@dtaa.com,Myra.Kay.Greer@dtaa.com,,Colin.Lawrence.Holder@dtaa.com,34344,0,
01/06/2010 16:28:45,CLH0703,PC-8632,Eden_D_Ball@verizon.net;Kellie_Maldonado@hotmail.com,,,CLH44@netzero.com,34870,0,
01/07/2010 15:18:02,CLH0703,PC-8632,Mariko.Ivana.Mckee@dtaa.com;Penelope.Lysandra.Hayes@dtaa.com;Holly.Xerxes.Lara@dtaa.com,Blair.Todd.Long@dtaa.com;Sandoval-Fredericka@northropgrumman.com,,Colin.Lawrence.Holder@dtaa.com,20474,3,
01/08/2010 11:32:19,CLH0703,PC-8632,Eden.Deborah.Ball@dtaa.com,,,Colin.Lawrence.Holder@dtaa.com,27847,0,
01/11/2010 08:45:58,CLH0703,PC-8632,Eden_D_Ball@verizon.net;Galena.D.Francis@hotmail.com,,,CLH44@netzero.com,25539,0,
01/12/2010 14:24:54,CLH0703,PC-8632,Blair.Todd.Long@dtaa.com;Mufutau.Nehru.Contreras@dtaa.com;Risa.Laura.Bolton@dtaa.com;Sandoval-Fredericka@northropgrumman.com,Amity.Kendall.Foley@dtaa.com,,Colin.Lawrence.Holder@dtaa.com,39351,0,
01/13/2010 12:23:38,CLH0703,PC-8632,Nicolas.James.Cantu@dtaa.com;Sandoval-Fredericka@northropgrumman.com,,,Colin.Lawrence.Holder@dtaa.com,19757,0,
01/14/2010 13:35:55,CLH0703,PC-8632,Heidi.Mia.Wilson@dtaa.com,,,Colin.Lawrence.Holder@dtaa.com,41930,0,
01/15/2010 11:45:57,CLH0703,PC-8632,Fitzgerald.Wayne.Miranda@dtaa.com;Ann.Jolie.Potts@dtaa.com;Sandoval-Fredericka@northropgrumman.com,,,Colin.Lawrence.Holder@dtaa.com,39837,1,
01/18/2010 12:42:22,CLH0703,PC-8632,BTL4@msn.com,,,CLH44@netzero.com,36681,0,
01/19/2010 13:19:15,CLH0703,PC-8632,Julie.Jaime.Burns@dtaa.com,,,Colin.Lawrence.Holder@dtaa.com,21040,1,
01/20/2010 13:45:37,CLH0703,PC-8632,Jescie_Jenkins@aol.com,Greer_Myra@comcast.net;Cherokee.T.Ramirez@juno.com,,CLH44@netzero.com,23243,0,
01/21/2010 13:19:33,CLH0703,PC-8632,Fitzgerald.Wayne.Miranda@dtaa.com;Conrad-Wayne@raytheon.com,,,Colin.Lawrence.Holder@dtaa.com,34350,0,
01/22/2010 13:08:20,CLH0703,PC-8632,Blair.Todd.Long@dtaa.com,,,Colin.Lawrence.Holder@dtaa.com,21841,0,
01/25/2010 13:56:50,CLH0703,PC-8632,Amaya.Iola.Sawyer@dtaa.com;Eden.Deborah.Ball@dtaa.com,Galena.Deborah.Francis@dtaa.com,,Colin.Lawrence.Holder@dtaa.com,33716,0,
01/26/2010 14:54:32,CLH0703,PC-8632,Isadora.Buffy.Brewer@dtaa.com;Caldwell.Quamar.Head@dtaa.com;Galena.Deborah.Francis@dtaa.com;Sandoval-Fredericka@northropgrumman.com,,,Colin.Lawrence.Holder@dtaa.com,38155,0,
01/27/2010 07:40:14,CLH0703,PC-8632,Amity.Kendall.Foley@dtaa.com,,,Colin.Lawrence.Holder@dtaa.com,26085,0,
01/28/2010 09:05:42,CLH0703,PC-8632,Ann.Jolie.Potts@dtaa.com;Conrad-Wayne@raytheon.com,,,Colin.Lawrence.Holder@dtaa.com,29727,1,
01/29/2010 16:37:02,CLH0703,PC-8632,Ann.Jolie.Potts@dtaa.com,,,Colin.Lawrence.Holder@dtaa.com,21054,1,
02/01/2010 16:09:23,CLH0703,PC-8632,Ann.J.Potts@bellsouth.net,,,CLH44@netzero.com,17469,0,
02/03/2010 15:17:31,CLH0703,PC-8632,Sloan-Jasper@optonline.net,,,CLH44@netzero.com,39112,0,
02/04/2010 15:22:15,CLH0703,PC-8632,Calvin.J.Hood@gmail.com,,,CLH44@netzero.com,36725,0,
02/05/2010 10:23:59,CLH0703,PC-8632,Julie_Burns@msn.com,,,CLH44@netzero.com,23762,0,
02/08/2010 12:00:37,CLH0703,PC-8632,Heidi_Wilson@msn.com,,,CLH44@netzero.com,20988,0,
02/09/2010 09:39:15,CLH0703,PC-8632,Amity_Foley@cox.net,,,CLH44@netzero.com,20785,1,
02/10/2010 14:01:35,CLH0703,PC-8632,CKP523@earthlink.net,,,CLH44@netzero.com,25158,0,
02/11/2010 10:05:20,CLH0703,PC-8632,Greer_Myra@comcast.net,,,CLH44@netzero.com,14950,0,
02/12/2010 15:30:48,CLH0703,PC-8632,Blair.Todd.Long@dtaa.com,,,Colin.Lawrence.Holder@dtaa.com,35847,0,
02/15/2010 09:28:30,CLH0703,PC-8632,Halee.K.Rhodes@verizon.net,,,CLH44@netzero.com,31580,0,
02/16/2010 15:02:22,CLH0703,PC-8632,Caldwell.Quamar.Head@dtaa.com;Amity.Kendall.Foley@dtaa.com;Bethany.Lydia.Lyons@dtaa.com,,,Colin.Lawrence.Holder@dtaa.com,27907,0,
02/17/2010 09:22:23,CLH0703,PC-8632,Daquan.Tucker.Pugh@dtaa.com,,,Colin.Lawrence.Holder@dtaa.com,40041,0,
02/18/2010 09:39:04,CLH0703,PC-8632,Heidi_Wilson@msn.com;CKP523@earthlink.net;BTL4@msn.com;CQH45@hotmail.com,Calvin.J.Hood@gmail.com,,CLH44@netzero.com,19815,0,
02/19/2010 10:56:02,CLH0703,PC-8632,Amity_Foley@cox.net,,,CLH44@netzero.com,38564,0,
02/22/2010 10:39:01,CLH0703,PC-8632,Fitzgerald.Wayne.Miranda@dtaa.com;Jin.Jonathan.Buckley@dtaa.com,,,Colin.Lawrence.Holder@dtaa.com,38438,0,
02/23/2010 16:40:02,CLH0703,PC-8632,Calvin.J.Hood@gmail.com,RYB42@cox.net,,CLH44@netzero.com,37282,0,
02/24/2010 13:03:50,CLH0703,PC-8632,Jescie_Jenkins@aol.com,,,CLH44@netzero.com,28048,0,
02/25/2010 16:32:54,CLH0703,PC-8632,Unity_Gentry@yahoo.com,,,CLH44@netzero.com,19734,0,
02/26/2010 08:56:52,CLH0703,PC-8632,ABH8117@optonline.net,,,CLH44@netzero.com,35600,0,
03/02/2010 08:45:04,CLH0703,PC-8632,Yvette_J_Vang@comcast.net;MCT8@gmail.com,,,CLH44@netzero.com,17559,0,
03/03/2010 10:53:24,CLH0703,PC-8632,Myra.Kay.Greer@dtaa.com;Raphael.Aristotle.Ray@dtaa.com,Leilani.Quail.Callahan@dtaa.com,,Colin.Lawrence.Holder@dtaa.com,31804,1,
03/04/2010 09:42:02,CLH0703,PC-8632,Ann.Jolie.Potts@dtaa.com,,,Colin.Lawrence.Holder@dtaa.com,19386,0,
03/05/2010 10:06:49,CLH0703,PC-8632,Montana_Roberts@verizon.net,,,CLH44@netzero.com,32733,0,
03/08/2010 09:17:41,CLH0703,PC-8632,CQH45@hotmail.com,,,CLH44@netzero.com,28160,0,
03/10/2010 16:00:19,CLH0703,PC-8632,Unity_Gentry@yahoo.com,,,CLH44@netzero.com,24358,0,
03/11/2010 16:38:50,CLH0703,PC-8632,April_A_Levy@sbcglobal.net;Hayes-Penelope@charter.net,,,CLH44@netzero.com,75175,0,
03/12/2010 08:31:39,CLH0703,PC-8632,Kevyn.Quin.Charles@dtaa.com;Conrad-Wayne@raytheon.com,,,Colin.Lawrence.Holder@dtaa.com,14743,0,
03/15/2010 11:25:17,CLH0703,PC-8632,Macey.Christen.Turner@dtaa.com,Galena.Deborah.Francis@dtaa.com,,Colin.Lawrence.Holder@dtaa.com,43380,0,
03/16/2010 12:02:28,CLH0703,PC-8632,Xanthus.Louis.Buck@dtaa.com;Galena.Deborah.Francis@dtaa.com;Risa.Laura.Bolton@dtaa.com,,,Colin.Lawrence.Holder@dtaa.com,52892,0,
03/17/2010 08:02:49,CLH0703,PC-8632,Galena.D.Francis@hotmail.com;CQH45@hotmail.com,,,CLH44@netzero.com,36075,0,
03/19/2010 13:45:39,CLH0703,PC-8632,Eugenia.Hannah.Blanchard@dtaa.com,Julie.Jaime.Burns@dtaa.com,,Colin.Lawrence.Holder@dtaa.com,28121,0,
03/22/2010 16:21:20,CLH0703,PC-8632,Caldwell.Quamar.Head@dtaa.com,,,Colin.Lawrence.Holder@dtaa.com,20287,0,
03/23/2010 15:08:42,CLH0703,PC-8632,Raphael.Aristotle.Ray@dtaa.com;Mariko.Ivana.Mckee@dtaa.com;Conrad-Wayne@raytheon.com,Kellie_Maldonado@hp.com,,Colin.Lawrence.Holder@dtaa.com,28839,1,
03/24/2010 11:47:22,CLH0703,PC-8632,Kevyn.Quin.Charles@dtaa.com;Fitzgerald.Wayne.Miranda@dtaa.com;Ruth.Yael.Burris@dtaa.com,Yvette.Jeanette.Vang@dtaa.com;Galena.Deborah.Francis@dtaa.com,,Colin.Lawrence.Holder@dtaa.com,21049,0,
03/25/2010 10:27:39,CLH0703,PC-8632,Amity_Foley@cox.net;CKP523@earthlink.net,Conrad-Wayne@aol.com,,CLH44@netzero.com,24127,0,
03/26/2010 15:21:48,CLH0703,PC-8632,April.Alika.Levy@dtaa.com;Anastasia.Kylan.Kaufman@dtaa.com;Ruth.Yael.Burris@dtaa.com;Heidi.Mia.Wilson@dtaa.com,,,Colin.Lawrence.Holder@dtaa.com,18441,0,
03/29/2010 09:31:23,CLH0703,PC-8632,Calvin.J.Hood@gmail.com;PDH82@juno.com,Heidi_Wilson@msn.com,,CLH44@netzero.com,21750,0,
03/30/2010 16:26:21,CLH0703,PC-8632,Caldwell.Quamar.Head@dtaa.com,,,Colin.Lawrence.Holder@dtaa.com,52667,0,
03/31/2010 14:45:46,CLH0703,PC-8632,Contreras-Mufutau@charter.net,,,CLH44@netzero.com,49034,0,
04/01/2010 15:27:04,CLH0703,PC-8632,Blair.Todd.Long@dtaa.com,Isadora.Buffy.Brewer@dtaa.com,,Colin.Lawrence.Holder@dtaa.com,64054,0,
04/05/2010 13:23:24,CLH0703,PC-8632,Aquila.Stewart.Dejesus@dtaa.com,,,Colin.Lawrence.Holder@dtaa.com,31116,1,
04/06/2010 12:28:34,CLH0703,PC-8632,CQH45@hotmail.com;CGF9239@netzero.com,,,CLH44@netzero.com,46698,0,
04/07/2010 08:54:10,CLH0703,PC-8632,MCT8@gmail.com,April_A_Levy@sbcglobal.net,,CLH44@netzero.com,51207,0,
04/08/2010 11:41:53,CLH0703,PC-8632,Risa_Bolton@gmail.com;Galena.D.Francis@hotmail.com;MIM19@yahoo.com,Calvin.J.Hood@gmail.com,,CLH44@netzero.com,41118,1,
04/09/2010 16:18:01,CLH0703,PC-8632,Mufutau.Nehru.Contreras@dtaa.com,Kellie_Maldonado@hp.com,,Colin.Lawrence.Holder@dtaa.com,25472,0,
04/12/2010 12:48:08,CLH0703,PC-8632,Ann.Jolie.Potts@dtaa.com;Calvin.Jarrod.Hood@dtaa.com,,,Colin.Lawrence.Holder@dtaa.com,46339,0,
04/13/2010 15:15:53,CLH0703,PC-8632,Penelope.Lysandra.Hayes@dtaa.com,,,Colin.Lawrence.Holder@dtaa.com,31964,0,
04/14/2010 07:44:20,CLH0703,PC-8632,Ray-Raphael@netzero.com,,,CLH44@netzero.com,30079,0,
04/15/2010 11:32:12,CLH0703,PC-8632,Amity.Kendall.Foley@dtaa.com;Galena.Deborah.Francis@dtaa.com,Mufutau.Nehru.Contreras@dtaa.com,,Colin.Lawrence.Holder@dtaa.com,27288,0,
04/16/2010 12:26:03,CLH0703,PC-8632,MCT8@gmail.com,,,CLH44@netzero.com,34573,0,
04/19/2010 14:05:21,CLH0703,PC-8632,Cherokee.T.Ramirez@juno.com,Galena.D.Francis@hotmail.com;Conrad-Wayne@aol.com,,CLH44@netzero.com,41685,0,
04/20/2010 09:50:32,CLH0703,PC-8632,Cantu-Nicolas@netzero.com,,,CLH44@netzero.com,32662,0,
04/21/2010 12:16:50,CLH0703,PC-8632,Julie_Burns@msn.com;BTL4@msn.com;Cantu-Nicolas@netzero.com,,,CLH44@netzero.com,29546,2,
04/22/2010 15:30:01,CLH0703,PC-8632,Xanthus.Louis.Buck@dtaa.com;Blair.Todd.Long@dtaa.com,Myra.Kay.Greer@dtaa.com,,Colin.Lawrence.Holder@dtaa.com,24596,0,
04/23/2010 10:41:06,CLH0703,PC-8632,Irma.Melanie.Patrick@dtaa.com,Jescie.Kristen.Jenkins@dtaa.com,,Colin.Lawrence.Holder@dtaa.com,17146,0,
04/26/2010 10:45:18,CLH0703,PC-8632,Colt.Kendall.Perez@dtaa.com,,,Colin.Lawrence.Holder@dtaa.com,29527,0,
04/27/2010 09:39:16,CLH0703,PC-8632,Myra.Kay.Greer@dtaa.com,,,Colin.Lawrence.Holder@dtaa.com,36504,0,
04/28/2010 16:23:38,CLH0703,PC-8632,Greer_Myra@comcast.net,,,CLH44@netzero.com,22063,0,
04/29/2010 16:07:15,CLH0703,PC-8632,Jescie_Jenkins@aol.com;Eden_D_Ball@verizon.net;Macy_T_Dunlap@earthlink.net,Julie_Burns@msn.com;RYB42@cox.net,,CLH44@netzero.com,21021,1,
04/30/2010 15:44:49,CLH0703,PC-8632,Roth.Hu.Conner@dtaa.com;Calvin.Jarrod.Hood@dtaa.com;Isadora.Buffy.Brewer@dtaa.com,Mufutau.Nehru.Contreras@dtaa.com,,Colin.Lawrence.Holder@dtaa.com,33632,5,
05/03/2010 08:58:20,CLH0703,PC-8632,Heidi.Mia.Wilson@dtaa.com;Kevyn.Quin.Charles@dtaa.com,,,Colin.Lawrence.Holder@dtaa.com,38869,0,
05/04/2010 11:35:36,CLH0703,PC-8632,Isadora.Buffy.Brewer@dtaa.com,,,Colin.Lawrence.Holder@dtaa.com,49910,0,
05/05/2010 09:52:40,CLH0703,PC-8632,CQH45@hotmail.com,FWM6@cox.net;Heidi_Wilson@msn.com,,CLH44@netzero.com,32801,0,
05/06/2010 10:05:09,CLH0703,PC-8632,Colt.Kendall.Perez@dtaa.com,,,Colin.Lawrence.Holder@dtaa.com,19999,0,
05/07/2010 16:16:39,CLH0703,PC-8632,Amity.Kendall.Foley@dtaa.com,,,Colin.Lawrence.Holder@dtaa.com,18359,0,
05/10/2010 14:30:11,CLH0703,PC-8632,PDH82@juno.com,,,CLH44@netzero.com,51186,0,
05/11/2010 16:25:10,CLH0703,PC-8632,Sonia_Kirkland@msn.com,,,CLH44@netzero.com,21231,0,
05/12/2010 12:45:58,CLH0703,PC-8632,Mufutau.Nehru.Contreras@dtaa.com;Penelope.Lysandra.Hayes@dtaa.com;Chanda.Celeste.Mosley@dtaa.com,Phelan.Dieter.Hendricks@dtaa.com,,Colin.Lawrence.Holder@dtaa.com,20797,0,
05/13/2010 09:45:08,CLH0703,PC-8632,Elton.Jonas.Williamson@dtaa.com,,,Colin.Lawrence.Holder@dtaa.com,18699,0,
05/14/2010 14:44:05,CLH0703,PC-8632,April.Alika.Levy@dtaa.com;Blair.Todd.Long@dtaa.com;Ruth.Yael.Burris@dtaa.com,,,Colin.Lawrence.Holder@dtaa.com,23539,0,
05/17/2010 13:27:21,CLH0703,PC-8632,Contreras-Mufutau@charter.net,,,CLH44@netzero.com,22395,0,
05/18/2010 08:09:56,CLH0703,PC-8632,Blair.Todd.Long@dtaa.com;Galena.Deborah.Francis@dtaa.com,Mariko.Ivana.Mckee@dtaa.com,,Colin.Lawrence.Holder@dtaa.com,35586,0,
05/19/2010 11:35:44,CLH0703,PC-8632,PDH82@juno.com;April_A_Levy@sbcglobal.net,,,CLH44@netzero.com,28972,0,
05/20/2010 15:09:43,CLH0703,PC-8632,Jescie.Kristen.Jenkins@dtaa.com,,,Colin.Lawrence.Holder@dtaa.com,38858,0,
05/21/2010 16:26:52,CLH0703,PC-8632,Caldwell.Quamar.Head@dtaa.com;Colt.Kendall.Perez@dtaa.com,Ivor.Amir.Tucker@dtaa.com;Petty-Arsenio@northropgrumman.com,,Colin.Lawrence.Holder@dtaa.com,31432,2,
05/24/2010 08:25:59,CLH0703,PC-8632,CQH45@hotmail.com,Eden_D_Ball@verizon.net,,CLH44@netzero.com,34031,0,
05/25/2010 09:58:03,CLH0703,PC-8632,Alden.Jesse.Day@dtaa.com,,,Colin.Lawrence.Holder@dtaa.com,41770,0,
05/26/2010 14:57:26,CLH0703,PC-8632,Fitzgerald.Wayne.Miranda@dtaa.com;Ann.Jolie.Potts@dtaa.com,Macey.Christen.Turner@dtaa.com,,Colin.Lawrence.Holder@dtaa.com,42996,0,
05/27/2010 14:17:55,CLH0703,PC-8632,Mariko.Olga.Snyder@dtaa.com;Sandoval-Fredericka@northropgrumman.com,,,Colin.Lawrence.Holder@dtaa.com,16052,0,
05/28/2010 10:51:40,CLH0703,PC-8632,Alan.Benjamin.Holder@dtaa.com,,,Colin.Lawrence.Holder@dtaa.com,33773,0,
06/01/2010 09:07:37,CLH0703,PC-8632,RYB42@cox.net,,,CLH44@netzero.com,97576,0,
06/02/2010 10:59:06,CLH0703,PC-8632,Phelan.Dieter.Hendricks@dtaa.com;Galena.Deborah.Francis@dtaa.com,April.Alika.Levy@dtaa.com;Fitzgerald.Wayne.Miranda@dtaa.com,,Colin.Lawrence.Holder@dtaa.com,22725,0,
06/03/2010 07:35:47,CLH0703,PC-8632,Nicolas.James.Cantu@dtaa.com;Risa.Laura.Bolton@dtaa.com,,,Colin.Lawrence.Holder@dtaa.com,41674,0,
06/04/2010 08:43:29,CLH0703,PC-8632,Conrad-Wayne@aol.com,,,CLH44@netzero.com,28131,0,
06/07/2010 14:33:04,CLH0703,PC-8632,Isadora_B_Brewer@cox.net;Cherokee.T.Ramirez@juno.com;MCT8@gmail.com;Conrad-Wayne@aol.com,XLB73@comcast.net,,CLH44@netzero.com,24316,0,
06/08/2010 13:43:22,CLH0703,PC-8632,Mariko.Ivana.Mckee@dtaa.com,Caldwell.Quamar.Head@dtaa.com;Fitzgerald.Len.Merrill@dtaa.com,,Colin.Lawrence.Holder@dtaa.com,43514,0,
06/09/2010 09:40:38,CLH0703,PC-8632,Calvin.J.Hood@gmail.com;Fredericka-Sandoval@juno.com,,,CLH44@netzero.com,15531,0,
06/10/2010 16:36:00,CLH0703,PC-8632,Cherokee.Tashya.Ramirez@dtaa.com;Heidi.Mia.Wilson@dtaa.com,April.Alika.Levy@dtaa.com;Eden.Deborah.Ball@dtaa.com,,Colin.Lawrence.Holder@dtaa.com,24075,0,
06/11/2010 10:29:56,CLH0703,PC-8632,Troy.Uriah.Conway@dtaa.com,,,Colin.Lawrence.Holder@dtaa.com,31277,0,
06/14/2010 09:13:27,CLH0703,PC-8632,Chaim.Chadwick.Chang@dtaa.com;Cameran_M_Williamson@raytheon.com,Phelan.Dieter.Hendricks@dtaa.com,,Colin.Lawrence.Holder@dtaa.com,33353,0,
06/15/2010 11:55:04,CLH0703,PC-8632,Hollee.Shannon.Dudley@dtaa.com;Cameran_M_Williamson@raytheon.com,Caldwell.Quamar.Head@dtaa.com,,Colin.Lawrence.Holder@dtaa.com,29155,0,
06/17/2010 12:32:42,CLH0703,PC-8632,MIM19@yahoo.com,,,CLH44@netzero.com,34048,0,
06/18/2010 08:05:17,CLH0703,PC-8632,Eden.Deborah.Ball@dtaa.com;Nicolas.James.Cantu@dtaa.com;April.Alika.Levy@dtaa.com;Owen.Len.Wheeler@dtaa.com,,,Colin.Lawrence.Holder@dtaa.com,28923,1,
06/21/2010 07:47:45,CLH0703,PC-8632,Caldwell.Quamar.Head@dtaa.com,Hyatt.Trevor.Hayes@dtaa.com,,Colin.Lawrence.Holder@dtaa.com,14354,0,
06/22/2010 16:54:22,CLH0703,PC-8632,Cameran.M.Williamson@cox.net,,,CLH44@netzero.com,31808,0,
06/23/2010 08:46:15,CLH0703,PC-8632,Cantu-Nicolas@netzero.com,,,CLH44@netzero.com,23136,0,
06/24/2010 14:41:05,CLH0703,PC-8632,Sandoval-Fredericka@northropgrumman.com,,,Colin.Lawrence.Holder@dtaa.com,28132,0,
06/25/2010 13:50:59,CLH0703,PC-8632,PDW52@bellsouth.net;Montana_Roberts@verizon.net,Contreras-Mufutau@charter.net;Yvette_J_Vang@comcast.net,,CLH44@netzero.com,22322,0,
06/28/2010 10:15:08,CLH0703,PC-8632,Paula_I_Santiago@bellsouth.net,BTL4@msn.com,,CLH44@netzero.com,23691,0,
06/29/2010 10:30:27,CLH0703,PC-8632,Ann.Jolie.Potts@dtaa.com;Myra.Kay.Greer@dtaa.com;Eden.Deborah.Ball@dtaa.com,Fletcher.Perry.Cantu@dtaa.com,,Colin.Lawrence.Holder@dtaa.com,15506,0,
06/30/2010 13:38:00,CLH0703,PC-8632,Julie.Jaime.Burns@dtaa.com;Ruth.Yael.Burris@dtaa.com,,,Colin.Lawrence.Holder@dtaa.com,21935,0,
07/01/2010 07:45:08,CLH0703,PC-8632,Penelope.Lysandra.Hayes@dtaa.com,Blair.Todd.Long@dtaa.com,,Colin.Lawrence.Holder@dtaa.com,55473,0,
07/02/2010 13:37:44,CLH0703,PC-8632,Kevyn.Quin.Charles@dtaa.com;Mufutau.Nehru.Contreras@dtaa.com;Jescie.Kristen.Jenkins@dtaa.com,Nicolas.James.Cantu@dtaa.com,,Colin.Lawrence.Holder@dtaa.com,24926,0,
07/06/2010 10:48:00,CLH0703,PC-8632,Colt.Kendall.Perez@dtaa.com,,,Colin.Lawrence.Holder@dtaa.com,42834,0,
07/07/2010 10:32:11,CLH0703,PC-8632,Nicole_M_Hodge@verizon.net,,,CLH44@netzero.com,26880,0,
07/08/2010 16:32:52,CLH0703,PC-8632,Jescie_Jenkins@aol.com;Isadora_B_Brewer@cox.net;Nicole_M_Hodge@verizon.net,,,CLH44@netzero.com,39107,0,
07/09/2010 11:01:06,CLH0703,PC-8632,Julie.Jaime.Burns@dtaa.com;Kevyn.Quin.Charles@dtaa.com;Yvette.Jeanette.Vang@dtaa.com,,,Colin.Lawrence.Holder@dtaa.com,32925,0,
07/12/2010 10:12:08,CLH0703,PC-8632,April_A_Levy@sbcglobal.net;Yvette_J_Vang@comcast.net;Amity_Foley@cox.net,Greer_Myra@comcast.net;Fredericka-Sandoval@juno.com,,CLH44@netzero.com,27194,0,
07/13/2010 15:00:14,CLH0703,PC-8632,Mufutau.Nehru.Contreras@dtaa.com,,,Colin.Lawrence.Holder@dtaa.com,29246,0,
07/14/2010 09:41:36,CLH0703,PC-8632,Raphael.Aristotle.Ray@dtaa.com,,,Colin.Lawrence.Holder@dtaa.com,32029,2,
07/15/2010 14:44:10,CLH0703,PC-8632,Jescie.Kristen.Jenkins@dtaa.com,,,Colin.Lawrence.Holder@dtaa.com,39936,0,
07/16/2010 12:17:49,CLH0703,PC-8632,PDH82@juno.com,,,CLH44@netzero.com,17207,0,
07/19/2010 16:40:27,CLH0703,PC-8632,Meredith.Florence.Valdez@dtaa.com,,,Colin.Lawrence.Holder@dtaa.com,26660,0,
07/20/2010 08:51:16,CLH0703,PC-8632,Risa_Bolton@gmail.com,,,CLH44@netzero.com,35040,0,
07/21/2010 07:57:55,CLH0703,PC-8632,Contreras-Mufutau@charter.net,,,CLH44@netzero.com,17618,1,
07/22/2010 10:47:32,CLH0703,PC-8632,PDH82@juno.com,,,CLH44@netzero.com,29069,0,
07/23/2010 15:41:01,CLH0703,PC-8632,Amity.Kendall.Foley@dtaa.com,,,Colin.Lawrence.Holder@dtaa.com,19134,0,
07/26/2010 07:38:33,CLH0703,PC-8632,Heidi.Mia.Wilson@dtaa.com,,,Colin.Lawrence.Holder@dtaa.com,16682,0,
07/27/2010 10:05:39,CLH0703,PC-8632,Mariko.Ivana.Mckee@dtaa.com;April.Alika.Levy@dtaa.com,,,Colin.Lawrence.Holder@dtaa.com,23910,0,
07/28/2010 10:52:49,CLH0703,PC-8632,Isadora_B_Brewer@cox.net;CQH45@hotmail.com;Yvette_J_Vang@comcast.net,ABH8117@optonline.net,,CLH44@netzero.com,28173,1,
07/29/2010 14:20:03,CLH0703,PC-8632,Kellie_Maldonado@hp.com,,,Colin.Lawrence.Holder@dtaa.com,18021,0,
07/30/2010 13:19:22,CLH0703,PC-8632,Kevyn.Quin.Charles@dtaa.com,,,Colin.Lawrence.Holder@dtaa.com,12537,0,
08/02/2010 08:57:01,CLH0703,PC-8632,Harvey.Colin@netzero.com,,,CLH44@netzero.com,36633,0,
08/03/2010 11:03:57,CLH0703,PC-8632,Risa_Bolton@gmail.com,,,CLH44@netzero.com,13145,0,
08/04/2010 15:23:49,CLH0703,PC-8632,MIM19@yahoo.com;XLB73@comcast.net;Montana_Roberts@verizon.net,Harvey.Colin@netzero.com,,CLH44@netzero.com,18619,5,
08/05/2010 14:58:25,CLH0703,PC-8632,Conrad-Wayne@raytheon.com,,,Colin.Lawrence.Holder@dtaa.com,25858,0,
08/06/2010 10:10:32,CLH0703,PC-8632,MIM19@yahoo.com;Hayes-Penelope@charter.net;Yvette_J_Vang@comcast.net,RYB42@cox.net,,CLH44@netzero.com,29967,1,
08/09/2010 14:37:09,CLH0703,PC-8632,Greer_Myra@comcast.net,Cherokee.T.Ramirez@juno.com,,CLH44@netzero.com,42086,0,
08/10/2010 07:50:28,CLH0703,PC-8632,Ann.Jolie.Potts@dtaa.com;Galena.Deborah.Francis@dtaa.com;Alan.Benjamin.Holder@dtaa.com;Sandoval-Fredericka@northropgrumman.com,,,Colin.Lawrence.Holder@dtaa.com,19336,0,
08/11/2010 14:11:30,CLH0703,PC-8632,MIM19@yahoo.com,,,CLH44@netzero.com,45744,0,
08/12/2010 08:59:47,CLH0703,PC-8632,Jescie.Kristen.Jenkins@dtaa.com,,,Colin.Lawrence.Holder@dtaa.com,32960,0,
08/13/2010 14:47:03,CLH0703,PC-8632,Macey.Christen.Turner@dtaa.com;Cherokee.Tashya.Ramirez@dtaa.com;Ann.Jolie.Potts@dtaa.com;Renee.Ivana.Hayden@dtaa.com,Galena.Deborah.Francis@dtaa.com,,Colin.Lawrence.Holder@dtaa.com,40503,0,
08/16/2010 08:16:59,CLH0703,PC-8632,Julie_Burns@msn.com;CQH45@hotmail.com,,,CLH44@netzero.com,33563,0,
08/17/2010 11:02:57,CLH0703,PC-8632,Daryl.Ocean.Patel@dtaa.com,,,Colin.Lawrence.Holder@dtaa.com,27785,0,
08/18/2010 13:58:27,CLH0703,PC-8632,Kevyn.Quin.Charles@dtaa.com;Ocean.Maite.Summers@dtaa.com,Amity.Kendall.Foley@dtaa.com;Nicolas.James.Cantu@dtaa.com,,Colin.Lawrence.Holder@dtaa.com,30657,0,
08/19/2010 10:39:31,CLH0703,PC-8632,Jescie_Jenkins@aol.com,,,CLH44@netzero.com,24412,0,
08/20/2010 10:36:03,CLH0703,PC-8632,Risa.Laura.Bolton@dtaa.com,,,Colin.Lawrence.Holder@dtaa.com,30607,0,
08/23/2010 15:44:39,CLH0703,PC-8632,Ray-Raphael@netzero.com,,,CLH44@netzero.com,93123,0,
08/24/2010 14:06:18,CLH0703,PC-8632,Ruth.Yael.Burris@dtaa.com;Colt.Kendall.Perez@dtaa.com;Penelope.Lysandra.Hayes@dtaa.com;Myra.Kay.Greer@dtaa.com,Jescie.Kristen.Jenkins@dtaa.com,,Colin.Lawrence.Holder@dtaa.com,15583,0,
08/25/2010 09:44:45,CLH0703,PC-8632,Ruth.Yael.Burris@dtaa.com;Ann.Jolie.Potts@dtaa.com;Macey.Christen.Turner@dtaa.com,,,Colin.Lawrence.Holder@dtaa.com,24613,0,
08/26/2010 15:55:04,CLH0703,PC-8632,Ann.J.Potts@bellsouth.net;Yvette_J_Vang@comcast.net;April_A_Levy@sbcglobal.net;Ray-Raphael@netzero.com;Eden_D_Ball@verizon.net,,,CLH44@netzero.com,23628,0,
08/27/2010 13:10:59,CLH0703,PC-8632,Harrison.Samuel.Gonzales@dtaa.com;Heidi.Mia.Wilson@dtaa.com,Galena.Deborah.Francis@dtaa.com,,Colin.Lawrence.Holder@dtaa.com,31999,0,
08/30/2010 10:25:20,CLH0703,PC-8632,Calvin.Jarrod.Hood@dtaa.com,,,Colin.Lawrence.Holder@dtaa.com,31862,0,
08/31/2010 12:28:01,CLH0703,PC-8632,Ruth.Yael.Burris@dtaa.com,,,Colin.Lawrence.Holder@dtaa.com,32974,0,
09/01/2010 11:18:09,CLH0703,PC-8632,Eden.Deborah.Ball@dtaa.com,,,Colin.Lawrence.Holder@dtaa.com,29837,0,
09/02/2010 09:59:53,CLH0703,PC-8632,Thaddeus_E_Martin@hotmail.com;Calvin.J.Hood@gmail.com,,,CLH44@netzero.com,50750,0,
09/03/2010 10:58:22,CLH0703,PC-8632,Amity_Foley@cox.net,,,CLH44@netzero.com,25851,0,
09/07/2010 16:46:44,CLH0703,PC-8632,Cherokee.T.Ramirez@juno.com,,,CLH44@netzero.com,37442,0,
09/08/2010 09:22:40,CLH0703,PC-8632,ABH8117@optonline.net,,,CLH44@netzero.com,39001,0,
09/09/2010 15:49:33,CLH0703,PC-8632,Risa_Bolton@gmail.com,,,CLH44@netzero.com,31897,0,
09/10/2010 14:58:15,CLH0703,PC-8632,XLB73@comcast.net,,,CLH44@netzero.com,46757,0,
09/13/2010 15:28:00,CLH0703,PC-8632,Zia.Shelley.Blankenship@dtaa.com;Heidi.Mia.Wilson@dtaa.com;Caldwell.Quamar.Head@dtaa.com,Kevyn.Quin.Charles@dtaa.com,,Colin.Lawrence.Holder@dtaa.com,41407,0,
09/15/2010 14:46:19,CLH0703,PC-8632,Amity.Kendall.Foley@dtaa.com,Galena.Deborah.Francis@dtaa.com,,Colin.Lawrence.Holder@dtaa.com,29753,0,
09/16/2010 07:55:39,CLH0703,PC-8632,Blair.Bruno.Grimes@dtaa.com,,,Colin.Lawrence.Holder@dtaa.com,59769,0,
09/17/2010 13:01:05,CLH0703,PC-8632,Macey.Christen.Turner@dtaa.com,,,Colin.Lawrence.Holder@dtaa.com,18140,0,
09/20/2010 13:42:37,CLH0703,PC-8632,Galena.D.Francis@hotmail.com;Jescie_Jenkins@aol.com;Isadora_B_Brewer@cox.net,Eden_D_Ball@verizon.net,,CLH44@netzero.com,35945,0,
09/21/2010 07:46:07,CLH0703,PC-8632,Eden_D_Ball@verizon.net;Cherokee.T.Ramirez@juno.com;Yvette_J_Vang@comcast.net;Calvin.J.Hood@gmail.com;KLC87@verizon.net,,,CLH44@netzero.com,14569,0,
09/22/2010 09:28:05,CLH0703,PC-8632,Alan.Benjamin.Holder@dtaa.com;Nicolas.James.Cantu@dtaa.com,Jescie.Kristen.Jenkins@dtaa.com,,Colin.Lawrence.Holder@dtaa.com,15109,0,
09/23/2010 08:57:02,CLH0703,PC-8632,Xanthus.Louis.Buck@dtaa.com,,,Colin.Lawrence.Holder@dtaa.com,28147,0,
09/24/2010 16:39:29,CLH0703,PC-8632,XLB73@comcast.net,,,CLH44@netzero.com,28536,0,
09/27/2010 10:20:42,CLH0703,PC-8632,Calvin.Jarrod.Hood@dtaa.com,Ruth.Yael.Burris@dtaa.com,,Colin.Lawrence.Holder@dtaa.com,22657,0,
09/28/2010 15:10:18,CLH0703,PC-8632,PDH82@juno.com;Petty-Arsenio@hotmail.com,Calvin.J.Hood@gmail.com,,CLH44@netzero.com,37283,0,
09/29/2010 08:16:06,CLH0703,PC-8632,Calvin.Jarrod.Hood@dtaa.com,,,Colin.Lawrence.Holder@dtaa.com,22815,0,
09/30/2010 08:13:06,CLH0703,PC-8632,RYB42@cox.net,,,CLH44@netzero.com,30083,0,
10/01/2010 11:07:44,CLH0703,PC-8632,Heidi.Mia.Wilson@dtaa.com,,,Colin.Lawrence.Holder@dtaa.com,29726,0,
10/04/2010 11:01:08,CLH0703,PC-8632,Cantu-Nicolas@netzero.com;PRM152@sbcglobal.net;Amity_Foley@cox.net;BTL4@msn.com,CKP523@earthlink.net,,CLH44@netzero.com,48885,0,
10/05/2010 13:21:17,CLH0703,PC-8632,Penelope.Lysandra.Hayes@dtaa.com;Petty-Arsenio@northropgrumman.com,Mufutau.Nehru.Contreras@dtaa.com,,Colin.Lawrence.Holder@dtaa.com,39235,0,
10/06/2010 14:45:29,CLH0703,PC-8632,Eden_D_Ball@verizon.net;Contreras-Mufutau@charter.net;ABH8117@optonline.net,Unity_Gentry@yahoo.com,,CLH44@netzero.com,36230,1,
10/07/2010 11:02:22,CLH0703,PC-8632,Colt.Kendall.Perez@dtaa.com,,,Colin.Lawrence.Holder@dtaa.com,25225,0,
10/08/2010 16:25:34,CLH0703,PC-8632,CQH45@hotmail.com;PKB9@msn.com;Greer_Myra@comcast.net,Ivory_L_Rogers@aol.com,,CLH44@netzero.com,30451,0,
10/11/2010 16:00:28,CLH0703,PC-8632,Galena.D.Francis@hotmail.com,Cameran.M.Williamson@cox.net,,CLH44@netzero.com,24832,0,
10/12/2010 16:36:12,CLH0703,PC-8632,Greer_Myra@comcast.net;Galena.D.Francis@hotmail.com,Julie_Burns@msn.com,,CLH44@netzero.com,43938,0,
10/13/2010 10:38:15,CLH0703,PC-8632,Ann.Jolie.Potts@dtaa.com,,,Colin.Lawrence.Holder@dtaa.com,27558,0,
10/14/2010 14:03:37,CLH0703,PC-8632,Cantu-Nicolas@netzero.com;Addison-E-Snyder@earthlink.net,,,CLH44@netzero.com,31030,0,
10/15/2010 14:36:27,CLH0703,PC-8632,Jescie_Jenkins@aol.com,,,CLH44@netzero.com,40910,0,
10/18/2010 11:54:14,CLH0703,PC-8632,Caldwell.Quamar.Head@dtaa.com,,,Colin.Lawrence.Holder@dtaa.com,27959,0,
10/19/2010 12:41:32,CLH0703,PC-8632,Morgan-Melyssa@sbcglobal.net,,,CLH44@netzero.com,21190,0,
10/20/2010 10:53:22,CLH0703,PC-8632,Ann.J.Potts@bellsouth.net,,,CLH44@netzero.com,20007,0,
10/21/2010 09:38:17,CLH0703,PC-8632,LCD72@yahoo.com;Jescie_Jenkins@aol.com,,,CLH44@netzero.com,20220,0,
10/25/2010 08:34:13,CLH0703,PC-8632,Ruth.Yael.Burris@dtaa.com;Calvin.Jarrod.Hood@dtaa.com,Eden.Deborah.Ball@dtaa.com;Amity.Kendall.Foley@dtaa.com,,Colin.Lawrence.Holder@dtaa.com,20263,0,
10/26/2010 14:59:39,CLH0703,PC-8632,Nicolas.James.Cantu@dtaa.com;Calvin.Jarrod.Hood@dtaa.com;Jonas.Connor.Riddle@dtaa.com;Ann.Jolie.Potts@dtaa.com,,,Colin.Lawrence.Holder@dtaa.com,38465,0,
10/27/2010 12:19:35,CLH0703,PC-8632,Caldwell.Quamar.Head@dtaa.com;Mariko.Ivana.Mckee@dtaa.com;Ruth.Yael.Burris@dtaa.com,,,Colin.Lawrence.Holder@dtaa.com,21972,0,
10/28/2010 10:48:46,CLH0703,PC-8632,Myra.Kay.Greer@dtaa.com;Alan.Benjamin.Holder@dtaa.com;Macey.Christen.Turner@dtaa.com,Mariko.Ivana.Mckee@dtaa.com,,Colin.Lawrence.Holder@dtaa.com,25405,0,
10/29/2010 08:20:14,CLH0703,PC-8632,Mufutau.Nehru.Contreras@dtaa.com,,,Colin.Lawrence.Holder@dtaa.com,29836,0,
11/01/2010 16:18:44,CLH0703,PC-8632,April.Alika.Levy@dtaa.com,,,Colin.Lawrence.Holder@dtaa.com,16893,0,
11/02/2010 15:01:00,CLH0703,PC-8632,Isadora_B_Brewer@cox.net,Kevyn_Q_Charles@gmail.com,,CLH44@netzero.com,29695,0,
11/03/2010 12:13:14,CLH0703,PC-8632,RYB42@cox.net;Yvette_J_Vang@comcast.net;April_A_Levy@sbcglobal.net;Amity_Foley@cox.net,,,CLH44@netzero.com,26764,0,
11/04/2010 14:19:46,CLH0703,PC-8632,Nicolas.Brandon.Hendrix@dtaa.com;Ruth.Yael.Burris@dtaa.com,,,Colin.Lawrence.Holder@dtaa.com,34351,0,
11/05/2010 13:41:28,CLH0703,PC-8632,Ann.Jolie.Potts@dtaa.com,Conrad-Wayne@raytheon.com,,Colin.Lawrence.Holder@dtaa.com,40836,0,
11/08/2010 12:53:19,CLH0703,PC-8632,Petty-Arsenio@northropgrumman.com,,,Colin.Lawrence.Holder@dtaa.com,20218,0,
11/09/2010 15:20:39,CLH0703,PC-8632,Risa.Laura.Bolton@dtaa.com;Kevyn.Quin.Charles@dtaa.com,Caleb.Jonas.Chang@dtaa.com,,Colin.Lawrence.Holder@dtaa.com,33395,0,
11/10/2010 08:19:58,CLH0703,PC-8632,Cherokee.Tashya.Ramirez@dtaa.com;Kevyn.Quin.Charles@dtaa.com;Libby.Rosalyn.Richard@dtaa.com,Calvin.Jarrod.Hood@dtaa.com;Elton.Jonas.Williamson@dtaa.com,,Colin.Lawrence.Holder@dtaa.com,27023,0,
11/11/2010 08:20:19,CLH0703,PC-8632,MCT8@gmail.com,,,CLH44@netzero.com,17967,0,
11/12/2010 10:29:49,CLH0703,PC-8632,Isadora.Buffy.Brewer@dtaa.com;April.Alika.Levy@dtaa.com;Mufutau.Nehru.Contreras@dtaa.com;Fitzgerald.Wayne.Miranda@dtaa.com,,,Colin.Lawrence.Holder@dtaa.com,40609,0,
11/15/2010 12:05:31,CLH0703,PC-8632,Yvette.Jeanette.Vang@dtaa.com;Mariko.Ivana.Mckee@dtaa.com,Phelan.Dieter.Hendricks@dtaa.com;Penelope.Lysandra.Hayes@dtaa.com;Risa.Laura.Bolton@dtaa.com,,Colin.Lawrence.Holder@dtaa.com,23780,0,
11/16/2010 12:51:05,CLH0703,PC-8632,Phelan.Dieter.Hendricks@dtaa.com,,,Colin.Lawrence.Holder@dtaa.com,41588,0,
11/17/2010 10:21:26,CLH0703,PC-8632,Adam_Harrell@charter.net;CKP523@earthlink.net,BTL4@msn.com;Joel.K.Mccarty@earthlink.net,,CLH44@netzero.com,29111,0,
11/18/2010 16:11:17,CLH0703,PC-8632,XLB73@comcast.net,CKP523@earthlink.net,,CLH44@netzero.com,17257,0,
11/19/2010 16:15:41,CLH0703,PC-8632,Cantu-Nicolas@netzero.com;Greer_Myra@comcast.net;Heidi_Wilson@msn.com,,,CLH44@netzero.com,20910,0,
11/22/2010 16:39:34,CLH0703,PC-8632,MIM19@yahoo.com;Heidi_Wilson@msn.com;QPM2692@earthlink.net;FWM6@cox.net,CQH45@hotmail.com,,CLH44@netzero.com,46274,0,
11/23/2010 10:40:43,CLH0703,PC-8632,Myra.Kay.Greer@dtaa.com;CTH868@hp.com,,,Colin.Lawrence.Holder@dtaa.com,31581,0,
11/24/2010 11:34:28,CLH0703,PC-8632,Montana_Roberts@verizon.net;Julie_Burns@msn.com;Huber-Hyatt@hotmail.com,Amity_Foley@cox.net,,CLH44@netzero.com,36810,1,
11/29/2010 16:18:57,CLH0703,PC-8632,Colt.Kendall.Perez@dtaa.com;Steel.Solomon.Garrison@dtaa.com,Penelope.Lysandra.Hayes@dtaa.com,,Colin.Lawrence.Holder@dtaa.com,29547,0,
11/30/2010 13:02:58,CLH0703,PC-8632,Penelope.Lysandra.Hayes@dtaa.com;Heidi.Mia.Wilson@dtaa.com,,,Colin.Lawrence.Holder@dtaa.com,52431,0,
12/01/2010 08:24:25,CLH0703,PC-8632,ABH8117@optonline.net;CQH45@hotmail.com;Calvin.J.Hood@gmail.com;Conrad-Wayne@aol.com,Isadora_B_Brewer@cox.net,,CLH44@netzero.com,38818,0,
12/02/2010 15:11:21,CLH0703,PC-8632,Penelope.Lysandra.Hayes@dtaa.com;Galena.Deborah.Francis@dtaa.com;Ann.Jolie.Potts@dtaa.com;Risa.Laura.Bolton@dtaa.com,Montana.Basia.Roberts@dtaa.com,,Colin.Lawrence.Holder@dtaa.com,16487,0,
12/03/2010 10:24:58,CLH0703,PC-8632,MIM19@yahoo.com;Montana_Roberts@verizon.net,,,CLH44@netzero.com,20614,0,
12/07/2010 08:25:21,CLH0703,PC-8632,Isadora.Buffy.Brewer@dtaa.com,,,Colin.Lawrence.Holder@dtaa.com,34961,0,
12/08/2010 16:16:45,CLH0703,PC-8632,Kevyn.Quin.Charles@dtaa.com,,,Colin.Lawrence.Holder@dtaa.com,17536,0,
12/09/2010 13:33:06,CLH0703,PC-8632,BTL4@msn.com,,,CLH44@netzero.com,34834,0,
12/10/2010 15:24:06,CLH0703,PC-8632,Myra.Kay.Greer@dtaa.com;Mariko.Ivana.Mckee@dtaa.com,,,Colin.Lawrence.Holder@dtaa.com,30766,0,
12/13/2010 11:57:24,CLH0703,PC-8632,Julie_Burns@msn.com;Hayes-Penelope@charter.net,MCT8@gmail.com,,CLH44@netzero.com,43148,0,
12/14/2010 12:11:38,CLH0703,PC-8632,Julie_Burns@msn.com;BTL4@msn.com,Isadora_B_Brewer@cox.net,,CLH44@netzero.com,27324,0,
12/15/2010 11:25:17,CLH0703,PC-8632,PDH82@juno.com;Isabelle-Dennis@cox.net,,,CLH44@netzero.com,25471,0,
12/16/2010 14:49:24,CLH0703,PC-8632,ABH8117@optonline.net;CQH45@hotmail.com,,,CLH44@netzero.com,13558,0,
12/17/2010 13:54:03,CLH0703,PC-8632,Penelope.Lysandra.Hayes@dtaa.com,,,Colin.Lawrence.Holder@dtaa.com,25362,0,
12/20/2010 16:36:15,CLH0703,PC-8632,Mallory.Alexis.Daniel@dtaa.com;Risa.Laura.Bolton@dtaa.com,,,Colin.Lawrence.Holder@dtaa.com,37558,0,
12/22/2010 16:09:05,CLH0703,PC-8632,KLC87@verizon.net,,,CLH44@netzero.com,24932,0,
12/27/2010 10:19:51,CLH0703,PC-8632,Risa.Laura.Bolton@dtaa.com,,,Colin.Lawrence.Holder@dtaa.com,28767,0,
12/28/2010 10:01:04,CLH0703,PC-8632,FWM6@cox.net,,,CLH44@netzero.com,45119,0,
12/29/2010 10:15:01,CLH0703,PC-8632,Katelyn.L.Murray@comcast.net,,,CLH44@netzero.com,37170,0,
12/30/2010 09:29:33,CLH0703,PC-8632,DBB7621@cox.net,,,CLH44@netzero.com,26059,0,
01/03/2011 15:54:17,CLH0703,PC-8632,Montana_Roberts@verizon.net,Kevyn_Q_Charles@gmail.com;Julie_Burns@msn.com;Cameran.M.Williamson@cox.net,,CLH44@netzero.com,29262,1,
01/04/2011 16:12:17,CLH0703,PC-8632,XLB73@comcast.net,RYB42@cox.net;Montana_Roberts@verizon.net;Risa_Bolton@gmail.com;Cherokee.T.Ramirez@juno.com,,CLH44@netzero.com,32609,0,
01/06/2011 13:33:02,CLH0703,PC-8632,Hayes-Penelope@charter.net,,,CLH44@netzero.com,34525,0,
01/07/2011 08:14:06,CLH0703,PC-8632,April.Alika.Levy@dtaa.com,,,Colin.Lawrence.Holder@dtaa.com,40244,0,
01/10/2011 16:24:13,CLH0703,PC-8632,Ann.Jolie.Potts@dtaa.com;Mariko.Ivana.Mckee@dtaa.com;Nicolas.Brandon.Hendrix@dtaa.com,,,Colin.Lawrence.Holder@dtaa.com,36643,0,
01/11/2011 10:36:07,CLH0703,PC-8632,Yvette_J_Vang@comcast.net,,,CLH44@netzero.com,21152,0,
01/12/2011 12:50:06,CLH0703,PC-8632,Penelope.Lysandra.Hayes@dtaa.com,,,Colin.Lawrence.Holder@dtaa.com,31412,0,
01/14/2011 11:48:26,CLH0703,PC-8632,Myra.Kay.Greer@dtaa.com,,,Colin.Lawrence.Holder@dtaa.com,16422,0,
01/17/2011 15:46:01,CLH0703,PC-8632,MCT8@gmail.com,,,CLH44@netzero.com,27514,0,
01/18/2011 08:44:20,CLH0703,PC-8632,Colt.Kendall.Perez@dtaa.com,,,Colin.Lawrence.Holder@dtaa.com,25684,0,
01/19/2011 11:12:14,CLH0703,PC-8632,Heidi_Wilson@msn.com,,,CLH44@netzero.com,38450,0,
01/20/2011 08:01:23,CLH0703,PC-8632,MCT8@gmail.com;Hayes-Penelope@charter.net,Dickerson-Adrian@earthlink.net,,CLH44@netzero.com,31837,1,
01/21/2011 09:00:57,CLH0703,PC-8632,ABH8117@optonline.net,,,CLH44@netzero.com,20156,0,
01/24/2011 14:12:16,CLH0703,PC-8632,XLB73@comcast.net,,,CLH44@netzero.com,32647,0,
01/25/2011 14:50:51,CLH0703,PC-8632,Jeanette.Cally.Whitfield@dtaa.com,,,Colin.Lawrence.Holder@dtaa.com,22396,0,
01/26/2011 09:07:28,CLH0703,PC-8632,Risa.Laura.Bolton@dtaa.com,,,Colin.Lawrence.Holder@dtaa.com,25608,1,
01/27/2011 10:45:35,CLH0703,PC-8632,Amity.Kendall.Foley@dtaa.com,,,Colin.Lawrence.Holder@dtaa.com,31542,0,
01/28/2011 10:24:38,CLH0703,PC-8632,BTL4@msn.com,,,CLH44@netzero.com,35796,0,
01/31/2011 13:07:15,CLH0703,PC-8632,PDH82@juno.com,Contreras-Mufutau@charter.net,,CLH44@netzero.com,31617,0,
02/01/2011 11:50:15,CLH0703,PC-8632,MCT8@gmail.com,,,CLH44@netzero.com,46887,0,
02/02/2011 12:35:13,CLH0703,PC-8632,Cherokee.T.Ramirez@juno.com;MIM19@yahoo.com,,,CLH44@netzero.com,50204,0,
02/03/2011 08:14:29,CLH0703,PC-8632,Kevyn.Quin.Charles@dtaa.com,,,Colin.Lawrence.Holder@dtaa.com,32721,0,
02/04/2011 16:04:26,CLH0703,PC-8632,Cantu-Nicolas@netzero.com,,,CLH44@netzero.com,39266,1,
02/07/2011 09:59:06,CLH0703,PC-8632,Alec.Scott.Goff@dtaa.com,,,Colin.Lawrence.Holder@dtaa.com,23856,6,
02/08/2011 08:18:19,CLH0703,PC-8632,Ann.J.Potts@bellsouth.net,,,CLH44@netzero.com,31267,0,
02/09/2011 13:58:04,CLH0703,PC-8632,Julie.Jaime.Burns@dtaa.com;Galena.Deborah.Francis@dtaa.com,,,Colin.Lawrence.Holder@dtaa.com,43609,0,
02/10/2011 13:51:21,CLH0703,PC-8632,Xandra_Nielsen@verizon.net,,,CLH44@netzero.com,28875,0,
02/11/2011 14:08:07,CLH0703,PC-8632,Nicolas.James.Cantu@dtaa.com;Xanthus.Louis.Buck@dtaa.com;Colt.Kendall.Perez@dtaa.com;Urielle.Jane.Carter@dtaa.com,,,Colin.Lawrence.Holder@dtaa.com,20238,1,
02/14/2011 08:26:46,CLH0703,PC-8632,MIM19@yahoo.com,,,CLH44@netzero.com,29663,5,
02/15/2011 10:00:36,CLH0703,PC-8632,Isadora_B_Brewer@cox.net,Jescie_Jenkins@aol.com,,CLH44@netzero.com,53202,0,
02/16/2011 15:25:46,CLH0703,PC-8632,Mufutau.Nehru.Contreras@dtaa.com;Fitzgerald.Wayne.Miranda@dtaa.com;Cherokee.Tashya.Ramirez@dtaa.com;Myra.Kay.Greer@dtaa.com;Kevyn.Quin.Charles@dtaa.com,,,Colin.Lawrence.Holder@dtaa.com,19285,1,
02/17/2011 12:25:57,CLH0703,PC-8632,Blair.Todd.Long@dtaa.com;Alan.Benjamin.Holder@dtaa.com,,,Colin.Lawrence.Holder@dtaa.com,27687,0,
02/18/2011 10:35:50,CLH0703,PC-8632,Julie.Jaime.Burns@dtaa.com;Jescie.Kristen.Jenkins@dtaa.com;Macey.Christen.Turner@dtaa.com;Jane.Justina.Hunt@dtaa.com,Minerva.Emerald.Solomon@dtaa.com,,Colin.Lawrence.Holder@dtaa.com,47537,2,
02/21/2011 14:36:38,CLH0703,PC-8632,Isadora_B_Brewer@cox.net;Philip.T.Hartman@sbcglobal.net;KLC87@verizon.net,,,CLH44@netzero.com,35255,0,
02/22/2011 12:35:15,CLH0703,PC-8632,Cantu-Nicolas@netzero.com,,,CLH44@netzero.com,18620,0,
02/23/2011 15:33:56,CLH0703,PC-8632,Xanthus.Louis.Buck@dtaa.com;Mariko.Ivana.Mckee@dtaa.com;Quinlan.H.Poole@lockheedmartin.com,,,Colin.Lawrence.Holder@dtaa.com,29935,0,
02/24/2011 09:20:19,CLH0703,PC-8632,April.Alika.Levy@dtaa.com,Cherokee.Tashya.Ramirez@dtaa.com,,Colin.Lawrence.Holder@dtaa.com,24665,0,
02/25/2011 09:03:22,CLH0703,PC-8632,Colt.Kendall.Perez@dtaa.com;Ruth.Yael.Burris@dtaa.com,,,Colin.Lawrence.Holder@dtaa.com,18279,0,
02/28/2011 13:56:40,CLH0703,PC-8632,Amity_Foley@cox.net;Yvette_J_Vang@comcast.net,Greer_Myra@comcast.net,,CLH44@netzero.com,15526,0,
03/01/2011 08:19:51,CLH0703,PC-8632,BTL4@msn.com,,,CLH44@netzero.com,39391,0,
03/02/2011 16:07:22,CLH0703,PC-8632,Jeanette_Whitfield@verizon.net,,,CLH44@netzero.com,28476,0,
03/03/2011 15:54:49,CLH0703,PC-8632,Amity.Kendall.Foley@dtaa.com;Alan.Benjamin.Holder@dtaa.com,,,Colin.Lawrence.Holder@dtaa.com,24325,0,
03/04/2011 11:49:52,CLH0703,PC-8632,Julie.Jaime.Burns@dtaa.com,Ruth.Yael.Burris@dtaa.com,,Colin.Lawrence.Holder@dtaa.com,41478,0,
03/07/2011 07:59:21,CLH0703,PC-8632,CQH45@hotmail.com;Jescie_Jenkins@aol.com;Ann.J.Potts@bellsouth.net;Lott-Kim@aol.com;Fredericka-Sandoval@juno.com,,,CLH44@netzero.com,19490,1,
03/08/2011 10:38:53,CLH0703,PC-8632,Calvin.Jarrod.Hood@dtaa.com;Rina.Denise.Mcgee@dtaa.com,Alan.Benjamin.Holder@dtaa.com;Risa.Laura.Bolton@dtaa.com,,Colin.Lawrence.Holder@dtaa.com,19637,0,
03/09/2011 12:07:05,CLH0703,PC-8632,Colt.Kendall.Perez@dtaa.com,,,Colin.Lawrence.Holder@dtaa.com,22489,0,
03/10/2011 14:46:55,CLH0703,PC-8632,Alan.Benjamin.Holder@dtaa.com,,,Colin.Lawrence.Holder@dtaa.com,28060,2,
03/11/2011 13:44:43,CLH0703,PC-8632,Cantu-Nicolas@netzero.com,,,CLH44@netzero.com,30285,0,
03/14/2011 09:09:14,CLH0703,PC-8632,Mariko.Ivana.Mckee@dtaa.com;Montana.Basia.Roberts@dtaa.com;Blair.Todd.Long@dtaa.com,Jescie.Kristen.Jenkins@dtaa.com,,Colin.Lawrence.Holder@dtaa.com,33100,0,
03/15/2011 15:01:20,CLH0703,PC-8632,Colt.Kendall.Perez@dtaa.com,,,Colin.Lawrence.Holder@dtaa.com,37466,0,
03/16/2011 08:11:53,CLH0703,PC-8632,Blair.Todd.Long@dtaa.com,,,Colin.Lawrence.Holder@dtaa.com,45769,0,
03/17/2011 08:55:23,CLH0703,PC-8632,Macey.Christen.Turner@dtaa.com,Julie.Jaime.Burns@dtaa.com,,Colin.Lawrence.Holder@dtaa.com,40193,0,
03/18/2011 16:18:34,CLH0703,PC-8632,MCT8@gmail.com;Cherokee.T.Ramirez@juno.com,Galena.D.Francis@hotmail.com,,CLH44@netzero.com,34196,2,
03/21/2011 15:33:22,CLH0703,PC-8632,Galena.Deborah.Francis@dtaa.com,,,Colin.Lawrence.Holder@dtaa.com,27559,0,
03/22/2011 16:22:48,CLH0703,PC-8632,Jade_Caldwell@bellsouth.net,,,CLH44@netzero.com,30565,0,
03/23/2011 13:17:37,CLH0703,PC-8632,Lawrence-Hiram@earthlink.net,,,CLH44@netzero.com,29469,0,
03/24/2011 10:24:55,CLH0703,PC-8632,Iona_B_Payne@cox.net;NIM3974@verizon.net,,,CLH44@netzero.com,27138,0,
03/25/2011 07:36:10,CLH0703,PC-8632,BTL4@msn.com,,,CLH44@netzero.com,41028,0,
03/28/2011 07:48:01,CLH0703,PC-8632,Penelope.Lysandra.Hayes@dtaa.com;Yvette.Jeanette.Vang@dtaa.com;Ann.Jolie.Potts@dtaa.com;Amity.Kendall.Foley@dtaa.com,,,Colin.Lawrence.Holder@dtaa.com,30937,0,
03/29/2011 07:56:56,CLH0703,PC-8632,CQH45@hotmail.com,,,CLH44@netzero.com,13819,0,
03/30/2011 10:11:07,CLH0703,PC-8632,FWM6@cox.net;PDH82@juno.com;Montana_Roberts@verizon.net,,,CLH44@netzero.com,38769,0,
03/31/2011 08:18:11,CLH0703,PC-8632,Lott-Kim@aol.com,,,CLH44@netzero.com,33218,0,
04/01/2011 15:03:39,CLH0703,PC-8632,Calvin.Jarrod.Hood@dtaa.com,,,Colin.Lawrence.Holder@dtaa.com,31143,0,
04/04/2011 14:44:19,CLH0703,PC-8632,Montana.Basia.Roberts@dtaa.com;Galena.Deborah.Francis@dtaa.com,,,Colin.Lawrence.Holder@dtaa.com,43276,0,
04/05/2011 11:35:37,CLH0703,PC-8632,Cherokee.Tashya.Ramirez@dtaa.com,,,Colin.Lawrence.Holder@dtaa.com,69630,0,
04/06/2011 14:07:41,CLH0703,PC-8632,XLB73@comcast.net,,,CLH44@netzero.com,57309,0,
04/07/2011 11:52:32,CLH0703,PC-8632,Galena.Deborah.Francis@dtaa.com,,,Colin.Lawrence.Holder@dtaa.com,35913,0,
04/08/2011 09:06:38,CLH0703,PC-8632,April.Alika.Levy@dtaa.com;Roary.Ursa.Massey@dtaa.com;Perkins-Rebekah@hp.com,,,Colin.Lawrence.Holder@dtaa.com,23824,0,
04/11/2011 14:44:52,CLH0703,PC-8632,Kevyn.Quin.Charles@dtaa.com;Ann.Jolie.Potts@dtaa.com;Isadora.Buffy.Brewer@dtaa.com;Macey.Christen.Turner@dtaa.com,Jescie.Kristen.Jenkins@dtaa.com,,Colin.Lawrence.Holder@dtaa.com,17235,0,
04/12/2011 16:41:35,CLH0703,PC-8632,FWM6@cox.net;MIM19@yahoo.com;RYB42@cox.net,Heidi_Wilson@msn.com,,CLH44@netzero.com,35407,1,
04/13/2011 12:32:50,CLH0703,PC-8632,Colt.Kendall.Perez@dtaa.com,,,Colin.Lawrence.Holder@dtaa.com,36440,0,
04/14/2011 14:02:27,CLH0703,PC-8632,Maxwell.Dante.Hutchinson@dtaa.com,Myra.Kay.Greer@dtaa.com,,Colin.Lawrence.Holder@dtaa.com,24803,0,
04/15/2011 16:06:14,CLH0703,PC-8632,Penelope.Lysandra.Hayes@dtaa.com;Xanthus.Louis.Buck@dtaa.com;Caldwell.Quamar.Head@dtaa.com;Reece.Nicolas.Lopez@dtaa.com,Yvette.Jeanette.Vang@dtaa.com,,Colin.Lawrence.Holder@dtaa.com,50387,0,
04/18/2011 13:45:09,CLH0703,PC-8632,Heidi.Mia.Wilson@dtaa.com;Alan.Benjamin.Holder@dtaa.com;April.Alika.Levy@dtaa.com,,,Colin.Lawrence.Holder@dtaa.com,29758,0,
04/19/2011 12:34:50,CLH0703,PC-8632,Heidi.Mia.Wilson@dtaa.com;Ruth.Yael.Burris@dtaa.com;Yvette.Jeanette.Vang@dtaa.com,Amity.Kendall.Foley@dtaa.com,,Colin.Lawrence.Holder@dtaa.com,12925,0,
04/20/2011 07:43:06,CLH0703,PC-8632,Julie_Burns@msn.com,Greer_Myra@comcast.net,,CLH44@netzero.com,29461,0,
04/21/2011 09:58:08,CLH0703,PC-8632,Alan.Benjamin.Holder@dtaa.com,,,Colin.Lawrence.Holder@dtaa.com,24474,0,
04/25/2011 09:30:33,CLH0703,PC-8632,Meredith.Pamela.Tanner@dtaa.com,,,Colin.Lawrence.Holder@dtaa.com,24344,0,
04/26/2011 09:16:06,CLH0703,PC-8632,CQH45@hotmail.com,,,CLH44@netzero.com,22282,0,
04/27/2011 16:21:20,CLH0703,PC-8632,Diana.L.Solis@hotmail.com,,,CLH44@netzero.com,29061,0,
04/28/2011 14:25:33,CLH0703,PC-8632,Kevyn.Quin.Charles@dtaa.com,,,Colin.Lawrence.Holder@dtaa.com,25506,0,
05/02/2011 13:27:59,CLH0703,PC-8632,Bianca_Roach@juno.com,,,CLH44@netzero.com,19857,0,
05/03/2011 11:57:56,CLH0703,PC-8632,Contreras-Mufutau@charter.net,,,CLH44@netzero.com,18855,0,
05/04/2011 07:48:34,CLH0703,PC-8632,ABH8117@optonline.net;Julie_Burns@msn.com;Heidi_Wilson@msn.com,,,CLH44@netzero.com,27677,0,
05/05/2011 13:56:17,CLH0703,PC-8632,Ann.J.Potts@bellsouth.net,,,CLH44@netzero.com,37799,0,
05/06/2011 15:00:20,CLH0703,PC-8632,CKP523@earthlink.net,,,CLH44@netzero.com,16266,0,
05/09/2011 09:47:23,CLH0703,PC-8632,Jescie_Jenkins@aol.com;Risa_Bolton@gmail.com,Yvette_J_Vang@comcast.net;Amity_Foley@cox.net,,CLH44@netzero.com,25691,1,
05/10/2011 15:26:59,CLH0703,PC-8632,Stuart-Grant@yahoo.com,,,CLH44@netzero.com,20029,0,
05/11/2011 08:04:59,CLH0703,PC-8632,PKB7175@optonline.net,Kevyn_Q_Charles@gmail.com,,CLH44@netzero.com,26337,0,
05/13/2011 16:30:18,CLH0703,PC-8632,Amity.Kendall.Foley@dtaa.com;Yvette.Jeanette.Vang@dtaa.com,,,Colin.Lawrence.Holder@dtaa.com,27663,0,
05/16/2011 13:23:10,CLH0703,PC-8632,Randall.Hashim.Palmer@dtaa.com,,,Colin.Lawrence.Holder@dtaa.com,20619,0,
