01/04/2010 10:07:11,ELH0960,PC-7775,Felicia.Xantha.Farley@dtaa.com,Sandra.Beverly.Diaz@dtaa.com,,Emerald.Lysandra.Hodges@dtaa.com,21572,0,
01/06/2010 09:29:07,ELH0960,PC-7775,Graiden.Nehru.Zimmerman@dtaa.com,,,Emerald.Lysandra.Hodges@dtaa.com,28158,0,
01/07/2010 09:40:06,ELH0960,PC-7775,Graiden.Nehru.Zimmerman@dtaa.com;Octavia.May.Maddox@dtaa.com;Basia.Nevada.Riggs@dtaa.com;Eugenia.S.Mckay@boeing.com,Naida.Imelda.Hughes@dtaa.com,,Emerald.Lysandra.Hodges@dtaa.com,36435,0,
01/11/2010 11:23:55,ELH0960,PC-7775,Basia.Nevada.Riggs@dtaa.com,,,Emerald.Lysandra.Hodges@dtaa.com,43307,0,
01/12/2010 11:33:18,ELH0960,PC-7775,Ivy.Charissa.Solis@dtaa.com,,,Emerald.Lysandra.Hodges@dtaa.com,37055,0,
01/13/2010 07:42:32,ELH0960,PC-7775,Kenneth.Steel.Porter@dtaa.com;Alice.Sierra.Valenzuela@dtaa.com,Cody.Jonathan.Potter@dtaa.com;Graiden.Nehru.Zimmerman@dtaa.com;Hashim.Damon.Dudley@dtaa.com,,Emerald.Lysandra.Hodges@dtaa.com,21248,0,
01/14/2010 11:57:57,ELH0960,PC-7775,Graiden.Nehru.Zimmerman@dtaa.com;Xenos.Rudyard.Small@dtaa.com,,,Emerald.Lysandra.Hodges@dtaa.com,60047,0,
01/15/2010 13:21:22,ELH0960,PC-7775,Lunea_Spencer@bellsouth.net,,,Hodges-Emerald@gmail.com,15582,0,
01/18/2010 07:51:54,ELH0960,PC-7775,Selma.Barbara.Nicholson@dtaa.com;Troy.Nicolas.Molina@dtaa.com;Madison.Lydia.Morrison@dtaa.com;Leo.Hasad.Byrd@dtaa.com,George.Cade.Chen@dtaa.com,,Emerald.Lysandra.Hodges@dtaa.com,39392,0,
01/19/2010 07:42:44,ELH0960,PC-7775,Cassidy.Florence.Gibbs@dtaa.com,,,Emerald.Lysandra.Hodges@dtaa.com,15165,0,
01/20/2010 12:37:17,ELH0960,PC-7775,Wynter.Rose.Mercer@dtaa.com,,,Emerald.Lysandra.Hodges@dtaa.com,31915,0,
01/21/2010 14:30:54,ELH0960,PC-7775,Lilah.Renee.Wagner@dtaa.com,Beatrice.Alexis.Kidd@dtaa.com;Holly.Xerxes.Lara@dtaa.com,,Emerald.Lysandra.Hodges@dtaa.com,26501,0,
01/22/2010 14:27:56,ELH0960,PC-7775,Naida.Imelda.Hughes@dtaa.com;Ivy.Charissa.Solis@dtaa.com,,,Emerald.Lysandra.Hodges@dtaa.com,26999,0,
01/25/2010 12:53:48,ELH0960,PC-7775,Chen-George@hotmail.com,,,Hodges-Emerald@gmail.com,23865,0,
01/26/2010 14:31:16,ELH0960,PC-7775,Judith.Shaeleigh.Hayden@dtaa.com;Cassidy.Florence.Gibbs@dtaa.com,Ayanna.Vivian.Murray@dtaa.com,,Emerald.Lysandra.Hodges@dtaa.com,45406,0,
01/27/2010 08:34:20,ELH0960,PC-7775,Basia.Nevada.Riggs@dtaa.com;Graiden.Nehru.Zimmerman@dtaa.com,,,Emerald.Lysandra.Hodges@dtaa.com,21527,0,
01/28/2010 09:47:07,ELH0960,PC-7775,Ivy.Charissa.Solis@dtaa.com,,,Emerald.Lysandra.Hodges@dtaa.com,35182,0,
01/29/2010 13:01:09,ELH0960,PC-7775,Cameron.Shay.Lester@dtaa.com,Ariel.Ina.Barrett@dtaa.com,,Emerald.Lysandra.Hodges@dtaa.com,23799,0,
02/01/2010 11:51:30,ELH0960,PC-7775,Madison.Lydia.Morrison@dtaa.com;Irene.Lacota.Huffman@dtaa.com;Leo.Hasad.Byrd@dtaa.com;Rashad.August.Hatfield@dtaa.com;Kenneth.Steel.Porter@dtaa.com,,,Emerald.Lysandra.Hodges@dtaa.com,30830,0,
02/02/2010 11:29:37,ELH0960,PC-7775,Felicia.Xantha.Farley@dtaa.com,,,Emerald.Lysandra.Hodges@dtaa.com,27451,0,
02/03/2010 14:31:39,ELH0960,PC-7775,Felicia.Xantha.Farley@dtaa.com;Holly.Xerxes.Lara@dtaa.com;George.Cade.Chen@dtaa.com;Fletcher.Perry.Cantu@dtaa.com,,,Emerald.Lysandra.Hodges@dtaa.com,22027,0,
02/04/2010 15:38:36,ELH0960,PC-7775,Ivy.Charissa.Solis@dtaa.com,,,Emerald.Lysandra.Hodges@dtaa.com,47119,0,
02/05/2010 14:47:27,ELH0960,PC-7775,Holly_Lara@msn.com,,,Hodges-Emerald@gmail.com,25322,0,
02/08/2010 08:42:34,ELH0960,PC-7775,Chen-George@hotmail.com,,,Hodges-Emerald@gmail.com,52508,0,
02/09/2010 12:23:00,ELH0960,PC-7775,Malik.Adrian.Hebert@dtaa.com,,,Emerald.Lysandra.Hodges@dtaa.com,24742,0,
02/10/2010 15:45:06,ELH0960,PC-7775,Selma.Barbara.Nicholson@dtaa.com,,,Emerald.Lysandra.Hodges@dtaa.com,42090,0,
02/11/2010 16:09:02,ELH0960,PC-7775,Arthur.Jacob.Raymond@dtaa.com,,,Emerald.Lysandra.Hodges@dtaa.com,29427,0,
02/12/2010 09:58:04,ELH0960,PC-7775,Holly.Xerxes.Lara@dtaa.com,,,Emerald.Lysandra.Hodges@dtaa.com,17696,0,
02/16/2010 15:04:46,ELH0960,PC-7775,Cameron.Shay.Lester@dtaa.com,,,Emerald.Lysandra.Hodges@dtaa.com,21364,0,
02/17/2010 07:44:53,ELH0960,PC-7775,Octavia_M_Maddox@cox.net;Felicia_Farley@hotmail.com;CFG395@earthlink.net,,,Hodges-Emerald@gmail.com,29232,0,
02/18/2010 13:45:39,ELH0960,PC-7775,Otto.H.Chase@netzero.com,,,Hodges-Emerald@gmail.com,28508,0,
02/19/2010 07:21:30,ELH0960,PC-7775,Ivy.Charissa.Solis@dtaa.com;Eugenia.S.Mckay@boeing.com,Lunea_V_Spencer@raytheon.com,,Emerald.Lysandra.Hodges@dtaa.com,20357,0,
02/22/2010 11:29:15,ELH0960,PC-7775,Cameron.Shay.Lester@dtaa.com,Sandra.Beverly.Diaz@dtaa.com,,Emerald.Lysandra.Hodges@dtaa.com,13222,0,
02/23/2010 07:26:46,ELH0960,PC-7775,George.Cade.Chen@dtaa.com;Madison.Lydia.Morrison@dtaa.com,,,Emerald.Lysandra.Hodges@dtaa.com,30701,0,
02/24/2010 09:55:08,ELH0960,PC-7775,Madison.Lydia.Morrison@dtaa.com,,,Emerald.Lysandra.Hodges@dtaa.com,64288,0,
02/25/2010 12:48:24,ELH0960,PC-7775,Fletcher.Perry.Cantu@dtaa.com,,,Emerald.Lysandra.Hodges@dtaa.com,19944,0,
02/26/2010 08:40:52,ELH0960,PC-7775,Lilah.R.Wagner@bellsouth.net,,,Hodges-Emerald@gmail.com,33340,0,
03/01/2010 08:26:23,ELH0960,PC-7775,Grant.Camden.Gay@dtaa.com,,,Emerald.Lysandra.Hodges@dtaa.com,19058,0,
03/02/2010 11:56:58,ELH0960,PC-7775,Felicia.Xantha.Farley@dtaa.com,Graiden.Nehru.Zimmerman@dtaa.com,,Emerald.Lysandra.Hodges@dtaa.com,36119,0,
03/03/2010 13:41:26,ELH0960,PC-7775,CFG395@earthlink.net;MAR56@msn.com;Mollie.M.Gross@sbcglobal.net,Cameron.Lester@aol.com,,Hodges-Emerald@gmail.com,22277,0,
03/04/2010 08:08:57,ELH0960,PC-7775,Ariel.Ina.Barrett@dtaa.com;Madison.Lydia.Morrison@dtaa.com,,,Emerald.Lysandra.Hodges@dtaa.com,15971,0,
03/05/2010 12:40:41,ELH0960,PC-7775,Naomi.Meredith.Baxter@dtaa.com,,,Emerald.Lysandra.Hodges@dtaa.com,26827,0,
03/08/2010 07:27:58,ELH0960,PC-7775,TDG5986@yahoo.com,,,Hodges-Emerald@gmail.com,12123,0,
03/09/2010 08:36:54,ELH0960,PC-7775,Kenneth.Steel.Porter@dtaa.com,,,Emerald.Lysandra.Hodges@dtaa.com,21300,0,
03/10/2010 15:20:29,ELH0960,PC-7775,Basia.Nevada.Riggs@dtaa.com,,,Emerald.Lysandra.Hodges@dtaa.com,18906,0,
03/11/2010 14:59:10,ELH0960,PC-7775,Basia.Nevada.Riggs@dtaa.com;Otto.Hedley.Chase@dtaa.com,Naomi.Meredith.Baxter@dtaa.com;Micah.Abdul.Rojas@dtaa.com,,Emerald.Lysandra.Hodges@dtaa.com,32169,0,
03/12/2010 12:27:09,ELH0960,PC-7775,Naomi_M_Baxter@cox.net;Gay.Grant@earthlink.net,,,Hodges-Emerald@gmail.com,31147,0,
03/15/2010 15:30:31,ELH0960,PC-7775,Fletcher.P.Cantu@comcast.net,Gay.Grant@earthlink.net,,Hodges-Emerald@gmail.com,28938,0,
03/16/2010 13:00:50,ELH0960,PC-7775,Naida.Imelda.Hughes@dtaa.com;Eugenia.S.Mckay@boeing.com,Grant.Camden.Gay@dtaa.com,,Emerald.Lysandra.Hodges@dtaa.com,24933,0,
03/17/2010 07:53:46,ELH0960,PC-7775,Ivy.Charissa.Solis@dtaa.com,Sandra.Beverly.Diaz@dtaa.com,,Emerald.Lysandra.Hodges@dtaa.com,33314,0,
03/18/2010 11:55:20,ELH0960,PC-7775,Ivy.Charissa.Solis@dtaa.com,,,Emerald.Lysandra.Hodges@dtaa.com,39730,0,
03/19/2010 08:36:08,ELH0960,PC-7775,Cameron.Shay.Lester@dtaa.com,Fletcher.Perry.Cantu@dtaa.com,,Emerald.Lysandra.Hodges@dtaa.com,31123,0,
03/22/2010 07:24:53,ELH0960,PC-7775,Otto.Hedley.Chase@dtaa.com;Tyrone.Damian.Garner@dtaa.com;Mollie.M.Gross@harris.com,Graiden.Nehru.Zimmerman@dtaa.com;Ivy.Charissa.Solis@dtaa.com,,Emerald.Lysandra.Hodges@dtaa.com,24516,0,
03/23/2010 10:01:12,ELH0960,PC-7775,Alice.Sierra.Valenzuela@dtaa.com,,,Emerald.Lysandra.Hodges@dtaa.com,14876,0,
03/24/2010 11:04:13,ELH0960,PC-7775,Leo.Hasad.Byrd@dtaa.com;Sandra.Beverly.Diaz@dtaa.com;Alice.Sierra.Valenzuela@dtaa.com,Colin.Stuart.Holloway@dtaa.com,,Emerald.Lysandra.Hodges@dtaa.com,40028,0,
03/25/2010 14:34:51,ELH0960,PC-7775,Jackson.Linus.Wilkerson@dtaa.com,,,Emerald.Lysandra.Hodges@dtaa.com,36087,0,
03/26/2010 10:18:42,ELH0960,PC-7775,Irene.Lacota.Huffman@dtaa.com,Holly.Xerxes.Lara@dtaa.com;Troy.Nicolas.Molina@dtaa.com,,Emerald.Lysandra.Hodges@dtaa.com,23281,0,
03/29/2010 07:45:20,ELH0960,PC-7775,Sandra.Beverly.Diaz@dtaa.com,,,Emerald.Lysandra.Hodges@dtaa.com,22970,0,
03/30/2010 12:39:32,ELH0960,PC-7775,Yardley.Cairo.Elliott@dtaa.com;Lunea_V_Spencer@raytheon.com,Fletcher.Perry.Cantu@dtaa.com,,Emerald.Lysandra.Hodges@dtaa.com,21578,0,
03/31/2010 08:36:42,ELH0960,PC-7775,Graiden_Zimmerman@cox.net;Cody.J.Potter@optonline.net,Mcfarland-Cole@msn.com,,Hodges-Emerald@gmail.com,20112,0,
04/01/2010 09:29:13,ELH0960,PC-7775,Graiden.Nehru.Zimmerman@dtaa.com,,,Emerald.Lysandra.Hodges@dtaa.com,27460,0,
04/05/2010 07:40:41,ELH0960,PC-7775,Leo.Hasad.Byrd@dtaa.com;Madison.Lydia.Morrison@dtaa.com,,,Emerald.Lysandra.Hodges@dtaa.com,30008,0,
04/06/2010 14:32:19,ELH0960,PC-7775,Fletcher.Perry.Cantu@dtaa.com;Armand.Jasper.Nicholson@dtaa.com,,,Emerald.Lysandra.Hodges@dtaa.com,42865,0,
04/07/2010 15:32:30,ELH0960,PC-7775,Irene.Lacota.Huffman@dtaa.com,Tyrone.Damian.Garner@dtaa.com;Troy.Nicolas.Molina@dtaa.com;Graiden.Nehru.Zimmerman@dtaa.com,,Emerald.Lysandra.Hodges@dtaa.com,23967,0,
04/08/2010 12:56:08,ELH0960,PC-7775,Octavia.May.Maddox@dtaa.com;Grant.Camden.Gay@dtaa.com,,,Emerald.Lysandra.Hodges@dtaa.com,19515,0,
04/09/2010 15:17:06,ELH0960,PC-7775,Kenneth.Steel.Porter@dtaa.com;Graiden.Nehru.Zimmerman@dtaa.com;Leo.Hasad.Byrd@dtaa.com,,,Emerald.Lysandra.Hodges@dtaa.com,17788,0,
04/12/2010 11:52:01,ELH0960,PC-7775,Octavia.May.Maddox@dtaa.com,,,Emerald.Lysandra.Hodges@dtaa.com,27789,0,
04/13/2010 09:33:38,ELH0960,PC-7775,Leo.Hasad.Byrd@dtaa.com,,,Emerald.Lysandra.Hodges@dtaa.com,44735,0,
04/14/2010 14:50:35,ELH0960,PC-7775,Cassidy.Florence.Gibbs@dtaa.com;Beatrice.Alexis.Kidd@dtaa.com,Troy.Nicolas.Molina@dtaa.com;Naida.Imelda.Hughes@dtaa.com,,Emerald.Lysandra.Hodges@dtaa.com,17626,0,
04/15/2010 10:37:10,ELH0960,PC-7775,Kameko.Signe.Harrison@dtaa.com;Cody.Jonathan.Potter@dtaa.com;William.Theodore.Reeves@dtaa.com,,,Emerald.Lysandra.Hodges@dtaa.com,38256,0,
04/16/2010 09:03:46,ELH0960,PC-7775,TNM1759@juno.com,Katell_Thornton@comcast.net,,Hodges-Emerald@gmail.com,46412,0,
04/19/2010 09:38:51,ELH0960,PC-7775,Troy.Nicolas.Molina@dtaa.com,,,Emerald.Lysandra.Hodges@dtaa.com,44597,0,
04/20/2010 14:16:09,ELH0960,PC-7775,Holly.Xerxes.Lara@dtaa.com;Naomi.Meredith.Baxter@dtaa.com;Cameron.Shay.Lester@dtaa.com,,,Emerald.Lysandra.Hodges@dtaa.com,28606,0,
04/21/2010 12:09:39,ELH0960,PC-7775,Callum.Jasper.Gilmore@dtaa.com;Selma.Barbara.Nicholson@dtaa.com;Lunea_V_Spencer@raytheon.com,,,Emerald.Lysandra.Hodges@dtaa.com,27882,0,
04/22/2010 07:59:48,ELH0960,PC-7775,Cody.Jonathan.Potter@dtaa.com,,,Emerald.Lysandra.Hodges@dtaa.com,22716,0,
04/23/2010 11:15:35,ELH0960,PC-7775,Ingrid.Irene.Atkins@dtaa.com,,,Emerald.Lysandra.Hodges@dtaa.com,13453,0,
04/26/2010 14:16:31,ELH0960,PC-7775,Beatrice.Alexis.Kidd@dtaa.com,,,Emerald.Lysandra.Hodges@dtaa.com,24588,0,
04/27/2010 12:49:06,ELH0960,PC-7775,George.Cade.Chen@dtaa.com,,,Emerald.Lysandra.Hodges@dtaa.com,26950,0,
04/28/2010 07:15:56,ELH0960,PC-7775,Madison.Lydia.Morrison@dtaa.com,,,Emerald.Lysandra.Hodges@dtaa.com,19221,0,
04/29/2010 08:16:47,ELH0960,PC-7775,Gay.Grant@earthlink.net,,,Hodges-Emerald@gmail.com,25853,0,
04/30/2010 16:00:06,ELH0960,PC-7775,Micah.Abdul.Rojas@dtaa.com;Ariel.Ina.Barrett@dtaa.com,,,Emerald.Lysandra.Hodges@dtaa.com,32357,0,
05/03/2010 12:59:42,ELH0960,PC-7775,Ivy.Charissa.Solis@dtaa.com,,,Emerald.Lysandra.Hodges@dtaa.com,23414,0,
05/04/2010 15:50:51,ELH0960,PC-7775,Octavia.May.Maddox@dtaa.com;Cassidy.Florence.Gibbs@dtaa.com;Naomi.Meredith.Baxter@dtaa.com,Ariel.Ina.Barrett@dtaa.com,,Emerald.Lysandra.Hodges@dtaa.com,37539,0,
05/05/2010 13:51:28,ELH0960,PC-7775,SBD478@verizon.net,,,Hodges-Emerald@gmail.com,23097,0,
05/06/2010 07:19:12,ELH0960,PC-7775,Katell.Jasmine.Wiggins@dtaa.com,,,Emerald.Lysandra.Hodges@dtaa.com,43867,0,
05/07/2010 11:39:59,ELH0960,PC-7775,Otto.H.Chase@netzero.com,,,Hodges-Emerald@gmail.com,23458,0,
05/10/2010 12:17:54,ELH0960,PC-7775,Cody.Jonathan.Potter@dtaa.com,,,Emerald.Lysandra.Hodges@dtaa.com,20247,0,
05/11/2010 08:14:08,ELH0960,PC-7775,Holly_Lara@msn.com;AMV28@comcast.net,NGO64@verizon.net,,Hodges-Emerald@gmail.com,33556,0,
05/12/2010 09:15:45,ELH0960,PC-7775,SBD478@verizon.net;Graiden_Zimmerman@cox.net;Wynter_Mercer@earthlink.net;Porter-Kenneth@optonline.net;Barrett_Ariel@comcast.net,,,Hodges-Emerald@gmail.com,18901,0,
05/13/2010 10:59:07,ELH0960,PC-7775,Tyrone.Damian.Garner@dtaa.com;Cody.Jonathan.Potter@dtaa.com,,,Emerald.Lysandra.Hodges@dtaa.com,28310,0,
05/14/2010 10:01:32,ELH0960,PC-7775,Brooks-Coby@cox.net,,,Hodges-Emerald@gmail.com,31963,0,
05/17/2010 15:43:06,ELH0960,PC-7775,Troy.Nicolas.Molina@dtaa.com;TJC9@lockheedmartin.com,Basia.Nevada.Riggs@dtaa.com,,Emerald.Lysandra.Hodges@dtaa.com,35988,0,
05/18/2010 13:35:39,ELH0960,PC-7775,Beatrice.A.Kidd@sbcglobal.net;Lunea_Spencer@bellsouth.net,Madison_L_Morrison@netzero.com,,Hodges-Emerald@gmail.com,40458,0,
05/19/2010 08:16:04,ELH0960,PC-7775,Alice.Sierra.Valenzuela@dtaa.com,,,Emerald.Lysandra.Hodges@dtaa.com,29172,0,
05/20/2010 16:06:39,ELH0960,PC-7775,Graiden_Zimmerman@cox.net;CFG395@earthlink.net;Octavia_M_Maddox@cox.net;TNM1759@juno.com,,,Hodges-Emerald@gmail.com,26433,0,
05/21/2010 15:01:28,ELH0960,PC-7775,Mollie.M.Gross@sbcglobal.net,,,Hodges-Emerald@gmail.com,24486,0,
05/24/2010 08:47:13,ELH0960,PC-7775,Madison_L_Morrison@netzero.com,Beatrice.A.Kidd@sbcglobal.net;Ivy_Solis@msn.com,,Hodges-Emerald@gmail.com,38660,0,
05/25/2010 10:10:29,ELH0960,PC-7775,Ayanna.Vivian.Murray@dtaa.com;Gretchen.X.Drake@northropgrumman.com;Mollie.M.Gross@harris.com,,,Emerald.Lysandra.Hodges@dtaa.com,52425,0,
05/26/2010 07:22:24,ELH0960,PC-7775,Felicia.Xantha.Farley@dtaa.com;Wynter.Rose.Mercer@dtaa.com,,,Emerald.Lysandra.Hodges@dtaa.com,23563,0,
05/27/2010 08:22:51,ELH0960,PC-7775,Holly.Xerxes.Lara@dtaa.com,,,Emerald.Lysandra.Hodges@dtaa.com,21738,0,
06/01/2010 08:05:28,ELH0960,PC-7775,Kai_Craft@juno.com,,,Hodges-Emerald@gmail.com,30172,0,
06/02/2010 10:15:02,ELH0960,PC-7775,Ariel.Ina.Barrett@dtaa.com;Sandra.Beverly.Diaz@dtaa.com,Kenneth.Steel.Porter@dtaa.com,,Emerald.Lysandra.Hodges@dtaa.com,35819,0,
06/03/2010 15:45:53,ELH0960,PC-7775,Ayanna.Vivian.Murray@dtaa.com;Naida.Imelda.Hughes@dtaa.com,,,Emerald.Lysandra.Hodges@dtaa.com,43210,0,
06/04/2010 15:43:39,ELH0960,PC-7775,Tyrone.Damian.Garner@dtaa.com;Sandra.Beverly.Diaz@dtaa.com,Alexa.Nadine.Poole@dtaa.com;Basia.Nevada.Riggs@dtaa.com;Selma.Barbara.Nicholson@dtaa.com,,Emerald.Lysandra.Hodges@dtaa.com,27491,0,
06/07/2010 07:22:20,ELH0960,PC-7775,Chambers-Tiger@bellsouth.net,,,Hodges-Emerald@gmail.com,19278,0,
06/08/2010 14:24:36,ELH0960,PC-7775,Octavia.May.Maddox@dtaa.com;Tyrone.Damian.Garner@dtaa.com,,,Emerald.Lysandra.Hodges@dtaa.com,14441,0,
06/09/2010 15:45:45,ELH0960,PC-7775,Cameron.Shay.Lester@dtaa.com,Troy.Nicolas.Molina@dtaa.com;Genevieve.F.Ochoa@northropgrumman.com,,Emerald.Lysandra.Hodges@dtaa.com,26307,0,
06/10/2010 13:11:44,ELH0960,PC-7775,Ayanna_Murray@optonline.net;ASV38@optonline.net,Nadine_M_Page@netzero.com,,Hodges-Emerald@gmail.com,39150,0,
06/11/2010 14:12:42,ELH0960,PC-7775,Odessa-Sosa@verizon.net,,,Hodges-Emerald@gmail.com,31998,0,
06/14/2010 14:18:59,ELH0960,PC-7775,Beatrice.Alexis.Kidd@dtaa.com;Wynter.Rose.Mercer@dtaa.com,,,Emerald.Lysandra.Hodges@dtaa.com,30250,0,
06/16/2010 15:59:33,ELH0960,PC-7775,Irene.L.Huffman@hotmail.com;Naida.I.Hughes@juno.com,,,Hodges-Emerald@gmail.com,18361,0,
06/17/2010 12:49:37,ELH0960,PC-7775,Evelyn.Sarah.Reilly@dtaa.com,,,Emerald.Lysandra.Hodges@dtaa.com,22408,0,
06/18/2010 07:50:10,ELH0960,PC-7775,Otto.H.Chase@netzero.com;MAR56@msn.com;Irene.L.Huffman@hotmail.com,Beatrice.A.Kidd@sbcglobal.net,,Hodges-Emerald@gmail.com,23000,0,
06/21/2010 09:19:01,ELH0960,PC-7775,Hector.Vance.Foster@dtaa.com,,,Emerald.Lysandra.Hodges@dtaa.com,35862,0,
06/22/2010 15:50:40,ELH0960,PC-7775,Eugenia.S.Mckay@boeing.com,,,Emerald.Lysandra.Hodges@dtaa.com,33437,0,
06/23/2010 14:57:39,ELH0960,PC-7775,Otto.H.Chase@netzero.com,,,Hodges-Emerald@gmail.com,43373,0,
06/24/2010 11:29:54,ELH0960,PC-7775,Basia.Nevada.Riggs@dtaa.com,,,Emerald.Lysandra.Hodges@dtaa.com,29042,0,
06/25/2010 16:09:49,ELH0960,PC-7775,Ayanna_Murray@optonline.net;TDG5986@yahoo.com,Jael.J.Hansen@bellsouth.net;Wynter_Mercer@earthlink.net;Lunea_Spencer@bellsouth.net,,Hodges-Emerald@gmail.com,27724,0,
06/28/2010 09:40:58,ELH0960,PC-7775,Irene.Lacota.Huffman@dtaa.com;Tyrone.Damian.Garner@dtaa.com,Holly.Xerxes.Lara@dtaa.com,,Emerald.Lysandra.Hodges@dtaa.com,39195,0,
06/29/2010 09:50:43,ELH0960,PC-7775,Lilah.Renee.Wagner@dtaa.com;Selma.Barbara.Nicholson@dtaa.com;Micah.Abdul.Rojas@dtaa.com,Moss-Hoyt@hp.com,,Emerald.Lysandra.Hodges@dtaa.com,19768,0,
06/30/2010 15:53:56,ELH0960,PC-7775,Otto.Hedley.Chase@dtaa.com,,,Emerald.Lysandra.Hodges@dtaa.com,18552,0,
07/01/2010 12:37:18,ELH0960,PC-7775,Sandra.Beverly.Diaz@dtaa.com;Lilah.Renee.Wagner@dtaa.com,Graiden.Nehru.Zimmerman@dtaa.com,,Emerald.Lysandra.Hodges@dtaa.com,24295,0,
07/02/2010 13:26:47,ELH0960,PC-7775,SBD478@verizon.net;Illana.Y.Bradshaw@earthlink.net;CFG395@earthlink.net;ESM21@cox.net,,,Hodges-Emerald@gmail.com,54846,0,
07/06/2010 10:44:44,ELH0960,PC-7775,Fletcher.Perry.Cantu@dtaa.com,,,Emerald.Lysandra.Hodges@dtaa.com,37144,0,
07/07/2010 11:58:52,ELH0960,PC-7775,Cody.Jonathan.Potter@dtaa.com,,,Emerald.Lysandra.Hodges@dtaa.com,20405,0,
07/08/2010 10:37:26,ELH0960,PC-7775,Otto.Hedley.Chase@dtaa.com;Troy.Nicolas.Molina@dtaa.com;CNB82@raytheon.com,,,Emerald.Lysandra.Hodges@dtaa.com,25544,0,
07/09/2010 08:04:37,ELH0960,PC-7775,Alice.Sierra.Valenzuela@dtaa.com;George.Cade.Chen@dtaa.com;Tyrone.Damian.Garner@dtaa.com;Meredith.Lunea.Delaney@dtaa.com,,,Emerald.Lysandra.Hodges@dtaa.com,24199,0,
07/12/2010 15:39:18,ELH0960,PC-7775,Lilah.Renee.Wagner@dtaa.com;Octavia.May.Maddox@dtaa.com;Lyle.Brady.Hayes@dtaa.com,Wynter.Rose.Mercer@dtaa.com,,Emerald.Lysandra.Hodges@dtaa.com,50167,0,
07/13/2010 12:20:48,ELH0960,PC-7775,Kirk.Palmer.Rosales@dtaa.com,,,Emerald.Lysandra.Hodges@dtaa.com,27559,0,
07/14/2010 14:38:41,ELH0960,PC-7775,Cody.Jonathan.Potter@dtaa.com;Octavia.May.Maddox@dtaa.com;Irene.Lacota.Huffman@dtaa.com;Richard-Ian@hp.com,,,Emerald.Lysandra.Hodges@dtaa.com,19787,0,
07/15/2010 12:35:39,ELH0960,PC-7775,Ayanna.Vivian.Murray@dtaa.com,,,Emerald.Lysandra.Hodges@dtaa.com,44585,0,
07/16/2010 09:22:52,ELH0960,PC-7775,Porter-Kenneth@optonline.net,,,Hodges-Emerald@gmail.com,31113,0,
07/19/2010 16:09:38,ELH0960,PC-7775,Ariel.Ina.Barrett@dtaa.com,,,Emerald.Lysandra.Hodges@dtaa.com,21483,0,
07/20/2010 15:28:37,ELH0960,PC-7775,Alice.Sierra.Valenzuela@dtaa.com,,,Emerald.Lysandra.Hodges@dtaa.com,27993,0,
07/21/2010 10:39:01,ELH0960,PC-7775,Graiden_Zimmerman@cox.net,,,Hodges-Emerald@gmail.com,42698,0,
07/22/2010 10:02:58,ELH0960,PC-7775,Basia.Nevada.Riggs@dtaa.com,,,Emerald.Lysandra.Hodges@dtaa.com,33090,0,
07/23/2010 15:33:40,ELH0960,PC-7775,Alice.Sierra.Valenzuela@dtaa.com,,,Emerald.Lysandra.Hodges@dtaa.com,29398,0,
07/26/2010 12:08:03,ELH0960,PC-7775,Selma.Barbara.Nicholson@dtaa.com;Cameron.Shay.Lester@dtaa.com;Lilah.Renee.Wagner@dtaa.com;Graiden.Nehru.Zimmerman@dtaa.com,Kenneth.Steel.Porter@dtaa.com,,Emerald.Lysandra.Hodges@dtaa.com,23700,0,
07/27/2010 11:22:48,ELH0960,PC-7775,Madison_L_Morrison@netzero.com;SBD478@verizon.net,,,Hodges-Emerald@gmail.com,63448,0,
07/28/2010 13:25:03,ELH0960,PC-7775,Wynter_Mercer@earthlink.net;Fletcher.P.Cantu@comcast.net,Naida.I.Hughes@juno.com,,Hodges-Emerald@gmail.com,33097,0,
07/29/2010 09:24:33,ELH0960,PC-7775,Micah.Abdul.Rojas@dtaa.com,,,Emerald.Lysandra.Hodges@dtaa.com,33692,0,
07/30/2010 07:58:08,ELH0960,PC-7775,Leo.Hasad.Byrd@dtaa.com,,,Emerald.Lysandra.Hodges@dtaa.com,20947,0,
08/02/2010 09:41:40,ELH0960,PC-7775,Cody.Jonathan.Potter@dtaa.com,,,Emerald.Lysandra.Hodges@dtaa.com,35284,0,
08/03/2010 07:50:22,ELH0960,PC-7775,Basia.Nevada.Riggs@dtaa.com,,,Emerald.Lysandra.Hodges@dtaa.com,50259,0,
08/04/2010 15:43:08,ELH0960,PC-7775,Gay.Grant@earthlink.net;Naomi_M_Baxter@cox.net;Beatrice.A.Kidd@sbcglobal.net,,,Hodges-Emerald@gmail.com,26469,0,
08/05/2010 12:00:47,ELH0960,PC-7775,Eugenia.S.Mckay@boeing.com,,,Emerald.Lysandra.Hodges@dtaa.com,22738,0,
08/06/2010 15:14:13,ELH0960,PC-7775,Basia_N_Riggs@aol.com;Porter-Kenneth@optonline.net;Lilah.R.Wagner@bellsouth.net;Madison_L_Morrison@netzero.com,Felicia_Farley@hotmail.com,,Hodges-Emerald@gmail.com,19760,0,
08/09/2010 09:35:59,ELH0960,PC-7775,TNM1759@juno.com;GFO9@netzero.com,,,Hodges-Emerald@gmail.com,37265,0,
08/10/2010 11:58:29,ELH0960,PC-7775,Naida.Imelda.Hughes@dtaa.com;Lilah.Renee.Wagner@dtaa.com,Troy.Nicolas.Molina@dtaa.com,,Emerald.Lysandra.Hodges@dtaa.com,22590,0,
08/11/2010 11:46:38,ELH0960,PC-7775,Cole.Aaron.Mcfarland@dtaa.com,,,Emerald.Lysandra.Hodges@dtaa.com,27521,0,
08/13/2010 15:59:31,ELH0960,PC-7775,Holly_Lara@msn.com;ASV38@optonline.net;Porter-Kenneth@optonline.net,Cody.J.Potter@optonline.net;SBD478@verizon.net,,Hodges-Emerald@gmail.com,18787,0,
08/16/2010 11:39:19,ELH0960,PC-7775,Ivy.Charissa.Solis@dtaa.com;Alice.Sierra.Valenzuela@dtaa.com,,,Emerald.Lysandra.Hodges@dtaa.com,25315,0,
08/17/2010 16:06:09,ELH0960,PC-7775,Kenneth.Steel.Porter@dtaa.com,,,Emerald.Lysandra.Hodges@dtaa.com,32445,0,
08/18/2010 10:13:22,ELH0960,PC-7775,Alice.Sierra.Valenzuela@dtaa.com;Graiden.Nehru.Zimmerman@dtaa.com;George.Cade.Chen@dtaa.com;Micah.Abdul.Rojas@dtaa.com,,,Emerald.Lysandra.Hodges@dtaa.com,27210,0,
08/19/2010 12:29:06,ELH0960,PC-7775,Madison_L_Morrison@netzero.com,,,Hodges-Emerald@gmail.com,42862,0,
08/20/2010 12:14:04,ELH0960,PC-7775,Naida.Imelda.Hughes@dtaa.com,,,Emerald.Lysandra.Hodges@dtaa.com,31031,0,
08/23/2010 09:46:59,ELH0960,PC-7775,Wynter.Rose.Mercer@dtaa.com,,,Emerald.Lysandra.Hodges@dtaa.com,30215,0,
08/25/2010 10:24:33,ELH0960,PC-7775,TNM1759@juno.com;Nicholson_Selma@bellsouth.net;Otto.H.Chase@netzero.com,FDE8847@yahoo.com,,Hodges-Emerald@gmail.com,36940,0,
08/26/2010 08:26:12,ELH0960,PC-7775,Kibo.Dolan.Turner@dtaa.com;Irene.Lacota.Huffman@dtaa.com;Beatrice.Alexis.Kidd@dtaa.com,,,Emerald.Lysandra.Hodges@dtaa.com,23063,0,
08/27/2010 10:00:37,ELH0960,PC-7775,Colton.Nathan.Barber@dtaa.com,,,Emerald.Lysandra.Hodges@dtaa.com,26548,0,
08/30/2010 14:38:09,ELH0960,PC-7775,Selma.Barbara.Nicholson@dtaa.com;Mallory.Virginia.Bender@dtaa.com;Woodward-Blake@harris.com,,,Emerald.Lysandra.Hodges@dtaa.com,30308,0,
08/31/2010 09:33:29,ELH0960,PC-7775,George.Cade.Chen@dtaa.com,,,Emerald.Lysandra.Hodges@dtaa.com,24157,0,
09/01/2010 11:28:42,ELH0960,PC-7775,Lilah.Renee.Wagner@dtaa.com,,,Emerald.Lysandra.Hodges@dtaa.com,31738,0,
09/02/2010 07:04:27,ELH0960,PC-7775,Blake-Woodward@earthlink.net,,,Hodges-Emerald@gmail.com,33077,0,
09/03/2010 08:06:46,ELH0960,PC-7775,Cassidy.Florence.Gibbs@dtaa.com,,,Emerald.Lysandra.Hodges@dtaa.com,17256,0,
09/07/2010 14:17:00,ELH0960,PC-7775,SBD478@verizon.net,,,Hodges-Emerald@gmail.com,23676,0,
09/08/2010 15:17:32,ELH0960,PC-7775,Ayanna.Vivian.Murray@dtaa.com,,,Emerald.Lysandra.Hodges@dtaa.com,26201,0,
09/09/2010 15:06:34,ELH0960,PC-7775,Cameron.Shay.Lester@dtaa.com,,,Emerald.Lysandra.Hodges@dtaa.com,32225,0,
09/10/2010 15:34:23,ELH0960,PC-7775,Octavia_M_Maddox@cox.net,,,Hodges-Emerald@gmail.com,35347,0,
09/13/2010 08:26:14,ELH0960,PC-7775,Cameron.Shay.Lester@dtaa.com,,,Emerald.Lysandra.Hodges@dtaa.com,18132,0,
09/14/2010 14:57:55,ELH0960,PC-7775,Otto.Hedley.Chase@dtaa.com;Grant.Camden.Gay@dtaa.com,Felicia.Xantha.Farley@dtaa.com;Cameron.Shay.Lester@dtaa.com,,Emerald.Lysandra.Hodges@dtaa.com,26481,0,
09/15/2010 10:30:21,ELH0960,PC-7775,Hadley.Leandra.May@dtaa.com,,,Emerald.Lysandra.Hodges@dtaa.com,44724,0,
09/16/2010 08:53:39,ELH0960,PC-7775,Grant.Camden.Gay@dtaa.com,Troy.Nicolas.Molina@dtaa.com,,Emerald.Lysandra.Hodges@dtaa.com,18656,0,
09/17/2010 12:30:02,ELH0960,PC-7775,Troy.Nicolas.Molina@dtaa.com,,,Emerald.Lysandra.Hodges@dtaa.com,27880,0,
09/20/2010 12:08:29,ELH0960,PC-7775,Alice.Sierra.Valenzuela@dtaa.com;Galena.Deborah.Francis@dtaa.com;Graiden.Nehru.Zimmerman@dtaa.com,,,Emerald.Lysandra.Hodges@dtaa.com,19506,0,
09/21/2010 10:41:41,ELH0960,PC-7775,Micah.Abdul.Rojas@dtaa.com;Beatrice.Alexis.Kidd@dtaa.com,Cameron.Shay.Lester@dtaa.com,,Emerald.Lysandra.Hodges@dtaa.com,26399,0,
09/22/2010 07:23:34,ELH0960,PC-7775,Basia.Nevada.Riggs@dtaa.com;Lilah.Renee.Wagner@dtaa.com,Octavia.May.Maddox@dtaa.com,,Emerald.Lysandra.Hodges@dtaa.com,26925,0,
09/23/2010 11:29:14,ELH0960,PC-7775,Felicia.Xantha.Farley@dtaa.com,,,Emerald.Lysandra.Hodges@dtaa.com,22813,0,
09/24/2010 10:06:07,ELH0960,PC-7775,GGC9545@hotmail.com,,,Hodges-Emerald@gmail.com,18215,0,
09/27/2010 15:48:25,ELH0960,PC-7775,Cody.J.Potter@optonline.net;Otto.H.Chase@netzero.com,,,Hodges-Emerald@gmail.com,19465,0,
09/28/2010 12:56:59,ELH0960,PC-7775,Ariel.Ina.Barrett@dtaa.com,Madaline_Gamble@boeing.com,,Emerald.Lysandra.Hodges@dtaa.com,40509,0,
09/29/2010 07:11:07,ELH0960,PC-7775,Ayanna_Murray@optonline.net,,,Hodges-Emerald@gmail.com,47615,0,
09/30/2010 10:04:15,ELH0960,PC-7775,Troy.Nicolas.Molina@dtaa.com,,,Emerald.Lysandra.Hodges@dtaa.com,26764,0,
10/01/2010 08:17:19,ELH0960,PC-7775,Beatrice.Alexis.Kidd@dtaa.com,,,Emerald.Lysandra.Hodges@dtaa.com,26716,0,
10/04/2010 14:49:13,ELH0960,PC-7775,Alice.Sierra.Valenzuela@dtaa.com,,,Emerald.Lysandra.Hodges@dtaa.com,31080,0,
10/05/2010 07:05:49,ELH0960,PC-7775,Irene.L.Huffman@hotmail.com;Chen-George@hotmail.com,,,Hodges-Emerald@gmail.com,39330,0,
10/06/2010 11:23:10,ELH0960,PC-7775,Micah.Abdul.Rojas@dtaa.com,Ariel.Ina.Barrett@dtaa.com;Selma.Barbara.Nicholson@dtaa.com;Vincent-Aquila@hp.com,,Emerald.Lysandra.Hodges@dtaa.com,30192,0,
10/07/2010 16:10:17,ELH0960,PC-7775,Ivy_Solis@msn.com;Madaline_Gamble@yahoo.com,,,Hodges-Emerald@gmail.com,30631,0,
10/11/2010 16:13:12,ELH0960,PC-7775,Leo.Hasad.Byrd@dtaa.com;Alice.Sierra.Valenzuela@dtaa.com,Selma.Barbara.Nicholson@dtaa.com,,Emerald.Lysandra.Hodges@dtaa.com,30387,0,
10/12/2010 13:43:48,ELH0960,PC-7775,Fletcher.Perry.Cantu@dtaa.com,Genevieve.F.Ochoa@northropgrumman.com,,Emerald.Lysandra.Hodges@dtaa.com,41166,0,
10/13/2010 13:30:19,ELH0960,PC-7775,Lilah.Renee.Wagner@dtaa.com;Bruce.Eden.Clemons@dtaa.com;Irene.Lacota.Huffman@dtaa.com,,,Emerald.Lysandra.Hodges@dtaa.com,27820,0,
10/14/2010 11:11:09,ELH0960,PC-7775,Leo.Hasad.Byrd@dtaa.com,,,Emerald.Lysandra.Hodges@dtaa.com,36207,0,
10/15/2010 13:38:38,ELH0960,PC-7775,Samson.Denton.Oconnor@dtaa.com;Leo.Hasad.Byrd@dtaa.com,,,Emerald.Lysandra.Hodges@dtaa.com,36583,0,
10/18/2010 13:43:09,ELH0960,PC-7775,Moss-Hoyt@hp.com,,,Emerald.Lysandra.Hodges@dtaa.com,32741,0,
10/19/2010 11:26:41,ELH0960,PC-7775,Ivy.Charissa.Solis@dtaa.com,,,Emerald.Lysandra.Hodges@dtaa.com,24130,0,
10/20/2010 12:30:14,ELH0960,PC-7775,Leo.Hasad.Byrd@dtaa.com,,,Emerald.Lysandra.Hodges@dtaa.com,31694,0,
10/21/2010 15:07:27,ELH0960,PC-7775,Irene.L.Huffman@hotmail.com;Basia_N_Riggs@aol.com;Cody.J.Potter@optonline.net;Cameron.Lester@aol.com,,,Hodges-Emerald@gmail.com,49388,0,
10/22/2010 13:41:58,ELH0960,PC-7775,Cassidy.Florence.Gibbs@dtaa.com,Ayanna.Vivian.Murray@dtaa.com,,Emerald.Lysandra.Hodges@dtaa.com,60274,0,
10/26/2010 13:01:56,ELH0960,PC-7775,Madison.Lydia.Morrison@dtaa.com,Naomi.Meredith.Baxter@dtaa.com;Ivy.Charissa.Solis@dtaa.com,,Emerald.Lysandra.Hodges@dtaa.com,30581,0,
10/27/2010 15:33:46,ELH0960,PC-7775,Ariel.Ina.Barrett@dtaa.com;Ayanna.Vivian.Murray@dtaa.com;Vincent-Aquila@hp.com,,,Emerald.Lysandra.Hodges@dtaa.com,60315,0,
10/28/2010 12:00:40,ELH0960,PC-7775,Fletcher.P.Cantu@comcast.net;Naida.I.Hughes@juno.com,Chen-George@hotmail.com,,Hodges-Emerald@gmail.com,51449,0,
10/29/2010 10:42:21,ELH0960,PC-7775,Irene.Lacota.Huffman@dtaa.com;Lilah.Renee.Wagner@dtaa.com,Holly.Xerxes.Lara@dtaa.com;Troy.Nicolas.Molina@dtaa.com,,Emerald.Lysandra.Hodges@dtaa.com,20188,0,
11/01/2010 07:59:20,ELH0960,PC-7775,Cameron.Shay.Lester@dtaa.com,,,Emerald.Lysandra.Hodges@dtaa.com,26939,0,
11/02/2010 13:30:20,ELH0960,PC-7775,Grant.Camden.Gay@dtaa.com,,,Emerald.Lysandra.Hodges@dtaa.com,19502,0,
11/03/2010 14:41:04,ELH0960,PC-7775,Cody.Jonathan.Potter@dtaa.com;Basia.Nevada.Riggs@dtaa.com,Meredith.Florence.Valdez@dtaa.com,,Emerald.Lysandra.Hodges@dtaa.com,61494,0,
11/04/2010 15:59:22,ELH0960,PC-7775,CFG395@earthlink.net;Madison_L_Morrison@netzero.com;Barrett_Ariel@comcast.net,TDG5986@yahoo.com,,Hodges-Emerald@gmail.com,21625,0,
11/05/2010 14:13:16,ELH0960,PC-7775,Alice.Sierra.Valenzuela@dtaa.com;Camilla.Z.Sargent@boeing.com,Leo.Hasad.Byrd@dtaa.com,,Emerald.Lysandra.Hodges@dtaa.com,18585,0,
11/08/2010 07:26:40,ELH0960,PC-7775,Fletcher.P.Cantu@comcast.net,,,Hodges-Emerald@gmail.com,26383,0,
11/09/2010 09:46:09,ELH0960,PC-7775,Kenneth.Steel.Porter@dtaa.com,,,Emerald.Lysandra.Hodges@dtaa.com,23842,0,
11/10/2010 15:24:14,ELH0960,PC-7775,Otto.H.Chase@netzero.com,,,Hodges-Emerald@gmail.com,34982,0,
11/11/2010 13:33:11,ELH0960,PC-7775,Tyrone.Damian.Garner@dtaa.com;Cassidy.Florence.Gibbs@dtaa.com;Lunea_V_Spencer@raytheon.com,Fletcher.Perry.Cantu@dtaa.com;Risa_N_Nash@lockheedmartin.com,,Emerald.Lysandra.Hodges@dtaa.com,22196,0,
11/12/2010 07:07:58,ELH0960,PC-7775,Irene.L.Huffman@hotmail.com,,,Hodges-Emerald@gmail.com,22532,0,
11/15/2010 09:23:43,ELH0960,PC-7775,Katell_Brock@cox.net,,,Hodges-Emerald@gmail.com,21887,0,
11/16/2010 07:39:10,ELH0960,PC-7775,ASV38@optonline.net;Naomi_M_Baxter@cox.net,Beatrice.A.Kidd@sbcglobal.net;Ivy_Solis@msn.com;Felicia_Farley@hotmail.com,,Hodges-Emerald@gmail.com,26656,0,
11/17/2010 15:40:25,ELH0960,PC-7775,Cassidy.Florence.Gibbs@dtaa.com,,,Emerald.Lysandra.Hodges@dtaa.com,26362,0,
11/18/2010 14:04:24,ELH0960,PC-7775,Leo.Hasad.Byrd@dtaa.com;Kenneth.Steel.Porter@dtaa.com,Troy.Nicolas.Molina@dtaa.com;Cameron.Shay.Lester@dtaa.com,,Emerald.Lysandra.Hodges@dtaa.com,47121,0,
11/19/2010 12:50:00,ELH0960,PC-7775,Madison.Lydia.Morrison@dtaa.com;Irene.Lacota.Huffman@dtaa.com,,,Emerald.Lysandra.Hodges@dtaa.com,23927,0,
11/22/2010 12:58:26,ELH0960,PC-7775,Aladdin_Foley@comcast.net;Francis_Buckner@verizon.net;Naida.I.Hughes@juno.com;Madison_L_Morrison@netzero.com,Ayanna_Murray@optonline.net,,Hodges-Emerald@gmail.com,39457,0,
11/23/2010 07:42:18,ELH0960,PC-7775,Troy.Nicolas.Molina@dtaa.com,,,Emerald.Lysandra.Hodges@dtaa.com,34534,0,
11/24/2010 12:46:05,ELH0960,PC-7775,Ayanna.Vivian.Murray@dtaa.com,Mollie.M.Gross@harris.com,,Emerald.Lysandra.Hodges@dtaa.com,15412,0,
11/29/2010 15:26:22,ELH0960,PC-7775,Otto.Hedley.Chase@dtaa.com;George.Cade.Chen@dtaa.com;Irene.Lacota.Huffman@dtaa.com,Naida.Imelda.Hughes@dtaa.com,,Emerald.Lysandra.Hodges@dtaa.com,17990,0,
11/30/2010 08:48:35,ELH0960,PC-7775,Graiden_Zimmerman@cox.net;Nicholson_Selma@bellsouth.net;ASV38@optonline.net,Gay.Grant@earthlink.net,,Hodges-Emerald@gmail.com,32457,0,
12/01/2010 10:13:47,ELH0960,PC-7775,TNM1759@juno.com,,,Hodges-Emerald@gmail.com,41394,0,
12/02/2010 12:51:40,ELH0960,PC-7775,Graiden.Nehru.Zimmerman@dtaa.com;Ariel.Ina.Barrett@dtaa.com;Ivy.Charissa.Solis@dtaa.com;Rutledge-Xantha@northropgrumman.com,,,Emerald.Lysandra.Hodges@dtaa.com,37022,0,
12/03/2010 07:32:03,ELH0960,PC-7775,Alfonso.Gage.Blankenship@dtaa.com;Felicia.Xantha.Farley@dtaa.com,Selma.Barbara.Nicholson@dtaa.com,,Emerald.Lysandra.Hodges@dtaa.com,25186,0,
12/06/2010 13:35:16,ELH0960,PC-7775,Grant.Camden.Gay@dtaa.com;Macon.Joseph.Morrison@dtaa.com;Tyrone.Damian.Garner@dtaa.com,,,Emerald.Lysandra.Hodges@dtaa.com,34841,0,
12/08/2010 16:15:45,ELH0960,PC-7775,Ayanna_Murray@optonline.net;Cameron.Lester@aol.com;Otto.H.Chase@netzero.com;Mollie.M.Gross@sbcglobal.net,Irene.L.Huffman@hotmail.com,,Hodges-Emerald@gmail.com,32119,0,
12/09/2010 14:41:38,ELH0960,PC-7775,Ayanna_Murray@optonline.net,,,Hodges-Emerald@gmail.com,43157,0,
12/10/2010 09:59:31,ELH0960,PC-7775,Beatrice.Alexis.Kidd@dtaa.com,,,Emerald.Lysandra.Hodges@dtaa.com,24696,0,
12/13/2010 11:38:37,ELH0960,PC-7775,Ayanna.Vivian.Murray@dtaa.com;Naida.Imelda.Hughes@dtaa.com,,,Emerald.Lysandra.Hodges@dtaa.com,43340,0,
12/14/2010 14:34:00,ELH0960,PC-7775,Basia.Nevada.Riggs@dtaa.com;Cassidy.Florence.Gibbs@dtaa.com,,,Emerald.Lysandra.Hodges@dtaa.com,28266,0,
12/15/2010 09:21:47,ELH0960,PC-7775,Madison_L_Morrison@netzero.com;Barrett_Ariel@comcast.net,Cameron.Lester@aol.com,,Hodges-Emerald@gmail.com,52236,0,
12/16/2010 08:00:32,ELH0960,PC-7775,Irene.L.Huffman@hotmail.com;Basia_N_Riggs@aol.com,,,Hodges-Emerald@gmail.com,29073,0,
12/17/2010 10:20:05,ELH0960,PC-7775,Tyrone.Damian.Garner@dtaa.com;Sandra.Beverly.Diaz@dtaa.com;Cameron.Shay.Lester@dtaa.com,,,Emerald.Lysandra.Hodges@dtaa.com,61977,0,
12/20/2010 08:35:32,ELH0960,PC-7775,Leo.Hasad.Byrd@dtaa.com,,,Emerald.Lysandra.Hodges@dtaa.com,29429,0,
12/21/2010 08:31:31,ELH0960,PC-7775,Madison.Lydia.Morrison@dtaa.com,Felicia.Xantha.Farley@dtaa.com,,Emerald.Lysandra.Hodges@dtaa.com,26596,0,
12/22/2010 09:31:02,ELH0960,PC-7775,Ayanna_Murray@optonline.net;Beatrice.A.Kidd@sbcglobal.net;Graiden_Zimmerman@cox.net;SBD478@verizon.net,,,Hodges-Emerald@gmail.com,20929,0,
12/27/2010 12:34:42,ELH0960,PC-7775,Irene.L.Huffman@hotmail.com;LHB4812@aol.com;Gay.Grant@earthlink.net;Naida.I.Hughes@juno.com,Kareem.S.Mendez@verizon.net,,Hodges-Emerald@gmail.com,29222,0,
12/28/2010 07:09:57,ELH0960,PC-7775,Colton.Nathan.Barber@dtaa.com,,,Emerald.Lysandra.Hodges@dtaa.com,15717,0,
12/29/2010 09:51:09,ELH0960,PC-7775,Ariel.Ina.Barrett@dtaa.com,,,Emerald.Lysandra.Hodges@dtaa.com,28173,0,
12/30/2010 11:12:33,ELH0960,PC-7775,Micah.Abdul.Rojas@dtaa.com,,,Emerald.Lysandra.Hodges@dtaa.com,34597,0,
01/03/2011 10:42:05,ELH0960,PC-7775,George.Cade.Chen@dtaa.com;Galena.Deborah.Francis@dtaa.com;Naomi.Meredith.Baxter@dtaa.com;Irene.Lacota.Huffman@dtaa.com,,,Emerald.Lysandra.Hodges@dtaa.com,23290,0,
01/04/2011 07:25:52,ELH0960,PC-7775,Cameron.Shay.Lester@dtaa.com,,,Emerald.Lysandra.Hodges@dtaa.com,16834,0,
01/05/2011 15:28:25,ELH0960,PC-7775,Kaye.Brianna.Blair@dtaa.com,,,Emerald.Lysandra.Hodges@dtaa.com,36148,0,
01/06/2011 10:23:13,ELH0960,PC-7775,Beatrice.Alexis.Kidd@dtaa.com,,,Emerald.Lysandra.Hodges@dtaa.com,25140,0,
01/07/2011 09:33:26,ELH0960,PC-7775,Tyrone.Damian.Garner@dtaa.com;Madison.Lydia.Morrison@dtaa.com,Alice.Sierra.Valenzuela@dtaa.com,,Emerald.Lysandra.Hodges@dtaa.com,29757,0,
01/10/2011 14:14:40,ELH0960,PC-7775,Alexander-Daquan@northropgrumman.com,,,Emerald.Lysandra.Hodges@dtaa.com,19697,0,
01/11/2011 14:01:34,ELH0960,PC-7775,Lilah.Renee.Wagner@dtaa.com,,,Emerald.Lysandra.Hodges@dtaa.com,25290,0,
01/12/2011 08:41:27,ELH0960,PC-7775,Naomi_M_Baxter@cox.net,,,Hodges-Emerald@gmail.com,25669,0,
01/13/2011 12:50:19,ELH0960,PC-7775,Micah.Abdul.Rojas@dtaa.com,,,Emerald.Lysandra.Hodges@dtaa.com,28893,0,
01/14/2011 11:59:23,ELH0960,PC-7775,Grant.Camden.Gay@dtaa.com,,,Emerald.Lysandra.Hodges@dtaa.com,17348,0,
01/17/2011 10:14:45,ELH0960,PC-7775,Kirby.Ruby.Lyons@dtaa.com,,,Emerald.Lysandra.Hodges@dtaa.com,23451,0,
01/18/2011 10:29:26,ELH0960,PC-7775,Naomi.Meredith.Baxter@dtaa.com;Ariel.Ina.Barrett@dtaa.com,Hillary.Piper.Riddle@dtaa.com;Alice.Sierra.Valenzuela@dtaa.com,,Emerald.Lysandra.Hodges@dtaa.com,24485,0,
01/19/2011 07:20:24,ELH0960,PC-7775,Otto.Hedley.Chase@dtaa.com,,,Emerald.Lysandra.Hodges@dtaa.com,30587,0,
01/20/2011 14:26:22,ELH0960,PC-7775,Cameron.Lester@aol.com,,,Hodges-Emerald@gmail.com,32269,0,
01/21/2011 14:16:45,ELH0960,PC-7775,Octavia.May.Maddox@dtaa.com,,,Emerald.Lysandra.Hodges@dtaa.com,20797,0,
01/25/2011 14:20:21,ELH0960,PC-7775,Hedda.Grace.Gordon@dtaa.com,,,Emerald.Lysandra.Hodges@dtaa.com,32968,0,
01/26/2011 07:39:31,ELH0960,PC-7775,Grant.Camden.Gay@dtaa.com,,,Emerald.Lysandra.Hodges@dtaa.com,15957,0,
01/27/2011 11:34:51,ELH0960,PC-7775,Aladdin.Abraham.Foley@dtaa.com,Otto.Hedley.Chase@dtaa.com,,Emerald.Lysandra.Hodges@dtaa.com,25228,0,
01/28/2011 08:32:37,ELH0960,PC-7775,Naomi_M_Baxter@cox.net,,,Hodges-Emerald@gmail.com,28484,0,
01/31/2011 08:22:21,ELH0960,PC-7775,Basia.Nevada.Riggs@dtaa.com,Leo.Hasad.Byrd@dtaa.com;Felicia.Xantha.Farley@dtaa.com,,Emerald.Lysandra.Hodges@dtaa.com,33608,0,
02/01/2011 11:14:21,ELH0960,PC-7775,Tyrone.Damian.Garner@dtaa.com,,,Emerald.Lysandra.Hodges@dtaa.com,17406,0,
02/02/2011 08:59:02,ELH0960,PC-7775,Naida.I.Hughes@juno.com,,,Hodges-Emerald@gmail.com,21644,0,
02/03/2011 09:38:03,ELH0960,PC-7775,LMB48@raytheon.com,,,Emerald.Lysandra.Hodges@dtaa.com,26331,0,
02/04/2011 14:50:48,ELH0960,PC-7775,SBD478@verizon.net,,,Hodges-Emerald@gmail.com,42142,0,
02/07/2011 14:40:37,ELH0960,PC-7775,TDG5986@yahoo.com;MAR56@msn.com,,,Hodges-Emerald@gmail.com,40784,0,
02/08/2011 11:05:37,ELH0960,PC-7775,Felicia_Farley@hotmail.com,,,Hodges-Emerald@gmail.com,20416,0,
02/09/2011 10:54:13,ELH0960,PC-7775,Graiden.Nehru.Zimmerman@dtaa.com;Octavia.May.Maddox@dtaa.com;Beatrice.Alexis.Kidd@dtaa.com,Felicia.Xantha.Farley@dtaa.com,,Emerald.Lysandra.Hodges@dtaa.com,33160,0,
02/10/2011 08:40:38,ELH0960,PC-7775,Otto.Hedley.Chase@dtaa.com;Micah.Abdul.Rojas@dtaa.com;Eugenia.S.Mckay@boeing.com,Grant.Camden.Gay@dtaa.com,,Emerald.Lysandra.Hodges@dtaa.com,42036,0,
02/11/2011 10:48:30,ELH0960,PC-7775,Leo.Hasad.Byrd@dtaa.com;Cassidy.Florence.Gibbs@dtaa.com,,,Emerald.Lysandra.Hodges@dtaa.com,35690,0,
02/14/2011 12:55:20,ELH0960,PC-7775,Nicholson_Selma@bellsouth.net,,,Hodges-Emerald@gmail.com,24458,0,
02/15/2011 09:06:49,ELH0960,PC-7775,Naida.Imelda.Hughes@dtaa.com;Sandra.Beverly.Diaz@dtaa.com,,,Emerald.Lysandra.Hodges@dtaa.com,19326,0,
02/16/2011 10:04:47,ELH0960,PC-7775,Cassidy.Florence.Gibbs@dtaa.com;Naida.Imelda.Hughes@dtaa.com;Lilah.Renee.Wagner@dtaa.com;Alice.Sierra.Valenzuela@dtaa.com,,,Emerald.Lysandra.Hodges@dtaa.com,21557,0,
02/17/2011 15:57:47,ELH0960,PC-7775,Lilah.R.Wagner@bellsouth.net;Chen-George@hotmail.com,,,Hodges-Emerald@gmail.com,22126,0,
02/18/2011 16:10:29,ELH0960,PC-7775,Ayanna.Vivian.Murray@dtaa.com,,,Emerald.Lysandra.Hodges@dtaa.com,28344,0,
02/21/2011 15:48:55,ELH0960,PC-7775,Octavia_M_Maddox@cox.net,,,Hodges-Emerald@gmail.com,37750,0,
02/22/2011 12:11:38,ELH0960,PC-7775,George.Cade.Chen@dtaa.com;Basia.Nevada.Riggs@dtaa.com,,,Emerald.Lysandra.Hodges@dtaa.com,28873,0,
02/23/2011 13:45:10,ELH0960,PC-7775,Octavia.May.Maddox@dtaa.com;Carla_E_Boyer@lockheedmartin.com,,,Emerald.Lysandra.Hodges@dtaa.com,32423,0,
02/24/2011 16:19:39,ELH0960,PC-7775,Madison_L_Morrison@netzero.com;Otto.H.Chase@netzero.com;Dillon_Thomas@msn.com,,,Hodges-Emerald@gmail.com,26627,0,
02/25/2011 15:28:54,ELH0960,PC-7775,Lilah.Renee.Wagner@dtaa.com,,,Emerald.Lysandra.Hodges@dtaa.com,52524,0,
02/28/2011 07:54:47,ELH0960,PC-7775,Graiden.Nehru.Zimmerman@dtaa.com,,,Emerald.Lysandra.Hodges@dtaa.com,27266,0,
03/01/2011 16:14:07,ELH0960,PC-7775,Irene.Lacota.Huffman@dtaa.com;Naida.Imelda.Hughes@dtaa.com,,,Emerald.Lysandra.Hodges@dtaa.com,32560,0,
03/02/2011 12:26:50,ELH0960,PC-7775,Basia_N_Riggs@aol.com,,,Hodges-Emerald@gmail.com,20282,0,
03/03/2011 15:26:02,ELH0960,PC-7775,Felicia_Farley@hotmail.com,,,Hodges-Emerald@gmail.com,40113,0,
03/04/2011 08:56:34,ELH0960,PC-7775,Cassidy.Florence.Gibbs@dtaa.com,,,Emerald.Lysandra.Hodges@dtaa.com,37612,0,
03/07/2011 12:55:53,ELH0960,PC-7775,Porter-Kenneth@optonline.net,IHK9@optonline.net,,Hodges-Emerald@gmail.com,34650,0,
03/08/2011 10:18:36,ELH0960,PC-7775,Nigel.H.Estrada@bellsouth.net;Ayanna_Murray@optonline.net,Barrett_Ariel@comcast.net;SBD478@verizon.net,,Hodges-Emerald@gmail.com,23290,0,
03/09/2011 07:19:22,ELH0960,PC-7775,Madison.Lydia.Morrison@dtaa.com,,,Emerald.Lysandra.Hodges@dtaa.com,32836,0,
03/10/2011 13:28:00,ELH0960,PC-7775,Madison.Lydia.Morrison@dtaa.com;Cody.Jonathan.Potter@dtaa.com;Cassidy.Florence.Gibbs@dtaa.com,Octavia.May.Maddox@dtaa.com,,Emerald.Lysandra.Hodges@dtaa.com,20451,0,
03/11/2011 08:50:05,ELH0960,PC-7775,Vincent-Aquila@msn.com,,,Hodges-Emerald@gmail.com,22187,0,
03/14/2011 16:05:18,ELH0960,PC-7775,Ariel.Ina.Barrett@dtaa.com,,,Emerald.Lysandra.Hodges@dtaa.com,27808,0,
03/15/2011 11:25:09,ELH0960,PC-7775,Grant.Camden.Gay@dtaa.com;Tyrone.Damian.Garner@dtaa.com,,,Emerald.Lysandra.Hodges@dtaa.com,26063,0,
03/16/2011 15:54:20,ELH0960,PC-7775,Ulric-Knapp@earthlink.net;Naida.I.Hughes@juno.com;LHB4812@aol.com;Beatrice.A.Kidd@sbcglobal.net,Barrett_Ariel@comcast.net,,Hodges-Emerald@gmail.com,29470,0,
03/18/2011 11:53:36,ELH0960,PC-7775,Naomi_M_Baxter@cox.net,,,Hodges-Emerald@gmail.com,41854,0,
03/21/2011 10:59:31,ELH0960,PC-7775,Madison.Lydia.Morrison@dtaa.com,,,Emerald.Lysandra.Hodges@dtaa.com,25196,0,
03/22/2011 11:04:28,ELH0960,PC-7775,Beatrice.A.Kidd@sbcglobal.net,,,Hodges-Emerald@gmail.com,11822,0,
03/23/2011 15:49:09,ELH0960,PC-7775,Basia.Nevada.Riggs@dtaa.com,Felicia.Xantha.Farley@dtaa.com,,Emerald.Lysandra.Hodges@dtaa.com,32794,0,
03/24/2011 15:41:21,ELH0960,PC-7775,Irene.Lacota.Huffman@dtaa.com,,,Emerald.Lysandra.Hodges@dtaa.com,28400,0,
03/25/2011 09:11:50,ELH0960,PC-7775,Felicia.Xantha.Farley@dtaa.com;Farrah.Kim.Keith@dtaa.com;Fletcher.Perry.Cantu@dtaa.com,Brielle.Aubrey.Marks@dtaa.com,,Emerald.Lysandra.Hodges@dtaa.com,39202,0,
03/28/2011 10:37:01,ELH0960,PC-7775,Yael_M_Jones@lockheedmartin.com,,,Emerald.Lysandra.Hodges@dtaa.com,33868,0,
03/29/2011 13:13:28,ELH0960,PC-7775,Lilah.R.Wagner@bellsouth.net,Naida.I.Hughes@juno.com;Aretha_Deleon@optonline.net,,Hodges-Emerald@gmail.com,33395,0,
03/30/2011 09:49:31,ELH0960,PC-7775,Otto.Hedley.Chase@dtaa.com;Beatrice.Alexis.Kidd@dtaa.com;Selma.Barbara.Nicholson@dtaa.com,Lilah.Renee.Wagner@dtaa.com,,Emerald.Lysandra.Hodges@dtaa.com,25729,0,
04/01/2011 14:46:47,ELH0960,PC-7775,Beatrice.Alexis.Kidd@dtaa.com,,,Emerald.Lysandra.Hodges@dtaa.com,22689,0,
04/04/2011 07:42:04,ELH0960,PC-7775,Tyrone.Damian.Garner@dtaa.com,Kenneth.Steel.Porter@dtaa.com,,Emerald.Lysandra.Hodges@dtaa.com,18710,0,
04/05/2011 07:54:13,ELH0960,PC-7775,Cassidy.Florence.Gibbs@dtaa.com;George.Cade.Chen@dtaa.com;Aphrodite_B_Case@raytheon.com,Irene.Lacota.Huffman@dtaa.com;Sandra.Beverly.Diaz@dtaa.com,,Emerald.Lysandra.Hodges@dtaa.com,20043,0,
04/06/2011 15:58:05,ELH0960,PC-7775,Otto.H.Chase@netzero.com;Beatrice.A.Kidd@sbcglobal.net,,,Hodges-Emerald@gmail.com,17614,0,
04/07/2011 07:18:37,ELH0960,PC-7775,Cody.Jonathan.Potter@dtaa.com;Ayanna.Vivian.Murray@dtaa.com,,,Emerald.Lysandra.Hodges@dtaa.com,16655,0,
04/08/2011 15:03:17,ELH0960,PC-7775,Cody.Jonathan.Potter@dtaa.com;Irene.Lacota.Huffman@dtaa.com;Savannah.Marcia.Yang@dtaa.com,,,Emerald.Lysandra.Hodges@dtaa.com,23356,0,
04/11/2011 08:39:09,ELH0960,PC-7775,Fletcher.Perry.Cantu@dtaa.com,,,Emerald.Lysandra.Hodges@dtaa.com,28305,0,
04/12/2011 13:21:03,ELH0960,PC-7775,Ariel.Ina.Barrett@dtaa.com;Kenneth.Steel.Porter@dtaa.com;Irene.Lacota.Huffman@dtaa.com;Beatrice.Alexis.Kidd@dtaa.com,,,Emerald.Lysandra.Hodges@dtaa.com,30734,0,
04/13/2011 12:16:45,ELH0960,PC-7775,Graiden.Nehru.Zimmerman@dtaa.com,,,Emerald.Lysandra.Hodges@dtaa.com,30379,0,
04/14/2011 13:11:38,ELH0960,PC-7775,Porter-Kenneth@optonline.net,,,Hodges-Emerald@gmail.com,21620,0,
04/15/2011 16:12:23,ELH0960,PC-7775,Cody.J.Potter@optonline.net;LHB4812@aol.com;Beatrice.A.Kidd@sbcglobal.net,Ayanna_Murray@optonline.net,,Hodges-Emerald@gmail.com,46363,0,
04/18/2011 14:58:55,ELH0960,PC-7775,Graiden.Nehru.Zimmerman@dtaa.com;Grant.Camden.Gay@dtaa.com;Lilah.Renee.Wagner@dtaa.com;Felicia.Xantha.Farley@dtaa.com,,,Emerald.Lysandra.Hodges@dtaa.com,27607,0,
04/19/2011 11:25:01,ELH0960,PC-7775,Irene.Lacota.Huffman@dtaa.com;Ariel.Ina.Barrett@dtaa.com;Naomi.Meredith.Baxter@dtaa.com;Ralph.J.Simpson@lockheedmartin.com,,,Emerald.Lysandra.Hodges@dtaa.com,37734,0,
04/20/2011 16:04:51,ELH0960,PC-7775,Ayanna_Murray@optonline.net;LHB4812@aol.com,Gay.Grant@earthlink.net,,Hodges-Emerald@gmail.com,28233,0,
04/21/2011 13:18:32,ELH0960,PC-7775,Basia.Nevada.Riggs@dtaa.com,,,Emerald.Lysandra.Hodges@dtaa.com,23488,0,
04/25/2011 11:58:34,ELH0960,PC-7775,Otto.Hedley.Chase@dtaa.com,,,Emerald.Lysandra.Hodges@dtaa.com,29258,0,
04/26/2011 15:15:23,ELH0960,PC-7775,Otto.Hedley.Chase@dtaa.com,,,Emerald.Lysandra.Hodges@dtaa.com,33804,0,
04/27/2011 16:13:12,ELH0960,PC-7775,Scott.Gary.Burks@dtaa.com,,,Emerald.Lysandra.Hodges@dtaa.com,33829,0,
04/28/2011 07:40:39,ELH0960,PC-7775,Beatrice.Alexis.Kidd@dtaa.com,,,Emerald.Lysandra.Hodges@dtaa.com,21969,0,
04/29/2011 11:46:26,ELH0960,PC-7775,TDG5986@yahoo.com,,,Hodges-Emerald@gmail.com,29429,0,
05/02/2011 09:32:51,ELH0960,PC-7775,BTW9@aol.com,,,Hodges-Emerald@gmail.com,33815,0,
05/03/2011 13:19:14,ELH0960,PC-7775,Madison_L_Morrison@netzero.com,,,Hodges-Emerald@gmail.com,31617,0,
05/04/2011 12:12:54,ELH0960,PC-7775,Cassidy.Florence.Gibbs@dtaa.com;Octavia.May.Maddox@dtaa.com,,,Emerald.Lysandra.Hodges@dtaa.com,23244,0,
05/05/2011 10:12:45,ELH0960,PC-7775,AVR7@hp.com,,,Emerald.Lysandra.Hodges@dtaa.com,18109,0,
05/06/2011 13:01:25,ELH0960,PC-7775,Sierra.Margaret.Barker@dtaa.com,,,Emerald.Lysandra.Hodges@dtaa.com,23732,0,
05/09/2011 07:27:20,ELH0960,PC-7775,SBD478@verizon.net,Lysandra_Rosa@yahoo.com,,Hodges-Emerald@gmail.com,33485,0,
05/10/2011 07:38:27,ELH0960,PC-7775,Naomi.Meredith.Baxter@dtaa.com;Irene.Lacota.Huffman@dtaa.com,,,Emerald.Lysandra.Hodges@dtaa.com,22769,0,
05/11/2011 11:49:36,ELH0960,PC-7775,Frances.Alisa.Wiggins@dtaa.com,,,Emerald.Lysandra.Hodges@dtaa.com,32794,0,
05/12/2011 12:30:19,ELH0960,PC-7775,Barrett_Ariel@comcast.net;Mullen-Samuel@hotmail.com,,,Hodges-Emerald@gmail.com,21151,0,
05/13/2011 10:37:16,ELH0960,PC-7775,Tyrone.Damian.Garner@dtaa.com,,,Emerald.Lysandra.Hodges@dtaa.com,54999,0,
05/16/2011 09:39:59,ELH0960,PC-7775,Kenneth.Steel.Porter@dtaa.com,,,Emerald.Lysandra.Hodges@dtaa.com,32685,0,
