01/04/2010 13:57:47,FEB0306,PC-7757,Eagan.Gannon.Koch@dtaa.com;Nevada.Leilani.Ortega@dtaa.com,Noel.Reagan.Foster@dtaa.com,Flynn.Edward.Brennan@dtaa.com,Flynn.Edward.Brennan@dtaa.com,25075,2,
01/05/2010 17:54:41,FEB0306,PC-7757,SGB58@hotmail.com,Brennan-Flynn@yahoo.com,,Brennan-Flynn@yahoo.com,22439,0,
01/06/2010 09:02:02,FEB0306,PC-7757,Ivory_L_Rogers@aol.com,,Brennan-Flynn@yahoo.com,Brennan-Flynn@yahoo.com,24275,1,
01/07/2010 09:37:20,FEB0306,PC-7757,Mckenzie-Orla@aol.com,Brennan-Flynn@yahoo.com,,Brennan-Flynn@yahoo.com,19686,0,
01/08/2010 15:37:59,FEB0306,PC-7757,Idola.Carly.Haley@dtaa.com;Zena.Sigourney.Langley@dtaa.com,Flynn.Edward.Brennan@dtaa.com,,Flynn.Edward.Brennan@dtaa.com,31911,0,
01/11/2010 15:20:44,FEB0306,PC-7757,Shaeleigh.MacKenzie.Harris@dtaa.com;Kirk.Jakeem.Joyce@dtaa.com;Albert.Mohammad.Joseph@dtaa.com,CCR79@northropgrumman.com,Flynn.Edward.Brennan@dtaa.com,Flynn.Edward.Brennan@dtaa.com,48890,1,
01/12/2010 09:21:26,FEB0306,PC-7757,HSP9@cox.net;Arsenio-Wilder@juno.com,NCK51@juno.com,Brennan-Flynn@yahoo.com,Brennan-Flynn@yahoo.com,17732,0,
01/13/2010 17:30:50,FEB0306,PC-7757,Ria.Neve.Flores@dtaa.com,Flynn.Edward.Brennan@dtaa.com,,Flynn.Edward.Brennan@dtaa.com,39652,0,
01/14/2010 12:10:44,FEB0306,PC-7757,Beck.John.Peters@dtaa.com;Teegan.Jillian.Burris@dtaa.com;Colorado.Joel.Merrill@dtaa.com,Kenyon.Raja.Galloway@dtaa.com;Piper.Sasha.Fuentes@dtaa.com,Flynn.Edward.Brennan@dtaa.com,Flynn.Edward.Brennan@dtaa.com,23011,1,
01/15/2010 15:39:37,FEB0306,PC-7757,Idola.Carly.Haley@dtaa.com,Flynn.Edward.Brennan@dtaa.com,,Flynn.Edward.Brennan@dtaa.com,25541,0,
01/18/2010 10:43:55,FEB0306,PC-7757,Colorado.Joel.Merrill@dtaa.com,,Flynn.Edward.Brennan@dtaa.com,Flynn.Edward.Brennan@dtaa.com,62902,0,
01/19/2010 15:50:48,FEB0306,PC-7757,Scott.Gary.Burks@dtaa.com;Eric.Gray.Duncan@dtaa.com,,Flynn.Edward.Brennan@dtaa.com,Flynn.Edward.Brennan@dtaa.com,41849,0,
01/20/2010 11:39:29,FEB0306,PC-7757,Shaeleigh.MacKenzie.Harris@dtaa.com,,Flynn.Edward.Brennan@dtaa.com,Flynn.Edward.Brennan@dtaa.com,31132,0,
01/21/2010 17:23:25,FEB0306,PC-7757,Idola_Haley@yahoo.com,Brennan-Flynn@yahoo.com,,Brennan-Flynn@yahoo.com,35179,0,
01/22/2010 11:31:08,FEB0306,PC-7757,Noel.Reagan.Foster@dtaa.com;Albert.Mohammad.Joseph@dtaa.com,Amaya.Britanni.Newton@dtaa.com,Flynn.Edward.Brennan@dtaa.com,Flynn.Edward.Brennan@dtaa.com,61664,2,
01/25/2010 17:58:20,FEB0306,PC-7757,Nevada-Ortega@comcast.net;CCR8@sbcglobal.net,Carroll-Timothy@comcast.net,Brennan-Flynn@yahoo.com,Brennan-Flynn@yahoo.com,40799,5,
01/26/2010 17:59:35,FEB0306,PC-7757,Hakeem.Stephen.Peck@dtaa.com,Irene.Jemima.Meyers@dtaa.com;Flynn.Edward.Brennan@dtaa.com,,Flynn.Edward.Brennan@dtaa.com,21464,0,
01/27/2010 11:36:29,FEB0306,PC-7757,Amal.Judah.Rich@dtaa.com;Piper.Sasha.Fuentes@dtaa.com,,Flynn.Edward.Brennan@dtaa.com,Flynn.Edward.Brennan@dtaa.com,26444,2,
01/28/2010 16:19:03,FEB0306,PC-7757,Noel_Foster@netzero.com;Ivory_L_Rogers@aol.com;Cash-Caesar@gmail.com;HSP9@cox.net,Brennan-Flynn@yahoo.com,,Brennan-Flynn@yahoo.com,12175,0,
01/29/2010 11:09:19,FEB0306,PC-7757,Piper.Sasha.Fuentes@dtaa.com,Flynn.Edward.Brennan@dtaa.com,,Flynn.Edward.Brennan@dtaa.com,25683,0,
02/02/2010 17:00:34,FEB0306,PC-7757,Idola.Carly.Haley@dtaa.com,Flynn.Edward.Brennan@dtaa.com,,Flynn.Edward.Brennan@dtaa.com,27453,0,
02/03/2010 09:19:26,FEB0306,PC-7757,Teegan-Burris@verizon.net,Brennan-Flynn@yahoo.com,,Brennan-Flynn@yahoo.com,20954,0,
02/04/2010 17:21:20,FEB0306,PC-7757,Talon.Ian.Ware@dtaa.com,Flynn.Edward.Brennan@dtaa.com,,Flynn.Edward.Brennan@dtaa.com,27489,0,
02/05/2010 11:25:59,FEB0306,PC-7757,Desiree_Harrell@harris.com,Flynn.Edward.Brennan@dtaa.com,,Flynn.Edward.Brennan@dtaa.com,33375,0,
02/08/2010 12:50:27,FEB0306,PC-7757,Duran-Grady@verizon.net,Brennan-Flynn@yahoo.com,,Brennan-Flynn@yahoo.com,33425,0,
02/09/2010 14:18:27,FEB0306,PC-7757,Piper.Sasha.Fuentes@dtaa.com,Flynn.Edward.Brennan@dtaa.com,,Flynn.Edward.Brennan@dtaa.com,21696,0,
02/10/2010 14:59:45,FEB0306,PC-7757,Cailin.Casey.Mckee@dtaa.com,Flynn.Edward.Brennan@dtaa.com,,Flynn.Edward.Brennan@dtaa.com,18797,0,
02/11/2010 08:56:31,FEB0306,PC-7757,Zena.Sigourney.Langley@dtaa.com;Shaeleigh.MacKenzie.Harris@dtaa.com;Aaron.Porter.Gutierrez@dtaa.com,Flynn.Edward.Brennan@dtaa.com,,Flynn.Edward.Brennan@dtaa.com,16833,0,
02/12/2010 16:01:57,FEB0306,PC-7757,Eric.Gray.Duncan@dtaa.com,,Flynn.Edward.Brennan@dtaa.com,Flynn.Edward.Brennan@dtaa.com,27192,0,
02/15/2010 13:01:24,FEB0306,PC-7757,Lamar.Nissim.Strickland@dtaa.com,Addison.Edward.Snyder@dtaa.com;Jena.Chanda.Rollins@dtaa.com;Flynn.Edward.Brennan@dtaa.com,,Flynn.Edward.Brennan@dtaa.com,19466,4,
02/16/2010 12:30:03,FEB0306,PC-7757,Elaine.Sonya.Hughes@dtaa.com,,Flynn.Edward.Brennan@dtaa.com,Flynn.Edward.Brennan@dtaa.com,17733,0,
02/17/2010 14:08:54,FEB0306,PC-7757,Joseph.Alan.Vaughan@dtaa.com;Teegan.Jillian.Burris@dtaa.com,Flynn.Edward.Brennan@dtaa.com,,Flynn.Edward.Brennan@dtaa.com,30377,1,
02/18/2010 10:21:13,FEB0306,PC-7757,Jane.Justina.Hunt@dtaa.com;Jameson.Damian.Franco@dtaa.com,,Flynn.Edward.Brennan@dtaa.com,Flynn.Edward.Brennan@dtaa.com,37395,0,
02/19/2010 09:15:08,FEB0306,PC-7757,JCR6477@charter.net;Chiquita.L.Stokes@juno.com,Shannon_Price@juno.com,Brennan-Flynn@yahoo.com,Brennan-Flynn@yahoo.com,21585,0,
02/22/2010 09:16:31,FEB0306,PC-7757,PNL7@netzero.com,Nevada-Ortega@comcast.net,Brennan-Flynn@yahoo.com,Brennan-Flynn@yahoo.com,37582,0,
02/23/2010 09:08:56,FEB0306,PC-7757,EGD681@comcast.net;Gutierrez-Aaron@optonline.net;NGC9431@optonline.net,Cailin-Mckee@bellsouth.net,Brennan-Flynn@yahoo.com,Brennan-Flynn@yahoo.com,37866,0,
02/24/2010 09:46:56,FEB0306,PC-7757,Tara.Dai.Stevenson@dtaa.com,,Flynn.Edward.Brennan@dtaa.com,Flynn.Edward.Brennan@dtaa.com,25682,0,
02/25/2010 16:54:25,FEB0306,PC-7757,Aaron.Porter.Gutierrez@dtaa.com,Flynn.Edward.Brennan@dtaa.com,,Flynn.Edward.Brennan@dtaa.com,28808,0,
02/26/2010 18:09:16,FEB0306,PC-7757,Joel.Kennan.Mccarty@dtaa.com,Timothy.Arthur.Carroll@dtaa.com;Flynn.Edward.Brennan@dtaa.com,,Flynn.Edward.Brennan@dtaa.com,24189,0,
03/01/2010 13:41:42,FEB0306,PC-7757,Scott.Gary.Burks@dtaa.com,Amal.Alexander.Shelton@dtaa.com;DKC4@hp.com,Flynn.Edward.Brennan@dtaa.com,Flynn.Edward.Brennan@dtaa.com,22427,1,
03/02/2010 17:26:13,FEB0306,PC-7757,Elaine_Hughes@aol.com,,Brennan-Flynn@yahoo.com,Brennan-Flynn@yahoo.com,24877,0,
03/03/2010 17:44:41,FEB0306,PC-7757,Scott.Gary.Burks@dtaa.com;Cailin.Casey.Mckee@dtaa.com,Flynn.Edward.Brennan@dtaa.com,,Flynn.Edward.Brennan@dtaa.com,13130,0,
03/04/2010 17:21:32,FEB0306,PC-7757,Talon.Ian.Ware@dtaa.com,Flynn.Edward.Brennan@dtaa.com,,Flynn.Edward.Brennan@dtaa.com,24404,1,
03/05/2010 16:59:15,FEB0306,PC-7757,Philip.Nathan.Logan@dtaa.com,,Flynn.Edward.Brennan@dtaa.com,Flynn.Edward.Brennan@dtaa.com,28620,0,
03/08/2010 09:55:26,FEB0306,PC-7757,Kirk.Jakeem.Joyce@dtaa.com,Flynn.Edward.Brennan@dtaa.com,,Flynn.Edward.Brennan@dtaa.com,29749,0,
03/09/2010 18:05:04,FEB0306,PC-7757,Chiquita.L.Stokes@juno.com;CCR8@sbcglobal.net,Whilemina_R_Watkins@aol.com;Brennan-Flynn@yahoo.com,,Brennan-Flynn@yahoo.com,42277,1,
03/10/2010 09:38:17,FEB0306,PC-7757,Joel.Kennan.Mccarty@dtaa.com;Urielle.Jane.Carter@dtaa.com;Calvin.Jarrod.Hood@dtaa.com,Elaine.Sonya.Hughes@dtaa.com,Flynn.Edward.Brennan@dtaa.com,Flynn.Edward.Brennan@dtaa.com,53539,0,
03/11/2010 11:57:16,FEB0306,PC-7757,Jane.Justina.Hunt@dtaa.com,,Flynn.Edward.Brennan@dtaa.com,Flynn.Edward.Brennan@dtaa.com,31261,0,
03/12/2010 14:56:13,FEB0306,PC-7757,Ulric.Colt.Holt@dtaa.com;Robert.Ali.Webb@dtaa.com,Idola.Carly.Haley@dtaa.com;Flynn.Edward.Brennan@dtaa.com,,Flynn.Edward.Brennan@dtaa.com,37979,1,
03/15/2010 09:30:47,FEB0306,PC-7757,Piper.Sasha.Fuentes@dtaa.com;Ivory.Leandra.Rogers@dtaa.com,,Flynn.Edward.Brennan@dtaa.com,Flynn.Edward.Brennan@dtaa.com,38700,3,
03/16/2010 11:49:53,FEB0306,PC-7757,Ivory.Leandra.Rogers@dtaa.com,Eric.Gray.Duncan@dtaa.com,Flynn.Edward.Brennan@dtaa.com,Flynn.Edward.Brennan@dtaa.com,22745,0,
03/17/2010 17:40:24,FEB0306,PC-7757,Kirk_Joyce@msn.com,Zena_Langley@yahoo.com;Brennan-Flynn@yahoo.com,,Brennan-Flynn@yahoo.com,20927,0,
03/18/2010 13:16:50,FEB0306,PC-7757,Elaine_Hughes@aol.com;Shaeleigh_M_Harris@comcast.net;CCR8@sbcglobal.net;EBH435@netzero.com,Merrill-Colorado@gmail.com;Brennan-Flynn@yahoo.com,,Brennan-Flynn@yahoo.com,27759,3,
03/19/2010 09:19:33,FEB0306,PC-7757,Nevada-Ortega@comcast.net,Brennan-Flynn@yahoo.com,,Brennan-Flynn@yahoo.com,28121,1,
03/22/2010 10:20:24,FEB0306,PC-7757,Elaine.Sonya.Hughes@dtaa.com;Scott.Gary.Burks@dtaa.com,,Flynn.Edward.Brennan@dtaa.com,Flynn.Edward.Brennan@dtaa.com,28914,0,
03/23/2010 16:53:11,FEB0306,PC-7757,Aaron.Porter.Gutierrez@dtaa.com,,Flynn.Edward.Brennan@dtaa.com,Flynn.Edward.Brennan@dtaa.com,24867,2,
03/24/2010 12:54:20,FEB0306,PC-7757,Ivory.Leandra.Rogers@dtaa.com;Colorado.Joel.Merrill@dtaa.com;Emerson.B.Huff@boeing.com,,Flynn.Edward.Brennan@dtaa.com,Flynn.Edward.Brennan@dtaa.com,35486,1,
03/25/2010 10:04:36,FEB0306,PC-7757,Albert.Mohammad.Joseph@dtaa.com,,Flynn.Edward.Brennan@dtaa.com,Flynn.Edward.Brennan@dtaa.com,31916,0,
03/26/2010 16:50:58,FEB0306,PC-7757,Ivory_L_Rogers@aol.com,Desiree_Harrell@yahoo.com;Brennan-Flynn@yahoo.com,,Brennan-Flynn@yahoo.com,14536,0,
03/29/2010 13:57:55,FEB0306,PC-7757,Gutierrez-Aaron@optonline.net;CGH7514@comcast.net,,Brennan-Flynn@yahoo.com,Brennan-Flynn@yahoo.com,32572,1,
03/30/2010 09:02:21,FEB0306,PC-7757,Jena.Chanda.Rollins@dtaa.com,,Flynn.Edward.Brennan@dtaa.com,Flynn.Edward.Brennan@dtaa.com,26287,0,
03/31/2010 13:52:10,FEB0306,PC-7757,Genevieve.Hyacinth.Head@dtaa.com,Noble.Clinton.Klein@dtaa.com;Flynn.Edward.Brennan@dtaa.com,,Flynn.Edward.Brennan@dtaa.com,23555,0,
04/01/2010 15:54:37,FEB0306,PC-7757,Cailin.Casey.Mckee@dtaa.com;Idola.Carly.Haley@dtaa.com,Flynn.Edward.Brennan@dtaa.com,,Flynn.Edward.Brennan@dtaa.com,29215,1,
04/05/2010 12:34:12,FEB0306,PC-7757,Shaeleigh.MacKenzie.Harris@dtaa.com;Ivory.Leandra.Rogers@dtaa.com,CCR79@northropgrumman.com,Flynn.Edward.Brennan@dtaa.com,Flynn.Edward.Brennan@dtaa.com,39708,1,
04/06/2010 09:36:30,FEB0306,PC-7757,Talon.Ian.Ware@dtaa.com;Noel.Reagan.Foster@dtaa.com;Cailin.Casey.Mckee@dtaa.com,,Flynn.Edward.Brennan@dtaa.com,Flynn.Edward.Brennan@dtaa.com,20171,1,
04/07/2010 12:04:29,FEB0306,PC-7757,Beck.John.Peters@dtaa.com;Ivory.Leandra.Rogers@dtaa.com,,Flynn.Edward.Brennan@dtaa.com,Flynn.Edward.Brennan@dtaa.com,40927,0,
04/08/2010 15:55:39,FEB0306,PC-7757,Joel.K.Mccarty@earthlink.net,,Brennan-Flynn@yahoo.com,Brennan-Flynn@yahoo.com,31360,0,
04/09/2010 17:26:40,FEB0306,PC-7757,Aaron.Porter.Gutierrez@dtaa.com,Flynn.Edward.Brennan@dtaa.com,,Flynn.Edward.Brennan@dtaa.com,24018,0,
04/12/2010 12:31:36,FEB0306,PC-7757,Kirk.Jakeem.Joyce@dtaa.com,Joel.Kennan.Mccarty@dtaa.com;Grady.Jordan.Duran@dtaa.com;Flynn.Edward.Brennan@dtaa.com,,Flynn.Edward.Brennan@dtaa.com,15553,1,
04/13/2010 10:52:19,FEB0306,PC-7757,Jane.Justina.Hunt@dtaa.com,,Flynn.Edward.Brennan@dtaa.com,Flynn.Edward.Brennan@dtaa.com,15327,0,
04/14/2010 10:35:30,FEB0306,PC-7757,Shannon.Chantale.Price@dtaa.com;Chiquita.Linda.Stokes@dtaa.com,,Flynn.Edward.Brennan@dtaa.com,Flynn.Edward.Brennan@dtaa.com,43769,1,
04/15/2010 17:30:59,FEB0306,PC-7757,Piper-Fuentes@yahoo.com,,Brennan-Flynn@yahoo.com,Brennan-Flynn@yahoo.com,48325,0,
04/16/2010 16:59:29,FEB0306,PC-7757,CCR79@northropgrumman.com,Flynn.Edward.Brennan@dtaa.com,,Flynn.Edward.Brennan@dtaa.com,47669,1,
04/19/2010 10:47:38,FEB0306,PC-7757,Cailin.Casey.Mckee@dtaa.com;Nash.Conan.Knight@dtaa.com;Noel.Reagan.Foster@dtaa.com,,Flynn.Edward.Brennan@dtaa.com,Flynn.Edward.Brennan@dtaa.com,33140,1,
04/20/2010 17:06:02,FEB0306,PC-7757,Quyn.Jolie.Rosario@dtaa.com,Irene.Jemima.Meyers@dtaa.com,Flynn.Edward.Brennan@dtaa.com,Flynn.Edward.Brennan@dtaa.com,38982,0,
04/21/2010 17:48:38,FEB0306,PC-7757,Kirk.Jakeem.Joyce@dtaa.com;Teegan.Jillian.Burris@dtaa.com,Flynn.Edward.Brennan@dtaa.com,,Flynn.Edward.Brennan@dtaa.com,26599,0,
04/22/2010 09:18:53,FEB0306,PC-7757,HSP9@cox.net,Kirk_Joyce@msn.com,Brennan-Flynn@yahoo.com,Brennan-Flynn@yahoo.com,31265,0,
04/23/2010 10:49:26,FEB0306,PC-7757,Eric.Gray.Duncan@dtaa.com,,Flynn.Edward.Brennan@dtaa.com,Flynn.Edward.Brennan@dtaa.com,36809,0,
04/26/2010 14:38:09,FEB0306,PC-7757,Teegan-Burris@verizon.net,Brennan-Flynn@yahoo.com,,Brennan-Flynn@yahoo.com,21234,0,
04/27/2010 12:39:03,FEB0306,PC-7757,Nevada-Ortega@comcast.net;Gutierrez-Aaron@optonline.net;Liberty.J.Richardson@cox.net,Cailin-Mckee@bellsouth.net;Stewart-Josiah@sbcglobal.net;Brennan-Flynn@yahoo.com,,Brennan-Flynn@yahoo.com,36710,1,
04/28/2010 15:13:11,FEB0306,PC-7757,Zena.Sigourney.Langley@dtaa.com;CCR79@northropgrumman.com,,Flynn.Edward.Brennan@dtaa.com,Flynn.Edward.Brennan@dtaa.com,48178,6,
04/29/2010 17:28:00,FEB0306,PC-7757,Shaeleigh.MacKenzie.Harris@dtaa.com,,Flynn.Edward.Brennan@dtaa.com,Flynn.Edward.Brennan@dtaa.com,32178,0,
04/30/2010 09:13:11,FEB0306,PC-7757,Irene.Jemima.Meyers@dtaa.com;Talon.Ian.Ware@dtaa.com;Zena.Sigourney.Langley@dtaa.com,Philip.Nathan.Logan@dtaa.com;Flynn.Edward.Brennan@dtaa.com,,Flynn.Edward.Brennan@dtaa.com,30299,0,
05/03/2010 17:18:21,FEB0306,PC-7757,Elaine.Sonya.Hughes@dtaa.com,,Flynn.Edward.Brennan@dtaa.com,Flynn.Edward.Brennan@dtaa.com,25138,0,
05/04/2010 09:05:06,FEB0306,PC-7757,Chiquita.Linda.Stokes@dtaa.com;CCR79@northropgrumman.com,Flynn.Edward.Brennan@dtaa.com,,Flynn.Edward.Brennan@dtaa.com,39419,0,
05/06/2010 13:16:33,FEB0306,PC-7757,CCR79@northropgrumman.com,Flynn.Edward.Brennan@dtaa.com,,Flynn.Edward.Brennan@dtaa.com,25073,0,
05/07/2010 16:12:54,FEB0306,PC-7757,Jena.Chanda.Rollins@dtaa.com,Flynn.Edward.Brennan@dtaa.com,,Flynn.Edward.Brennan@dtaa.com,41799,0,
05/10/2010 16:35:26,FEB0306,PC-7757,Merrill-Colorado@gmail.com;Idola_Haley@yahoo.com;RHP6217@yahoo.com;Joel.K.Mccarty@earthlink.net,Duran-Grady@verizon.net;Brennan-Flynn@yahoo.com,,Brennan-Flynn@yahoo.com,45733,0,
05/11/2010 11:07:22,FEB0306,PC-7757,Cailin.Casey.Mckee@dtaa.com,Flynn.Edward.Brennan@dtaa.com,,Flynn.Edward.Brennan@dtaa.com,20467,0,
05/13/2010 10:11:57,FEB0306,PC-7757,Chiquita.L.Stokes@juno.com;Carroll-Timothy@comcast.net,Brennan-Flynn@yahoo.com,,Brennan-Flynn@yahoo.com,27128,0,
05/14/2010 16:12:29,FEB0306,PC-7757,Eric.Gray.Duncan@dtaa.com,,Flynn.Edward.Brennan@dtaa.com,Flynn.Edward.Brennan@dtaa.com,30548,0,
05/17/2010 13:00:05,FEB0306,PC-7757,Talon.Ian.Ware@dtaa.com;Kirk.Jakeem.Joyce@dtaa.com,,Flynn.Edward.Brennan@dtaa.com,Flynn.Edward.Brennan@dtaa.com,26622,0,
05/18/2010 13:46:37,FEB0306,PC-7757,Colorado.Joel.Merrill@dtaa.com;Joel.Kennan.Mccarty@dtaa.com,Cailin.Casey.Mckee@dtaa.com,Flynn.Edward.Brennan@dtaa.com,Flynn.Edward.Brennan@dtaa.com,20071,0,
05/19/2010 15:59:42,FEB0306,PC-7757,DBL1@earthlink.net,,Brennan-Flynn@yahoo.com,Brennan-Flynn@yahoo.com,30885,0,
05/20/2010 14:19:49,FEB0306,PC-7757,NCK51@juno.com;HTF6869@verizon.net;Zena_Langley@yahoo.com;Albert-Joseph@yahoo.com,Brennan-Flynn@yahoo.com,,Brennan-Flynn@yahoo.com,27556,1,
05/21/2010 17:08:16,FEB0306,PC-7757,Shannon.Chantale.Price@dtaa.com,,Flynn.Edward.Brennan@dtaa.com,Flynn.Edward.Brennan@dtaa.com,23623,0,
05/24/2010 10:58:43,FEB0306,PC-7757,Wynne.Xyla.Hartman@dtaa.com;Irene.Jemima.Meyers@dtaa.com,Scott.Gary.Burks@dtaa.com;Noel.Reagan.Foster@dtaa.com,Flynn.Edward.Brennan@dtaa.com,Flynn.Edward.Brennan@dtaa.com,15033,2,
05/25/2010 09:59:00,FEB0306,PC-7757,Colorado.Joel.Merrill@dtaa.com,Noble.Clinton.Klein@dtaa.com;Flynn.Edward.Brennan@dtaa.com,,Flynn.Edward.Brennan@dtaa.com,26862,0,
05/26/2010 15:29:14,FEB0306,PC-7757,Genevieve_Head@bellsouth.net,,Brennan-Flynn@yahoo.com,Brennan-Flynn@yahoo.com,51984,0,
05/27/2010 16:17:00,FEB0306,PC-7757,Desiree_Harrell@harris.com,Flynn.Edward.Brennan@dtaa.com,,Flynn.Edward.Brennan@dtaa.com,14874,0,
05/28/2010 12:55:38,FEB0306,PC-7757,ETR6@comcast.net,Brennan-Flynn@yahoo.com,,Brennan-Flynn@yahoo.com,29939,0,
06/01/2010 09:53:44,FEB0306,PC-7757,Meghan.Brianna.Jensen@dtaa.com,Philip.Nathan.Logan@dtaa.com;Talon.Ian.Ware@dtaa.com;Chiquita.Linda.Stokes@dtaa.com;Albert.Mohammad.Joseph@dtaa.com;Flynn.Edward.Brennan@dtaa.com,,Flynn.Edward.Brennan@dtaa.com,56037,1,
06/02/2010 12:06:02,FEB0306,PC-7757,Albert.Mohammad.Joseph@dtaa.com;Philip.Nathan.Logan@dtaa.com;Aaron.Porter.Gutierrez@dtaa.com,,Flynn.Edward.Brennan@dtaa.com,Flynn.Edward.Brennan@dtaa.com,26671,0,
06/03/2010 09:10:08,FEB0306,PC-7757,Chiquita.Linda.Stokes@dtaa.com,,Flynn.Edward.Brennan@dtaa.com,Flynn.Edward.Brennan@dtaa.com,35517,0,
06/04/2010 17:35:19,FEB0306,PC-7757,Eric.Gray.Duncan@dtaa.com;Genevieve.Hyacinth.Head@dtaa.com,Teegan.Jillian.Burris@dtaa.com;Hakeem.Stephen.Peck@dtaa.com;Flynn.Edward.Brennan@dtaa.com,,Flynn.Edward.Brennan@dtaa.com,41567,5,
06/08/2010 16:47:31,FEB0306,PC-7757,Joel.Kennan.Mccarty@dtaa.com;Jaden.Kylan.Buckley@dtaa.com,Flynn.Edward.Brennan@dtaa.com,,Flynn.Edward.Brennan@dtaa.com,39619,0,
06/09/2010 10:31:32,FEB0306,PC-7757,Kirk.Jakeem.Joyce@dtaa.com,CCR79@northropgrumman.com,Flynn.Edward.Brennan@dtaa.com,Flynn.Edward.Brennan@dtaa.com,24614,1,
06/10/2010 16:43:21,FEB0306,PC-7757,Irma.Melanie.Patrick@dtaa.com;Kelly.M.Graves@hp.com,Liberty.J.Richardson@boeing.com,Flynn.Edward.Brennan@dtaa.com,Flynn.Edward.Brennan@dtaa.com,32166,2,
06/15/2010 17:35:38,FEB0306,PC-7757,Zena.Sigourney.Langley@dtaa.com,,Flynn.Edward.Brennan@dtaa.com,Flynn.Edward.Brennan@dtaa.com,23645,0,
06/16/2010 17:57:20,FEB0306,PC-7757,Ivory.Leandra.Rogers@dtaa.com;Shaeleigh.MacKenzie.Harris@dtaa.com,Flynn.Edward.Brennan@dtaa.com,,Flynn.Edward.Brennan@dtaa.com,21096,1,
06/17/2010 12:18:13,FEB0306,PC-7757,Grady.Jordan.Duran@dtaa.com;Megan.Simone.Hess@dtaa.com,Noel.Reagan.Foster@dtaa.com,Flynn.Edward.Brennan@dtaa.com,Flynn.Edward.Brennan@dtaa.com,28154,7,
06/18/2010 17:30:54,FEB0306,PC-7757,Genevieve.Hyacinth.Head@dtaa.com;Aaron.Porter.Gutierrez@dtaa.com,,Flynn.Edward.Brennan@dtaa.com,Flynn.Edward.Brennan@dtaa.com,29768,0,
06/21/2010 14:59:48,FEB0306,PC-7757,Teegan.Jillian.Burris@dtaa.com;Colorado.Joel.Merrill@dtaa.com;CCR79@northropgrumman.com,Raymond.Gray.Hyde@dtaa.com;Flynn.Edward.Brennan@dtaa.com,,Flynn.Edward.Brennan@dtaa.com,46519,1,
06/22/2010 16:57:29,FEB0306,PC-7757,Noble.Clinton.Klein@dtaa.com,Flynn.Edward.Brennan@dtaa.com,,Flynn.Edward.Brennan@dtaa.com,27527,0,
06/23/2010 11:34:18,FEB0306,PC-7757,Grady.Jordan.Duran@dtaa.com,,Flynn.Edward.Brennan@dtaa.com,Flynn.Edward.Brennan@dtaa.com,25161,0,
06/24/2010 11:21:46,FEB0306,PC-7757,Idola.Carly.Haley@dtaa.com,Flynn.Edward.Brennan@dtaa.com,,Flynn.Edward.Brennan@dtaa.com,29567,0,
06/28/2010 13:13:21,FEB0306,PC-7757,Tara_Potts@optonline.net;Carroll-Timothy@comcast.net;Teegan-Burris@verizon.net,Albert-Joseph@yahoo.com;RPS9@earthlink.net;Brennan-Flynn@yahoo.com,,Brennan-Flynn@yahoo.com,43001,1,
06/29/2010 12:14:20,FEB0306,PC-7757,Noble.Clinton.Klein@dtaa.com;Chiquita.Linda.Stokes@dtaa.com,Philip.Nathan.Logan@dtaa.com;Flynn.Edward.Brennan@dtaa.com,,Flynn.Edward.Brennan@dtaa.com,18263,0,
06/30/2010 17:51:41,FEB0306,PC-7757,Jade.M.Coleman@charter.net;HSP9@cox.net,Shaeleigh_M_Harris@comcast.net;Teegan-Burris@verizon.net,Brennan-Flynn@yahoo.com,Brennan-Flynn@yahoo.com,32927,2,
07/01/2010 13:47:55,FEB0306,PC-7757,Beck.John.Peters@dtaa.com,,Flynn.Edward.Brennan@dtaa.com,Flynn.Edward.Brennan@dtaa.com,28826,0,
07/02/2010 14:59:42,FEB0306,PC-7757,Idola.Carly.Haley@dtaa.com;Chiquita.Linda.Stokes@dtaa.com,,Flynn.Edward.Brennan@dtaa.com,Flynn.Edward.Brennan@dtaa.com,26278,0,
07/06/2010 08:58:06,FEB0306,PC-7757,Carroll-Timothy@comcast.net,Shaeleigh_M_Harris@comcast.net;SGB58@hotmail.com,Brennan-Flynn@yahoo.com,Brennan-Flynn@yahoo.com,40247,2,
07/07/2010 13:35:12,FEB0306,PC-7757,Philip.Nathan.Logan@dtaa.com,Chiquita.Linda.Stokes@dtaa.com,Flynn.Edward.Brennan@dtaa.com,Flynn.Edward.Brennan@dtaa.com,21506,0,
07/08/2010 15:24:26,FEB0306,PC-7757,Irene.Jemima.Meyers@dtaa.com,,Flynn.Edward.Brennan@dtaa.com,Flynn.Edward.Brennan@dtaa.com,43284,0,
07/09/2010 09:07:18,FEB0306,PC-7757,BJP81@msn.com;Albert-Joseph@yahoo.com,Brennan-Flynn@yahoo.com,,Brennan-Flynn@yahoo.com,27335,0,
07/13/2010 16:07:22,FEB0306,PC-7757,Talon.Ian.Ware@dtaa.com;Grady.Jordan.Duran@dtaa.com,Jena.Chanda.Rollins@dtaa.com;Flynn.Edward.Brennan@dtaa.com,,Flynn.Edward.Brennan@dtaa.com,22624,1,
07/14/2010 09:05:34,FEB0306,PC-7757,Genevieve_Head@bellsouth.net;CCR8@sbcglobal.net;DBL1@earthlink.net,,Brennan-Flynn@yahoo.com,Brennan-Flynn@yahoo.com,21871,0,
07/15/2010 15:17:15,FEB0306,PC-7757,Beck.John.Peters@dtaa.com,,Flynn.Edward.Brennan@dtaa.com,Flynn.Edward.Brennan@dtaa.com,38482,0,
07/16/2010 16:36:57,FEB0306,PC-7757,Nevada.Leilani.Ortega@dtaa.com,,Flynn.Edward.Brennan@dtaa.com,Flynn.Edward.Brennan@dtaa.com,15206,0,
07/20/2010 16:59:29,FEB0306,PC-7757,Desiree_Harrell@yahoo.com,Brennan-Flynn@yahoo.com,,Brennan-Flynn@yahoo.com,14062,0,
07/21/2010 16:48:19,FEB0306,PC-7757,Talon.Ian.Ware@dtaa.com,Flynn.Edward.Brennan@dtaa.com,,Flynn.Edward.Brennan@dtaa.com,21581,0,
07/22/2010 09:44:23,FEB0306,PC-7757,Leila.Tallulah.Steele@dtaa.com,Flynn.Edward.Brennan@dtaa.com,,Flynn.Edward.Brennan@dtaa.com,25354,0,
07/23/2010 12:21:57,FEB0306,PC-7757,Chiquita.L.Stokes@juno.com,,Brennan-Flynn@yahoo.com,Brennan-Flynn@yahoo.com,27518,1,
07/26/2010 13:51:21,FEB0306,PC-7757,Cameron.Noel.Elliott@dtaa.com,Flynn.Edward.Brennan@dtaa.com,,Flynn.Edward.Brennan@dtaa.com,24176,0,
07/27/2010 16:20:38,FEB0306,PC-7757,Talon.Ian.Ware@dtaa.com,Flynn.Edward.Brennan@dtaa.com,,Flynn.Edward.Brennan@dtaa.com,18386,0,
07/29/2010 16:51:06,FEB0306,PC-7757,Jane.J.Hunt@msn.com;Zena_Langley@yahoo.com;HSP9@cox.net;Shannon_Price@juno.com;Sasha_Quinn@aol.com,Brennan-Flynn@yahoo.com,,Brennan-Flynn@yahoo.com,32910,0,
07/30/2010 14:14:41,FEB0306,PC-7757,Duran-Grady@verizon.net,Brennan-Flynn@yahoo.com,,Brennan-Flynn@yahoo.com,26796,0,
08/02/2010 13:59:26,FEB0306,PC-7757,Talon.Ian.Ware@dtaa.com;Joel.Kennan.Mccarty@dtaa.com;Piper.Sasha.Fuentes@dtaa.com,Flynn.Edward.Brennan@dtaa.com,,Flynn.Edward.Brennan@dtaa.com,19334,2,
08/03/2010 17:58:10,FEB0306,PC-7757,Genevieve_Head@bellsouth.net,Brennan-Flynn@yahoo.com,,Brennan-Flynn@yahoo.com,27095,0,
08/04/2010 17:09:27,FEB0306,PC-7757,Teegan.Jillian.Burris@dtaa.com,Jane.Justina.Hunt@dtaa.com,Flynn.Edward.Brennan@dtaa.com,Flynn.Edward.Brennan@dtaa.com,19680,0,
08/05/2010 16:57:12,FEB0306,PC-7757,RPS9@earthlink.net,,Brennan-Flynn@yahoo.com,Brennan-Flynn@yahoo.com,18354,0,
08/06/2010 13:41:16,FEB0306,PC-7757,Jane.J.Hunt@msn.com,Brennan-Flynn@yahoo.com,,Brennan-Flynn@yahoo.com,14697,0,
08/09/2010 17:11:44,FEB0306,PC-7757,Scott.Gary.Burks@dtaa.com;Grady.Jordan.Duran@dtaa.com;Jane.Justina.Hunt@dtaa.com;Steele-Robert@lockheedmartin.com,Flynn.Edward.Brennan@dtaa.com,,Flynn.Edward.Brennan@dtaa.com,29191,0,
08/10/2010 14:55:26,FEB0306,PC-7757,Lamb-Damian@hp.com,Flynn.Edward.Brennan@dtaa.com,,Flynn.Edward.Brennan@dtaa.com,26269,0,
08/11/2010 16:25:23,FEB0306,PC-7757,Chiquita.Linda.Stokes@dtaa.com;Zena.Sigourney.Langley@dtaa.com;Joel.Kennan.Mccarty@dtaa.com,Cailin.Casey.Mckee@dtaa.com;Flynn.Edward.Brennan@dtaa.com,,Flynn.Edward.Brennan@dtaa.com,34945,1,
08/12/2010 09:13:15,FEB0306,PC-7757,Joel.Kennan.Mccarty@dtaa.com,,Flynn.Edward.Brennan@dtaa.com,Flynn.Edward.Brennan@dtaa.com,29342,0,
08/13/2010 09:35:02,FEB0306,PC-7757,Kirk_Joyce@msn.com;Zena_Langley@yahoo.com,Shaeleigh_M_Harris@comcast.net;RPS9@earthlink.net;Brennan-Flynn@yahoo.com,,Brennan-Flynn@yahoo.com,34293,9,
08/16/2010 10:10:04,FEB0306,PC-7757,Scott.Gary.Burks@dtaa.com,,Flynn.Edward.Brennan@dtaa.com,Flynn.Edward.Brennan@dtaa.com,14303,0,
08/17/2010 13:18:33,FEB0306,PC-7757,Genevieve.Hyacinth.Head@dtaa.com,Flynn.Edward.Brennan@dtaa.com,,Flynn.Edward.Brennan@dtaa.com,41870,0,
08/18/2010 17:34:17,FEB0306,PC-7757,Wynter_Shepherd@hotmail.com,,Brennan-Flynn@yahoo.com,Brennan-Flynn@yahoo.com,22110,0,
08/19/2010 14:20:10,FEB0306,PC-7757,Idola.Carly.Haley@dtaa.com;Noel.Reagan.Foster@dtaa.com,Flynn.Edward.Brennan@dtaa.com,,Flynn.Edward.Brennan@dtaa.com,26137,0,
08/20/2010 12:47:24,FEB0306,PC-7757,Noel.Reagan.Foster@dtaa.com;Lamb-Damian@hp.com,Flynn.Edward.Brennan@dtaa.com,,Flynn.Edward.Brennan@dtaa.com,31974,0,
08/23/2010 15:51:26,FEB0306,PC-7757,Addison.Hiram.Morrow@dtaa.com;Cailin.Casey.Mckee@dtaa.com,Joel.Kennan.Mccarty@dtaa.com,Flynn.Edward.Brennan@dtaa.com,Flynn.Edward.Brennan@dtaa.com,25717,2,
08/25/2010 11:12:47,FEB0306,PC-7757,Joel.Kennan.Mccarty@dtaa.com;Talon.Ian.Ware@dtaa.com;Steele-Robert@lockheedmartin.com,Chiquita.Linda.Stokes@dtaa.com,Flynn.Edward.Brennan@dtaa.com,Flynn.Edward.Brennan@dtaa.com,30490,2,
08/26/2010 09:13:44,FEB0306,PC-7757,Idola.Carly.Haley@dtaa.com,,Flynn.Edward.Brennan@dtaa.com,Flynn.Edward.Brennan@dtaa.com,38654,0,
08/30/2010 14:51:36,FEB0306,PC-7757,Noel.Reagan.Foster@dtaa.com;Talon.Ian.Ware@dtaa.com;Grady.Jordan.Duran@dtaa.com,,Flynn.Edward.Brennan@dtaa.com,Flynn.Edward.Brennan@dtaa.com,26190,1,
08/31/2010 13:20:07,FEB0306,PC-7757,Talon.I.Ware@comcast.net,Gutierrez-Aaron@optonline.net;Chiquita.L.Stokes@juno.com;Brennan-Flynn@yahoo.com,,Brennan-Flynn@yahoo.com,21144,3,
09/01/2010 14:44:40,FEB0306,PC-7757,Grady.Jordan.Duran@dtaa.com,,Flynn.Edward.Brennan@dtaa.com,Flynn.Edward.Brennan@dtaa.com,35230,0,
09/02/2010 17:01:11,FEB0306,PC-7757,Chiquita.Linda.Stokes@dtaa.com;Talon.Ian.Ware@dtaa.com,Farrah.Kim.Keith@dtaa.com;Flynn.Edward.Brennan@dtaa.com,,Flynn.Edward.Brennan@dtaa.com,23111,1,
09/03/2010 15:24:27,FEB0306,PC-7757,Eric.Gray.Duncan@dtaa.com,,Flynn.Edward.Brennan@dtaa.com,Flynn.Edward.Brennan@dtaa.com,44919,0,
09/07/2010 08:58:58,FEB0306,PC-7757,Nevada.Leilani.Ortega@dtaa.com,,Flynn.Edward.Brennan@dtaa.com,Flynn.Edward.Brennan@dtaa.com,36351,0,
09/08/2010 09:39:06,FEB0306,PC-7757,Teegan.Jillian.Burris@dtaa.com,,Flynn.Edward.Brennan@dtaa.com,Flynn.Edward.Brennan@dtaa.com,15271,0,
09/09/2010 08:59:49,FEB0306,PC-7757,Genevieve_Head@bellsouth.net,,Brennan-Flynn@yahoo.com,Brennan-Flynn@yahoo.com,19862,0,
09/10/2010 12:48:40,FEB0306,PC-7757,Albert.Mohammad.Joseph@dtaa.com,Flynn.Edward.Brennan@dtaa.com,,Flynn.Edward.Brennan@dtaa.com,29817,0,
09/13/2010 09:10:11,FEB0306,PC-7757,Otto.Hedley.Chase@dtaa.com,Flynn.Edward.Brennan@dtaa.com,,Flynn.Edward.Brennan@dtaa.com,56604,0,
09/14/2010 16:16:25,FEB0306,PC-7757,RPS9@earthlink.net,Brennan-Flynn@yahoo.com,,Brennan-Flynn@yahoo.com,25644,0,
09/15/2010 17:49:28,FEB0306,PC-7757,Scott.Gary.Burks@dtaa.com;Noble.Clinton.Klein@dtaa.com;Irene.Jemima.Meyers@dtaa.com;Joel.Kennan.Mccarty@dtaa.com,,Flynn.Edward.Brennan@dtaa.com,Flynn.Edward.Brennan@dtaa.com,21722,0,
09/16/2010 10:35:28,FEB0306,PC-7757,Albert-Joseph@yahoo.com,Brennan-Flynn@yahoo.com,,Brennan-Flynn@yahoo.com,28420,0,
09/17/2010 09:39:30,FEB0306,PC-7757,Merrill-Colorado@gmail.com;Ivory_L_Rogers@aol.com;Cailin-Mckee@bellsouth.net;Genevieve_Head@bellsouth.net;EBH435@netzero.com,Brennan-Flynn@yahoo.com,,Brennan-Flynn@yahoo.com,33699,1,
09/20/2010 14:32:17,FEB0306,PC-7757,CCR79@northropgrumman.com,Flynn.Edward.Brennan@dtaa.com,,Flynn.Edward.Brennan@dtaa.com,46429,0,
09/21/2010 09:15:53,FEB0306,PC-7757,JPW181@optonline.net;Piper-Fuentes@yahoo.com,Brennan-Flynn@yahoo.com,,Brennan-Flynn@yahoo.com,29339,0,
09/22/2010 15:36:47,FEB0306,PC-7757,Colorado.Joel.Merrill@dtaa.com,Flynn.Edward.Brennan@dtaa.com,,Flynn.Edward.Brennan@dtaa.com,16939,0,
09/23/2010 17:46:18,FEB0306,PC-7757,Shaeleigh.MacKenzie.Harris@dtaa.com;Aaron.Porter.Gutierrez@dtaa.com;Joel.Kennan.Mccarty@dtaa.com,,Flynn.Edward.Brennan@dtaa.com,Flynn.Edward.Brennan@dtaa.com,22648,1,
09/24/2010 15:53:27,FEB0306,PC-7757,HSP9@cox.net;Gutierrez-Aaron@optonline.net;NCK51@juno.com;Cailin-Mckee@bellsouth.net,Brennan-Flynn@yahoo.com,,Brennan-Flynn@yahoo.com,29418,3,
09/27/2010 13:32:06,FEB0306,PC-7757,Genevieve_Head@bellsouth.net,Shannon_Price@juno.com;Talon.I.Ware@comcast.net;SGB58@hotmail.com,Brennan-Flynn@yahoo.com,Brennan-Flynn@yahoo.com,25059,1,
09/28/2010 17:04:59,FEB0306,PC-7757,Albert-Joseph@yahoo.com;Hayes_Hector@earthlink.net,Brennan-Flynn@yahoo.com,,Brennan-Flynn@yahoo.com,26318,0,
09/29/2010 09:19:58,FEB0306,PC-7757,Albert.Mohammad.Joseph@dtaa.com;Hakeem.Stephen.Peck@dtaa.com,,Flynn.Edward.Brennan@dtaa.com,Flynn.Edward.Brennan@dtaa.com,20577,0,
09/30/2010 08:49:07,FEB0306,PC-7757,Piper.Sasha.Fuentes@dtaa.com,Colorado.Joel.Merrill@dtaa.com,Flynn.Edward.Brennan@dtaa.com,Flynn.Edward.Brennan@dtaa.com,26896,2,
10/01/2010 13:49:26,FEB0306,PC-7757,Colorado.Joel.Merrill@dtaa.com;Lamb-Damian@hp.com,Flynn.Edward.Brennan@dtaa.com,,Flynn.Edward.Brennan@dtaa.com,24256,1,
10/04/2010 15:54:00,FEB0306,PC-7757,Shaeleigh_M_Harris@comcast.net,Brennan-Flynn@yahoo.com,,Brennan-Flynn@yahoo.com,29412,0,
10/05/2010 14:54:53,FEB0306,PC-7757,JCR6477@charter.net,Brennan-Flynn@yahoo.com,,Brennan-Flynn@yahoo.com,27034,0,
10/06/2010 14:45:51,FEB0306,PC-7757,Irene.Jemima.Meyers@dtaa.com,,Flynn.Edward.Brennan@dtaa.com,Flynn.Edward.Brennan@dtaa.com,40392,0,
10/07/2010 15:33:22,FEB0306,PC-7757,Justine.Nola.Adkins@dtaa.com;Ivory.Leandra.Rogers@dtaa.com;Nevada.Leilani.Ortega@dtaa.com;Irene.Jemima.Meyers@dtaa.com,,Flynn.Edward.Brennan@dtaa.com,Flynn.Edward.Brennan@dtaa.com,26645,0,
10/08/2010 15:41:12,FEB0306,PC-7757,Noel.Reagan.Foster@dtaa.com,Cailin.Casey.Mckee@dtaa.com;Flynn.Edward.Brennan@dtaa.com,,Flynn.Edward.Brennan@dtaa.com,37846,2,
10/11/2010 15:48:13,FEB0306,PC-7757,Ivory.Leandra.Rogers@dtaa.com;Steele-Robert@lockheedmartin.com,Hakeem.Stephen.Peck@dtaa.com;Nevada.Leilani.Ortega@dtaa.com;Flynn.Edward.Brennan@dtaa.com,,Flynn.Edward.Brennan@dtaa.com,23774,1,
10/12/2010 15:29:17,FEB0306,PC-7757,Chloe.Keiko.Holland@dtaa.com,Aaron.Porter.Gutierrez@dtaa.com;Flynn.Edward.Brennan@dtaa.com,,Flynn.Edward.Brennan@dtaa.com,25369,0,
10/13/2010 14:55:41,FEB0306,PC-7757,Scott.Gary.Burks@dtaa.com;Irene.Jemima.Meyers@dtaa.com;Shaeleigh.MacKenzie.Harris@dtaa.com,Cailin.Casey.Mckee@dtaa.com;Flynn.Edward.Brennan@dtaa.com,,Flynn.Edward.Brennan@dtaa.com,19685,2,
10/14/2010 15:52:05,FEB0306,PC-7757,Chiquita.Linda.Stokes@dtaa.com,Anastasia.Kylan.Kaufman@dtaa.com,Flynn.Edward.Brennan@dtaa.com,Flynn.Edward.Brennan@dtaa.com,26723,0,
10/15/2010 14:56:19,FEB0306,PC-7757,Noble.Clinton.Klein@dtaa.com;Shaeleigh.MacKenzie.Harris@dtaa.com;Kenyon.Chancellor.Sharpe@dtaa.com,,Flynn.Edward.Brennan@dtaa.com,Flynn.Edward.Brennan@dtaa.com,35465,2,
10/18/2010 11:20:48,FEB0306,PC-7757,Hakeem.Stephen.Peck@dtaa.com,,Flynn.Edward.Brennan@dtaa.com,Flynn.Edward.Brennan@dtaa.com,31811,0,
10/19/2010 17:45:59,FEB0306,PC-7757,Kenneth.Steel.Porter@dtaa.com;Genevieve.Hyacinth.Head@dtaa.com,,Flynn.Edward.Brennan@dtaa.com,Flynn.Edward.Brennan@dtaa.com,37875,1,
10/20/2010 09:58:17,FEB0306,PC-7757,Kasper.Lance.Huffman@dtaa.com,,Flynn.Edward.Brennan@dtaa.com,Flynn.Edward.Brennan@dtaa.com,39578,0,
10/21/2010 10:59:58,FEB0306,PC-7757,Teegan.Jillian.Burris@dtaa.com,,Flynn.Edward.Brennan@dtaa.com,Flynn.Edward.Brennan@dtaa.com,21473,0,
10/22/2010 15:40:29,FEB0306,PC-7757,Fields-Chadwick@hotmail.com,Brennan-Flynn@yahoo.com,,Brennan-Flynn@yahoo.com,33785,0,
10/25/2010 09:21:19,FEB0306,PC-7757,Colorado.Joel.Merrill@dtaa.com,,Flynn.Edward.Brennan@dtaa.com,Flynn.Edward.Brennan@dtaa.com,23967,0,
10/26/2010 11:42:25,FEB0306,PC-7757,Jane.Justina.Hunt@dtaa.com,Teegan.Jillian.Burris@dtaa.com;Lawson-Forrest@lockheedmartin.com;Flynn.Edward.Brennan@dtaa.com,,Flynn.Edward.Brennan@dtaa.com,27501,0,
10/27/2010 11:36:21,FEB0306,PC-7757,Idola_Haley@yahoo.com;Chiquita.L.Stokes@juno.com,Brennan-Flynn@yahoo.com,,Brennan-Flynn@yahoo.com,32839,0,
10/28/2010 09:39:47,FEB0306,PC-7757,Dylan.Tiger.Terry@dtaa.com,Noel.Reagan.Foster@dtaa.com;Aaron.Porter.Gutierrez@dtaa.com;Flynn.Edward.Brennan@dtaa.com,,Flynn.Edward.Brennan@dtaa.com,34698,1,
10/29/2010 11:46:19,FEB0306,PC-7757,Timothy.Arthur.Carroll@dtaa.com;Teegan.Jillian.Burris@dtaa.com;Lamb-Damian@hp.com,,Flynn.Edward.Brennan@dtaa.com,Flynn.Edward.Brennan@dtaa.com,31648,1,
11/01/2010 16:03:46,FEB0306,PC-7757,Cailin.Casey.Mckee@dtaa.com;Zena.Sigourney.Langley@dtaa.com;Kirk.Jakeem.Joyce@dtaa.com,,Flynn.Edward.Brennan@dtaa.com,Flynn.Edward.Brennan@dtaa.com,34369,2,
11/02/2010 15:49:12,FEB0306,PC-7757,Chiquita.L.Stokes@juno.com;Kirk_Joyce@msn.com,Teegan-Burris@verizon.net;Jane.J.Hunt@msn.com;Irene_Meyers@juno.com,Brennan-Flynn@yahoo.com,Brennan-Flynn@yahoo.com,23022,0,
11/03/2010 12:36:56,FEB0306,PC-7757,Noel.Reagan.Foster@dtaa.com,,Flynn.Edward.Brennan@dtaa.com,Flynn.Edward.Brennan@dtaa.com,36098,0,
11/04/2010 14:49:30,FEB0306,PC-7757,Beck.John.Peters@dtaa.com,,Flynn.Edward.Brennan@dtaa.com,Flynn.Edward.Brennan@dtaa.com,38338,0,
11/05/2010 15:22:29,FEB0306,PC-7757,Zena.Sigourney.Langley@dtaa.com;CCR79@northropgrumman.com,,Flynn.Edward.Brennan@dtaa.com,Flynn.Edward.Brennan@dtaa.com,16402,2,
11/08/2010 16:09:49,FEB0306,PC-7757,Colorado.Joel.Merrill@dtaa.com;Joel.Kennan.Mccarty@dtaa.com;Scott.Gary.Burks@dtaa.com,Zena.Sigourney.Langley@dtaa.com,Flynn.Edward.Brennan@dtaa.com,Flynn.Edward.Brennan@dtaa.com,16137,2,
11/09/2010 17:13:13,FEB0306,PC-7757,Zena_Langley@yahoo.com;BJP81@msn.com,Shaeleigh_M_Harris@comcast.net;Elaine_Hughes@aol.com;Brennan-Flynn@yahoo.com,,Brennan-Flynn@yahoo.com,23641,1,
11/10/2010 15:09:30,FEB0306,PC-7757,BJP81@msn.com,Genevieve_Head@bellsouth.net;Brennan-Flynn@yahoo.com,,Brennan-Flynn@yahoo.com,26501,0,
11/11/2010 16:51:39,FEB0306,PC-7757,Merrill-Colorado@gmail.com,,Brennan-Flynn@yahoo.com,Brennan-Flynn@yahoo.com,48652,0,
11/12/2010 17:54:31,FEB0306,PC-7757,Nevada.Leilani.Ortega@dtaa.com,Noble.Clinton.Klein@dtaa.com,Flynn.Edward.Brennan@dtaa.com,Flynn.Edward.Brennan@dtaa.com,43567,1,
11/15/2010 10:37:55,FEB0306,PC-7757,Grady.Jordan.Duran@dtaa.com,,Flynn.Edward.Brennan@dtaa.com,Flynn.Edward.Brennan@dtaa.com,17874,0,
11/16/2010 15:35:37,FEB0306,PC-7757,Kirk.Jakeem.Joyce@dtaa.com,,Flynn.Edward.Brennan@dtaa.com,Flynn.Edward.Brennan@dtaa.com,18857,0,
11/17/2010 17:48:32,FEB0306,PC-7757,Steele-Robert@lockheedmartin.com,Flynn.Edward.Brennan@dtaa.com,,Flynn.Edward.Brennan@dtaa.com,17070,3,
11/18/2010 12:13:19,FEB0306,PC-7757,Nevada.Leilani.Ortega@dtaa.com;Kirk.Jakeem.Joyce@dtaa.com;Lamb-Damian@hp.com,Teegan.Jillian.Burris@dtaa.com,Flynn.Edward.Brennan@dtaa.com,Flynn.Edward.Brennan@dtaa.com,28213,1,
11/19/2010 12:55:19,FEB0306,PC-7757,Genevieve_Head@bellsouth.net,Brennan-Flynn@yahoo.com,,Brennan-Flynn@yahoo.com,40613,0,
11/22/2010 11:32:21,FEB0306,PC-7757,Cailin.Casey.Mckee@dtaa.com;Grady.Jordan.Duran@dtaa.com;HMM9@hp.com,Albert.Mohammad.Joseph@dtaa.com;Flynn.Edward.Brennan@dtaa.com,,Flynn.Edward.Brennan@dtaa.com,39855,1,
11/23/2010 11:36:30,FEB0306,PC-7757,Cailin.Casey.Mckee@dtaa.com,CCR79@northropgrumman.com;Flynn.Edward.Brennan@dtaa.com,,Flynn.Edward.Brennan@dtaa.com,38390,0,
11/24/2010 16:42:32,FEB0306,PC-7757,Jane.Justina.Hunt@dtaa.com;Shannon.Chantale.Price@dtaa.com;Shaeleigh.MacKenzie.Harris@dtaa.com,Albert.Mohammad.Joseph@dtaa.com;Flynn.Edward.Brennan@dtaa.com,,Flynn.Edward.Brennan@dtaa.com,42571,0,
11/29/2010 16:14:58,FEB0306,PC-7757,Medge_L_Petersen@cox.net,Brennan-Flynn@yahoo.com,,Brennan-Flynn@yahoo.com,22025,0,
11/30/2010 13:19:23,FEB0306,PC-7757,Grady.Jordan.Duran@dtaa.com;Lamb-Damian@hp.com,,Flynn.Edward.Brennan@dtaa.com,Flynn.Edward.Brennan@dtaa.com,26722,1,
12/01/2010 17:36:10,FEB0306,PC-7757,Noel.Reagan.Foster@dtaa.com;Zena.Sigourney.Langley@dtaa.com;Scott.Gary.Burks@dtaa.com;Jane.Justina.Hunt@dtaa.com,,Flynn.Edward.Brennan@dtaa.com,Flynn.Edward.Brennan@dtaa.com,23140,2,
12/02/2010 14:29:33,FEB0306,PC-7757,Zena.Sigourney.Langley@dtaa.com;Elaine.Sonya.Hughes@dtaa.com;Timothy.Arthur.Carroll@dtaa.com,Irene.Jemima.Meyers@dtaa.com;Jena.Chanda.Rollins@dtaa.com,Flynn.Edward.Brennan@dtaa.com,Flynn.Edward.Brennan@dtaa.com,45504,3,
12/03/2010 14:07:40,FEB0306,PC-7757,Teegan-Burris@verizon.net,Brennan-Flynn@yahoo.com,,Brennan-Flynn@yahoo.com,30301,0,
12/06/2010 10:52:17,FEB0306,PC-7757,Shannon.Chantale.Price@dtaa.com;Irene.Jemima.Meyers@dtaa.com,Genevieve.Hyacinth.Head@dtaa.com;Teegan.Jillian.Burris@dtaa.com,Flynn.Edward.Brennan@dtaa.com,Flynn.Edward.Brennan@dtaa.com,39404,0,
12/07/2010 10:19:17,FEB0306,PC-7757,Nichole_Gilbert@sbcglobal.net;Irene_Meyers@juno.com;Joel.K.Mccarty@earthlink.net;Carroll-Timothy@comcast.net,RPS9@earthlink.net,Brennan-Flynn@yahoo.com,Brennan-Flynn@yahoo.com,45667,1,
12/08/2010 09:40:17,FEB0306,PC-7757,JCR6477@charter.net;Gary.K.Price@juno.com,Elaine_Hughes@aol.com,Brennan-Flynn@yahoo.com,Brennan-Flynn@yahoo.com,25045,0,
12/09/2010 16:07:25,FEB0306,PC-7757,Jena.Chanda.Rollins@dtaa.com,Flynn.Edward.Brennan@dtaa.com,,Flynn.Edward.Brennan@dtaa.com,24769,0,
12/10/2010 09:16:08,FEB0306,PC-7757,Colorado.Joel.Merrill@dtaa.com,Flynn.Edward.Brennan@dtaa.com,,Flynn.Edward.Brennan@dtaa.com,29149,0,
12/13/2010 10:02:00,FEB0306,PC-7757,Genevieve.Hyacinth.Head@dtaa.com,,Flynn.Edward.Brennan@dtaa.com,Flynn.Edward.Brennan@dtaa.com,26512,0,
12/14/2010 17:40:58,FEB0306,PC-7757,Cailin.Casey.Mckee@dtaa.com;Hakeem.Stephen.Peck@dtaa.com,,Flynn.Edward.Brennan@dtaa.com,Flynn.Edward.Brennan@dtaa.com,19030,0,
12/15/2010 09:05:58,FEB0306,PC-7757,Obrien-Harper@comcast.net;Irene_Meyers@juno.com,Nevada-Ortega@comcast.net;Brennan-Flynn@yahoo.com,,Brennan-Flynn@yahoo.com,29128,0,
12/17/2010 15:22:11,FEB0306,PC-7757,Albert.Mohammad.Joseph@dtaa.com;Genevieve.Hyacinth.Head@dtaa.com;Talon.Ian.Ware@dtaa.com,Flynn.Edward.Brennan@dtaa.com,,Flynn.Edward.Brennan@dtaa.com,13225,2,
12/20/2010 17:28:33,FEB0306,PC-7757,Scott.Gary.Burks@dtaa.com,Flynn.Edward.Brennan@dtaa.com,,Flynn.Edward.Brennan@dtaa.com,25857,0,
12/21/2010 16:01:22,FEB0306,PC-7757,Elaine.Sonya.Hughes@dtaa.com;Noel.Reagan.Foster@dtaa.com;Shaeleigh.MacKenzie.Harris@dtaa.com,,Flynn.Edward.Brennan@dtaa.com,Flynn.Edward.Brennan@dtaa.com,33298,1,
12/22/2010 17:02:13,FEB0306,PC-7757,Zena.Sigourney.Langley@dtaa.com,,Flynn.Edward.Brennan@dtaa.com,Flynn.Edward.Brennan@dtaa.com,34379,1,
12/27/2010 17:51:48,FEB0306,PC-7757,Joel.Kennan.Mccarty@dtaa.com,,Flynn.Edward.Brennan@dtaa.com,Flynn.Edward.Brennan@dtaa.com,25707,0,
12/28/2010 14:11:55,FEB0306,PC-7757,Teegan-Burris@verizon.net;Shannon_Price@juno.com,Albert-Joseph@yahoo.com,Brennan-Flynn@yahoo.com,Brennan-Flynn@yahoo.com,27321,1,
12/29/2010 11:39:24,FEB0306,PC-7757,Joel.Kennan.Mccarty@dtaa.com;Shaeleigh.MacKenzie.Harris@dtaa.com;Genevieve.Hyacinth.Head@dtaa.com,,Flynn.Edward.Brennan@dtaa.com,Flynn.Edward.Brennan@dtaa.com,36260,6,
12/30/2010 15:59:33,FEB0306,PC-7757,Zena.Sigourney.Langley@dtaa.com,,Flynn.Edward.Brennan@dtaa.com,Flynn.Edward.Brennan@dtaa.com,48438,0,
01/03/2011 17:23:12,FEB0306,PC-7757,Shaeleigh.MacKenzie.Harris@dtaa.com,,Flynn.Edward.Brennan@dtaa.com,Flynn.Edward.Brennan@dtaa.com,27730,0,
01/04/2011 10:34:15,FEB0306,PC-7757,Jena.Chanda.Rollins@dtaa.com,,Flynn.Edward.Brennan@dtaa.com,Flynn.Edward.Brennan@dtaa.com,35619,0,
01/05/2011 13:54:55,FEB0306,PC-7757,Shannon_Price@juno.com,,Brennan-Flynn@yahoo.com,Brennan-Flynn@yahoo.com,21799,2,
01/06/2011 15:44:24,FEB0306,PC-7757,Joel.K.Mccarty@earthlink.net,Brennan-Flynn@yahoo.com,,Brennan-Flynn@yahoo.com,44134,0,
01/07/2011 11:08:47,FEB0306,PC-7757,Shaeleigh.MacKenzie.Harris@dtaa.com;Grady.Jordan.Duran@dtaa.com,Flynn.Edward.Brennan@dtaa.com,,Flynn.Edward.Brennan@dtaa.com,23574,0,
01/11/2011 09:07:57,FEB0306,PC-7757,Shannon.Chantale.Price@dtaa.com;Phelan.Dieter.Hendricks@dtaa.com;Joel.Kennan.Mccarty@dtaa.com,Flynn.Edward.Brennan@dtaa.com,,Flynn.Edward.Brennan@dtaa.com,24590,1,
01/12/2011 12:45:59,FEB0306,PC-7757,Zena_Langley@yahoo.com,,Brennan-Flynn@yahoo.com,Brennan-Flynn@yahoo.com,16193,0,
01/13/2011 10:04:40,FEB0306,PC-7757,SPJ5@comcast.net,Brennan-Flynn@yahoo.com,,Brennan-Flynn@yahoo.com,34928,0,
01/14/2011 15:42:13,FEB0306,PC-7757,Aaron.Porter.Gutierrez@dtaa.com;Chiquita.Linda.Stokes@dtaa.com;Cailin.Casey.Mckee@dtaa.com;XAW8@boeing.com,,Flynn.Edward.Brennan@dtaa.com,Flynn.Edward.Brennan@dtaa.com,24893,0,
01/18/2011 13:02:00,FEB0306,PC-7757,Chiquita.Linda.Stokes@dtaa.com,Flynn.Edward.Brennan@dtaa.com,,Flynn.Edward.Brennan@dtaa.com,27725,0,
01/19/2011 15:19:15,FEB0306,PC-7757,Chiquita.Linda.Stokes@dtaa.com,,Flynn.Edward.Brennan@dtaa.com,Flynn.Edward.Brennan@dtaa.com,52330,0,
01/20/2011 08:50:04,FEB0306,PC-7757,Jackson.Linus.Wilkerson@dtaa.com;Colorado.Joel.Merrill@dtaa.com;Jonas.Connor.Riddle@dtaa.com;Shannon.Chantale.Price@dtaa.com,Flynn.Edward.Brennan@dtaa.com,,Flynn.Edward.Brennan@dtaa.com,13641,2,
01/21/2011 10:29:41,FEB0306,PC-7757,BJP81@msn.com,Brennan-Flynn@yahoo.com,,Brennan-Flynn@yahoo.com,20000,0,
01/24/2011 13:10:57,FEB0306,PC-7757,Kennedy.Robert.Vega@dtaa.com,,Flynn.Edward.Brennan@dtaa.com,Flynn.Edward.Brennan@dtaa.com,25689,0,
01/25/2011 10:04:18,FEB0306,PC-7757,Timothy.Arthur.Carroll@dtaa.com,Flynn.Edward.Brennan@dtaa.com,,Flynn.Edward.Brennan@dtaa.com,43722,0,
01/26/2011 10:17:03,FEB0306,PC-7757,Duran-Grady@verizon.net,Brennan-Flynn@yahoo.com,,Brennan-Flynn@yahoo.com,23986,0,
01/27/2011 17:55:52,FEB0306,PC-7757,Idola.Carly.Haley@dtaa.com,Flynn.Edward.Brennan@dtaa.com,,Flynn.Edward.Brennan@dtaa.com,26671,0,
01/28/2011 14:11:08,FEB0306,PC-7757,Irene.Jemima.Meyers@dtaa.com,,Flynn.Edward.Brennan@dtaa.com,Flynn.Edward.Brennan@dtaa.com,31602,1,
01/31/2011 13:05:12,FEB0306,PC-7757,Stewart-Josiah@sbcglobal.net;Gutierrez-Aaron@optonline.net,Brennan-Flynn@yahoo.com,,Brennan-Flynn@yahoo.com,28504,1,
02/01/2011 15:12:16,FEB0306,PC-7757,Albert.Mohammad.Joseph@dtaa.com,Flynn.Edward.Brennan@dtaa.com,,Flynn.Edward.Brennan@dtaa.com,67287,0,
02/02/2011 11:29:50,FEB0306,PC-7757,Carroll-Timothy@comcast.net;Cailin-Mckee@bellsouth.net,,Brennan-Flynn@yahoo.com,Brennan-Flynn@yahoo.com,31498,0,
02/03/2011 15:07:25,FEB0306,PC-7757,Ivory.Leandra.Rogers@dtaa.com,Flynn.Edward.Brennan@dtaa.com,,Flynn.Edward.Brennan@dtaa.com,35580,0,
02/04/2011 16:35:20,FEB0306,PC-7757,Grady.Jordan.Duran@dtaa.com,Flynn.Edward.Brennan@dtaa.com,,Flynn.Edward.Brennan@dtaa.com,17946,1,
02/08/2011 08:46:40,FEB0306,PC-7757,SGB58@hotmail.com;Ferris_Bender@msn.com;NGO64@verizon.net;Idola_Haley@yahoo.com;Albert-Joseph@yahoo.com,,Brennan-Flynn@yahoo.com,Brennan-Flynn@yahoo.com,20526,0,
02/09/2011 10:37:36,FEB0306,PC-7757,Eden.Merrill.Stokes@dtaa.com,Irene.Jemima.Meyers@dtaa.com;Teegan.Jillian.Burris@dtaa.com;Nevada.Leilani.Ortega@dtaa.com;Shaeleigh.MacKenzie.Harris@dtaa.com,Flynn.Edward.Brennan@dtaa.com,Flynn.Edward.Brennan@dtaa.com,39553,0,
02/10/2011 14:30:08,FEB0306,PC-7757,Genevieve.Hyacinth.Head@dtaa.com;Albert.Mohammad.Joseph@dtaa.com,Flynn.Edward.Brennan@dtaa.com,,Flynn.Edward.Brennan@dtaa.com,17230,0,
02/11/2011 15:59:42,FEB0306,PC-7757,Kirk.Jakeem.Joyce@dtaa.com,,Flynn.Edward.Brennan@dtaa.com,Flynn.Edward.Brennan@dtaa.com,17561,0,
02/14/2011 17:22:03,FEB0306,PC-7757,Ivory_L_Rogers@aol.com;Aurora_Hopkins@cox.net;Zena_Langley@yahoo.com;Jane.J.Hunt@msn.com;Shaeleigh_M_Harris@comcast.net,Brennan-Flynn@yahoo.com,,Brennan-Flynn@yahoo.com,43234,1,
02/15/2011 17:43:39,FEB0306,PC-7757,Aaron.Porter.Gutierrez@dtaa.com,Flynn.Edward.Brennan@dtaa.com,,Flynn.Edward.Brennan@dtaa.com,28684,9,
02/16/2011 13:00:06,FEB0306,PC-7757,Nevada.Leilani.Ortega@dtaa.com;Scott.Gary.Burks@dtaa.com,Grady.Jordan.Duran@dtaa.com,Flynn.Edward.Brennan@dtaa.com,Flynn.Edward.Brennan@dtaa.com,24084,6,
02/17/2011 16:52:55,FEB0306,PC-7757,Chiquita.L.Stokes@juno.com,Brennan-Flynn@yahoo.com,,Brennan-Flynn@yahoo.com,23840,0,
02/18/2011 12:39:44,FEB0306,PC-7757,Shannon.Chantale.Price@dtaa.com;Hop.J.Barnes@hp.com,Flynn.Edward.Brennan@dtaa.com,,Flynn.Edward.Brennan@dtaa.com,33569,0,
02/21/2011 10:59:40,FEB0306,PC-7757,Ivory.Leandra.Rogers@dtaa.com;Albert.Mohammad.Joseph@dtaa.com;Joel.Kennan.Mccarty@dtaa.com;Simone.P.Jones@northropgrumman.com,Scott.Gary.Burks@dtaa.com;Flynn.Edward.Brennan@dtaa.com,,Flynn.Edward.Brennan@dtaa.com,39861,1,
02/22/2011 12:45:49,FEB0306,PC-7757,Noel.Reagan.Foster@dtaa.com;Grady.Jordan.Duran@dtaa.com;Elaine.Sonya.Hughes@dtaa.com,,Flynn.Edward.Brennan@dtaa.com,Flynn.Edward.Brennan@dtaa.com,15688,0,
02/23/2011 17:30:35,FEB0306,PC-7757,Irene_Meyers@juno.com,,Brennan-Flynn@yahoo.com,Brennan-Flynn@yahoo.com,26003,0,
02/24/2011 17:20:49,FEB0306,PC-7757,Joel.Kennan.Mccarty@dtaa.com;Donovan.Garth.Nieves@dtaa.com,,Flynn.Edward.Brennan@dtaa.com,Flynn.Edward.Brennan@dtaa.com,21961,0,
02/25/2011 17:00:20,FEB0306,PC-7757,Lamb-Damian@hp.com,,Flynn.Edward.Brennan@dtaa.com,Flynn.Edward.Brennan@dtaa.com,39497,0,
02/28/2011 13:45:12,FEB0306,PC-7757,NCK51@juno.com,CCR8@sbcglobal.net,Brennan-Flynn@yahoo.com,Brennan-Flynn@yahoo.com,13522,0,
03/01/2011 12:48:27,FEB0306,PC-7757,Irene.Jemima.Meyers@dtaa.com;Nevada.Leilani.Ortega@dtaa.com;Steele-Robert@lockheedmartin.com;CCR79@northropgrumman.com,,Flynn.Edward.Brennan@dtaa.com,Flynn.Edward.Brennan@dtaa.com,52026,1,
03/02/2011 17:55:10,FEB0306,PC-7757,Elaine.Sonya.Hughes@dtaa.com,,Flynn.Edward.Brennan@dtaa.com,Flynn.Edward.Brennan@dtaa.com,53084,0,
03/03/2011 16:54:20,FEB0306,PC-7757,Grady.Jordan.Duran@dtaa.com,Flynn.Edward.Brennan@dtaa.com,,Flynn.Edward.Brennan@dtaa.com,29217,0,
03/04/2011 14:34:26,FEB0306,PC-7757,Teegan.Jillian.Burris@dtaa.com,Grady.Jordan.Duran@dtaa.com,Flynn.Edward.Brennan@dtaa.com,Flynn.Edward.Brennan@dtaa.com,36507,0,
03/07/2011 10:36:12,FEB0306,PC-7757,Zena_Langley@yahoo.com,,Brennan-Flynn@yahoo.com,Brennan-Flynn@yahoo.com,21616,0,
03/08/2011 10:54:00,FEB0306,PC-7757,Chiquita.L.Stokes@juno.com;Cailin-Mckee@bellsouth.net;Ivory_L_Rogers@aol.com,Irene_Meyers@juno.com,Brennan-Flynn@yahoo.com,Brennan-Flynn@yahoo.com,22454,2,
03/09/2011 11:51:09,FEB0306,PC-7757,Neve.Sarah.Crane@dtaa.com,,Flynn.Edward.Brennan@dtaa.com,Flynn.Edward.Brennan@dtaa.com,18773,0,
03/10/2011 09:02:56,FEB0306,PC-7757,BJP81@msn.com,Brennan-Flynn@yahoo.com,,Brennan-Flynn@yahoo.com,20433,0,
03/11/2011 12:14:02,FEB0306,PC-7757,Zena_Langley@yahoo.com,Brennan-Flynn@yahoo.com,,Brennan-Flynn@yahoo.com,20252,1,
03/14/2011 14:23:04,FEB0306,PC-7757,Albert.Mohammad.Joseph@dtaa.com,,Flynn.Edward.Brennan@dtaa.com,Flynn.Edward.Brennan@dtaa.com,34637,0,
03/15/2011 10:34:38,FEB0306,PC-7757,Noel_Foster@netzero.com;Kirk_Joyce@msn.com;Shannon_Price@juno.com;Chiquita.L.Stokes@juno.com,Gutierrez-Aaron@optonline.net,Brennan-Flynn@yahoo.com,Brennan-Flynn@yahoo.com,42567,0,
03/16/2011 15:15:17,FEB0306,PC-7757,CCR79@northropgrumman.com,,Flynn.Edward.Brennan@dtaa.com,Flynn.Edward.Brennan@dtaa.com,31377,0,
03/17/2011 12:30:41,FEB0306,PC-7757,Shannon.Chantale.Price@dtaa.com,Flynn.Edward.Brennan@dtaa.com,,Flynn.Edward.Brennan@dtaa.com,24165,0,
03/18/2011 13:36:15,FEB0306,PC-7757,Genevieve.Hyacinth.Head@dtaa.com,Flynn.Edward.Brennan@dtaa.com,,Flynn.Edward.Brennan@dtaa.com,39644,0,
03/21/2011 12:33:22,FEB0306,PC-7757,Ivory_L_Rogers@aol.com,Joel.K.Mccarty@earthlink.net;Cailin-Mckee@bellsouth.net;Brennan-Flynn@yahoo.com,,Brennan-Flynn@yahoo.com,30323,1,
03/22/2011 15:59:46,FEB0306,PC-7757,Talon.I.Ware@comcast.net,Brennan-Flynn@yahoo.com,,Brennan-Flynn@yahoo.com,11984,0,
03/23/2011 14:50:36,FEB0306,PC-7757,Idola_Haley@yahoo.com;JCR6477@charter.net;Chiquita.L.Stokes@juno.com;Joel.K.Mccarty@earthlink.net;Alisa.C.Hunt@sbcglobal.net,Brennan-Flynn@yahoo.com,,Brennan-Flynn@yahoo.com,28769,0,
03/24/2011 10:44:17,FEB0306,PC-7757,Irene.Jemima.Meyers@dtaa.com,Flynn.Edward.Brennan@dtaa.com,,Flynn.Edward.Brennan@dtaa.com,49090,0,
03/25/2011 17:07:18,FEB0306,PC-7757,Duran-Grady@verizon.net;HSP9@cox.net,Brennan-Flynn@yahoo.com,,Brennan-Flynn@yahoo.com,21137,0,
03/28/2011 14:01:01,FEB0306,PC-7757,Knox_Perry@boeing.com,,Flynn.Edward.Brennan@dtaa.com,Flynn.Edward.Brennan@dtaa.com,20167,0,
03/29/2011 15:03:14,FEB0306,PC-7757,Beck.John.Peters@dtaa.com,Jane.Justina.Hunt@dtaa.com;Hakeem.Stephen.Peck@dtaa.com,Flynn.Edward.Brennan@dtaa.com,Flynn.Edward.Brennan@dtaa.com,33901,0,
03/30/2011 09:53:34,FEB0306,PC-7757,Steele-Robert@lockheedmartin.com,Flynn.Edward.Brennan@dtaa.com,,Flynn.Edward.Brennan@dtaa.com,39286,0,
03/31/2011 15:07:14,FEB0306,PC-7757,Chiquita.Linda.Stokes@dtaa.com;Nevada.Leilani.Ortega@dtaa.com,Albert.Mohammad.Joseph@dtaa.com,Flynn.Edward.Brennan@dtaa.com,Flynn.Edward.Brennan@dtaa.com,51296,6,
04/01/2011 17:43:17,FEB0306,PC-7757,CCR79@northropgrumman.com,Flynn.Edward.Brennan@dtaa.com,,Flynn.Edward.Brennan@dtaa.com,24292,0,
04/04/2011 17:22:38,FEB0306,PC-7757,Jane.J.Hunt@msn.com,Brennan-Flynn@yahoo.com,,Brennan-Flynn@yahoo.com,37897,0,
04/05/2011 15:51:54,FEB0306,PC-7757,Teegan.Jillian.Burris@dtaa.com;Nevada.Leilani.Ortega@dtaa.com,Flynn.Edward.Brennan@dtaa.com,,Flynn.Edward.Brennan@dtaa.com,39169,0,
04/07/2011 15:01:19,FEB0306,PC-7757,Idola_Haley@yahoo.com,Joel.K.Mccarty@earthlink.net,Brennan-Flynn@yahoo.com,Brennan-Flynn@yahoo.com,39154,0,
04/08/2011 11:26:22,FEB0306,PC-7757,Ivory.Leandra.Rogers@dtaa.com,Flynn.Edward.Brennan@dtaa.com,,Flynn.Edward.Brennan@dtaa.com,24861,0,
04/11/2011 10:54:14,FEB0306,PC-7757,Maxwell.Hammett.Green@dtaa.com;Ivory.Leandra.Rogers@dtaa.com,Teegan.Jillian.Burris@dtaa.com,Flynn.Edward.Brennan@dtaa.com,Flynn.Edward.Brennan@dtaa.com,27297,0,
04/12/2011 13:58:02,FEB0306,PC-7757,Joel.Kennan.Mccarty@dtaa.com,,Flynn.Edward.Brennan@dtaa.com,Flynn.Edward.Brennan@dtaa.com,29435,1,
04/13/2011 11:52:08,FEB0306,PC-7757,Jennings-Eaton@hotmail.com,Brennan-Flynn@yahoo.com,,Brennan-Flynn@yahoo.com,28971,7,
04/14/2011 12:46:07,FEB0306,PC-7757,Nevada-Ortega@comcast.net,,Brennan-Flynn@yahoo.com,Brennan-Flynn@yahoo.com,19705,0,
04/15/2011 12:06:53,FEB0306,PC-7757,Talon.Ian.Ware@dtaa.com,Flynn.Edward.Brennan@dtaa.com,,Flynn.Edward.Brennan@dtaa.com,20587,0,
04/18/2011 11:29:42,FEB0306,PC-7757,Idola.Carly.Haley@dtaa.com,,Flynn.Edward.Brennan@dtaa.com,Flynn.Edward.Brennan@dtaa.com,27200,0,
04/19/2011 09:34:47,FEB0306,PC-7757,Nevada-Ortega@comcast.net;Shannon_Price@juno.com;CCR8@sbcglobal.net;Desiree_Harrell@yahoo.com,Noel_Foster@netzero.com;Brennan-Flynn@yahoo.com,,Brennan-Flynn@yahoo.com,21410,1,
04/20/2011 17:19:49,FEB0306,PC-7757,Shaeleigh.MacKenzie.Harris@dtaa.com;Aaron.Porter.Gutierrez@dtaa.com;Nevada.Leilani.Ortega@dtaa.com,,Flynn.Edward.Brennan@dtaa.com,Flynn.Edward.Brennan@dtaa.com,21167,2,
04/21/2011 13:35:26,FEB0306,PC-7757,Talon.I.Ware@comcast.net;Cailin-Mckee@bellsouth.net;Joel.K.Mccarty@earthlink.net,,Brennan-Flynn@yahoo.com,Brennan-Flynn@yahoo.com,20717,1,
04/25/2011 12:07:22,FEB0306,PC-7757,Albert.Mohammad.Joseph@dtaa.com,,Flynn.Edward.Brennan@dtaa.com,Flynn.Edward.Brennan@dtaa.com,45806,0,
04/26/2011 12:09:09,FEB0306,PC-7757,Teegan-Burris@verizon.net,Brennan-Flynn@yahoo.com,,Brennan-Flynn@yahoo.com,38641,0,
04/27/2011 15:49:24,FEB0306,PC-7757,NCK51@juno.com,Brennan-Flynn@yahoo.com,,Brennan-Flynn@yahoo.com,16220,0,
04/28/2011 12:38:03,FEB0306,PC-7757,Teegan.Jillian.Burris@dtaa.com;Beck.John.Peters@dtaa.com,,Flynn.Edward.Brennan@dtaa.com,Flynn.Edward.Brennan@dtaa.com,25411,0,
04/29/2011 10:26:58,FEB0306,PC-7757,Noble.Clinton.Klein@dtaa.com,Flynn.Edward.Brennan@dtaa.com,,Flynn.Edward.Brennan@dtaa.com,30607,0,
05/02/2011 09:58:13,FEB0306,PC-7757,Noel.Reagan.Foster@dtaa.com,,Flynn.Edward.Brennan@dtaa.com,Flynn.Edward.Brennan@dtaa.com,27192,0,
05/03/2011 16:13:47,FEB0306,PC-7757,Cailin.Casey.Mckee@dtaa.com;Eden.Merrill.Stokes@dtaa.com,,Flynn.Edward.Brennan@dtaa.com,Flynn.Edward.Brennan@dtaa.com,22046,0,
05/04/2011 15:37:24,FEB0306,PC-7757,Grady.Jordan.Duran@dtaa.com,Flynn.Edward.Brennan@dtaa.com,,Flynn.Edward.Brennan@dtaa.com,24648,0,
05/05/2011 14:36:00,FEB0306,PC-7757,Shannon.Chantale.Price@dtaa.com;Aaron.Porter.Gutierrez@dtaa.com;Irene.Jemima.Meyers@dtaa.com,Flynn.Edward.Brennan@dtaa.com,,Flynn.Edward.Brennan@dtaa.com,26632,1,
05/06/2011 13:47:47,FEB0306,PC-7757,Irene_Meyers@juno.com,Brennan-Flynn@yahoo.com,,Brennan-Flynn@yahoo.com,20436,0,
05/09/2011 16:03:23,FEB0306,PC-7757,Ivory_L_Rogers@aol.com,Brennan-Flynn@yahoo.com,,Brennan-Flynn@yahoo.com,46436,0,
05/10/2011 14:43:37,FEB0306,PC-7757,Carroll-Timothy@comcast.net;Shannon_Price@juno.com,Irene_Meyers@juno.com;Brennan-Flynn@yahoo.com,,Brennan-Flynn@yahoo.com,14667,9,
05/11/2011 10:10:15,FEB0306,PC-7757,Nevada-Ortega@comcast.net,Brennan-Flynn@yahoo.com,,Brennan-Flynn@yahoo.com,40031,0,
05/12/2011 09:17:34,FEB0306,PC-7757,Talon.Ian.Ware@dtaa.com;Scott.Gary.Burks@dtaa.com,,Flynn.Edward.Brennan@dtaa.com,Flynn.Edward.Brennan@dtaa.com,31176,0,
05/13/2011 14:20:35,FEB0306,PC-7757,Chiquita.L.Stokes@juno.com,Brennan-Flynn@yahoo.com,,Brennan-Flynn@yahoo.com,27100,0,
05/16/2011 09:09:01,FEB0306,PC-7757,Talon.Ian.Ware@dtaa.com,,Flynn.Edward.Brennan@dtaa.com,Flynn.Edward.Brennan@dtaa.com,36829,0,
