01/04/2010 14:13:34,GCS0571,PC-8290,Willow_Daniel@gmail.com,Franco-Jameson@msn.com,Glenna.C.Sharpe@aol.com,Glenna.C.Sharpe@aol.com,36130,0,
01/05/2010 16:15:10,GCS0571,PC-8290,Zane.Cadman.Fields@dtaa.com,Glenna.Caryn.Sharpe@dtaa.com,,Glenna.Caryn.Sharpe@dtaa.com,31126,0,
01/06/2010 14:43:15,GCS0571,PC-8290,Whilemina.Pandora.England@dtaa.com;Neve.Sarah.Crane@dtaa.com,NAM229@harris.com,Glenna.Caryn.Sharpe@dtaa.com,Glenna.Caryn.Sharpe@dtaa.com,50237,2,
01/07/2010 09:29:52,GCS0571,PC-8290,Jameson.Damian.Franco@dtaa.com,Glenna.Caryn.Sharpe@dtaa.com,,Glenna.Caryn.Sharpe@dtaa.com,50868,0,
01/08/2010 10:22:33,GCS0571,PC-8290,Ezra.Hilel.Dyer@dtaa.com,Glenna.Caryn.Sharpe@dtaa.com,,Glenna.Caryn.Sharpe@dtaa.com,24921,0,
01/11/2010 17:41:21,GCS0571,PC-8290,Seth.Harlan.Walls@dtaa.com;Slade.Orson.Burch@dtaa.com;NAM229@harris.com,,Glenna.Caryn.Sharpe@dtaa.com,Glenna.Caryn.Sharpe@dtaa.com,30186,0,
01/12/2010 09:17:00,GCS0571,PC-8290,Morgan.Deborah.Hoover@dtaa.com;Lunea.Priscilla.Hardy@dtaa.com,Raymond.Arsenio.Blackwell@dtaa.com,Glenna.Caryn.Sharpe@dtaa.com,Glenna.Caryn.Sharpe@dtaa.com,30471,0,
01/13/2010 14:53:26,GCS0571,PC-8290,Mallory_Bender@netzero.com,Glenna.C.Sharpe@aol.com,,Glenna.C.Sharpe@aol.com,45248,0,
01/14/2010 12:52:00,GCS0571,PC-8290,Raymond.Arsenio.Blackwell@dtaa.com;Daria.Samantha.Mcbride@dtaa.com;Mikayla.Jaden.Barron@dtaa.com;Zane.Cadman.Fields@dtaa.com,Timon.Jacob.Gay@dtaa.com,Glenna.Caryn.Sharpe@dtaa.com,Glenna.Caryn.Sharpe@dtaa.com,21718,1,
01/15/2010 13:39:53,GCS0571,PC-8290,Fields-Zane@yahoo.com,Glenna.C.Sharpe@aol.com,,Glenna.C.Sharpe@aol.com,27388,0,
01/18/2010 14:22:35,GCS0571,PC-8290,Kasper.Lance.Huffman@dtaa.com,Glenna.Caryn.Sharpe@dtaa.com,,Glenna.Caryn.Sharpe@dtaa.com,30390,0,
01/20/2010 14:34:44,GCS0571,PC-8290,Maxwell.Clark.Faulkner@dtaa.com;Mohammad.Vladimir.Farrell@dtaa.com,,Glenna.Caryn.Sharpe@dtaa.com,Glenna.Caryn.Sharpe@dtaa.com,39498,0,
01/21/2010 14:45:41,GCS0571,PC-8290,Jorden.Helen.Pierce@dtaa.com;Aquila.Stewart.Dejesus@dtaa.com,Glenna.Caryn.Sharpe@dtaa.com,,Glenna.Caryn.Sharpe@dtaa.com,37494,0,
01/22/2010 12:18:35,GCS0571,PC-8290,Riddle_Hillary@verizon.net;Joy-Leblanc@charter.net,Glenna.C.Sharpe@aol.com,,Glenna.C.Sharpe@aol.com,35157,0,
01/25/2010 10:25:28,GCS0571,PC-8290,Maxwell.Clark.Faulkner@dtaa.com;Hanae.Gay.Hogan@dtaa.com,Seth.Harlan.Walls@dtaa.com;Aquila.Mark.Vega@dtaa.com,Glenna.Caryn.Sharpe@dtaa.com,Glenna.Caryn.Sharpe@dtaa.com,27392,0,
01/26/2010 12:40:11,GCS0571,PC-8290,Seth.Harlan.Walls@dtaa.com;Timon.Jacob.Gay@dtaa.com,Joy.Rosalyn.Leblanc@dtaa.com,Glenna.Caryn.Sharpe@dtaa.com,Glenna.Caryn.Sharpe@dtaa.com,30987,0,
01/27/2010 13:21:03,GCS0571,PC-8290,Zane.Cadman.Fields@dtaa.com,Glenna.Caryn.Sharpe@dtaa.com,,Glenna.Caryn.Sharpe@dtaa.com,34945,0,
01/28/2010 12:19:55,GCS0571,PC-8290,Dexter.Jamal.Simon@dtaa.com;Seth.Harlan.Walls@dtaa.com;Mikayla.Jaden.Barron@dtaa.com;Morgan.Deborah.Hoover@dtaa.com,,Glenna.Caryn.Sharpe@dtaa.com,Glenna.Caryn.Sharpe@dtaa.com,26498,0,
01/29/2010 16:45:44,GCS0571,PC-8290,Morgan.Deborah.Hoover@dtaa.com;Seth.Harlan.Walls@dtaa.com;Kasper.Lance.Huffman@dtaa.com,NAM229@harris.com;Glenna.Caryn.Sharpe@dtaa.com,,Glenna.Caryn.Sharpe@dtaa.com,43004,0,
02/01/2010 09:40:23,GCS0571,PC-8290,ASD576@earthlink.net,Glenna.C.Sharpe@aol.com,,Glenna.C.Sharpe@aol.com,25265,0,
02/02/2010 10:48:12,GCS0571,PC-8290,Ezra.Hilel.Dyer@dtaa.com;Hanae.Gay.Hogan@dtaa.com;Mikayla.Jaden.Barron@dtaa.com;NAM229@harris.com,Glenna.Caryn.Sharpe@dtaa.com,,Glenna.Caryn.Sharpe@dtaa.com,33498,4,
02/03/2010 10:53:39,GCS0571,PC-8290,Hanae.Gay.Hogan@dtaa.com,Glenna.Caryn.Sharpe@dtaa.com,,Glenna.Caryn.Sharpe@dtaa.com,23800,0,
02/04/2010 12:28:01,GCS0571,PC-8290,Raymond.Arsenio.Blackwell@dtaa.com,Glenna.Caryn.Sharpe@dtaa.com,,Glenna.Caryn.Sharpe@dtaa.com,22361,0,
02/05/2010 10:11:44,GCS0571,PC-8290,Aretha.Dorothy.Deleon@dtaa.com,Glenna.Caryn.Sharpe@dtaa.com,,Glenna.Caryn.Sharpe@dtaa.com,31649,0,
02/08/2010 08:48:01,GCS0571,PC-8290,Jameson.Damian.Franco@dtaa.com;Cody.Jonathan.Potter@dtaa.com;Raymond.Arsenio.Blackwell@dtaa.com;Candace_Baxter@raytheon.com,Aurora.Sarah.Manning@dtaa.com,Glenna.Caryn.Sharpe@dtaa.com,Glenna.Caryn.Sharpe@dtaa.com,28178,0,
02/09/2010 13:28:21,GCS0571,PC-8290,Ezra.Hilel.Dyer@dtaa.com;Daria.Samantha.Mcbride@dtaa.com,Neve.Sarah.Crane@dtaa.com;Zane.Cadman.Fields@dtaa.com;Glenna.Caryn.Sharpe@dtaa.com,,Glenna.Caryn.Sharpe@dtaa.com,33911,1,
02/10/2010 12:13:15,GCS0571,PC-8290,Sylvia.Ariana.Head@dtaa.com,Glenna.Caryn.Sharpe@dtaa.com,,Glenna.Caryn.Sharpe@dtaa.com,24982,0,
02/11/2010 13:51:01,GCS0571,PC-8290,Ezra.Hilel.Dyer@dtaa.com,Glenna.Caryn.Sharpe@dtaa.com,,Glenna.Caryn.Sharpe@dtaa.com,11735,0,
02/12/2010 15:19:26,GCS0571,PC-8290,Gay_Timon@netzero.com,Glenna.C.Sharpe@aol.com,,Glenna.C.Sharpe@aol.com,24458,0,
02/15/2010 15:38:38,GCS0571,PC-8290,Dale-Mercado@netzero.com,Glenna.C.Sharpe@aol.com,,Glenna.C.Sharpe@aol.com,32960,0,
02/16/2010 18:24:58,GCS0571,PC-8290,Jameson.Damian.Franco@dtaa.com,Seth.Harlan.Walls@dtaa.com;NAM229@harris.com,Glenna.Caryn.Sharpe@dtaa.com,Glenna.Caryn.Sharpe@dtaa.com,42525,0,
02/17/2010 09:23:40,GCS0571,PC-8290,Sylvia.Ariana.Head@dtaa.com,Glenna.Caryn.Sharpe@dtaa.com,,Glenna.Caryn.Sharpe@dtaa.com,24724,0,
02/18/2010 09:59:39,GCS0571,PC-8290,Timon.Jacob.Gay@dtaa.com;Mohammad.Vladimir.Farrell@dtaa.com;Aladdin.Abraham.Foley@dtaa.com,,Glenna.Caryn.Sharpe@dtaa.com,Glenna.Caryn.Sharpe@dtaa.com,24313,0,
02/19/2010 13:19:51,GCS0571,PC-8290,Kaye.Brianna.Blair@dtaa.com,Glenna.Caryn.Sharpe@dtaa.com,,Glenna.Caryn.Sharpe@dtaa.com,42436,0,
02/22/2010 17:09:38,GCS0571,PC-8290,Sylvia.A.Head@msn.com,Marcia_L_Lynn@bellsouth.net;Aurora.S.Manning@earthlink.net,Glenna.C.Sharpe@aol.com,Glenna.C.Sharpe@aol.com,65934,0,
02/23/2010 17:39:26,GCS0571,PC-8290,Dale-Mercado@netzero.com;KLH96@juno.com;Ezra.H.Dyer@bellsouth.net,,Glenna.C.Sharpe@aol.com,Glenna.C.Sharpe@aol.com,33930,0,
02/24/2010 17:47:29,GCS0571,PC-8290,Joy.Rosalyn.Leblanc@dtaa.com,,Glenna.Caryn.Sharpe@dtaa.com,Glenna.Caryn.Sharpe@dtaa.com,15782,0,
02/25/2010 16:48:48,GCS0571,PC-8290,Whilemina.Pandora.England@dtaa.com,Glenna.Caryn.Sharpe@dtaa.com,,Glenna.Caryn.Sharpe@dtaa.com,34858,0,
02/26/2010 15:42:04,GCS0571,PC-8290,Hanae.Gay.Hogan@dtaa.com,Glenna.Caryn.Sharpe@dtaa.com,,Glenna.Caryn.Sharpe@dtaa.com,68318,0,
03/01/2010 16:12:47,GCS0571,PC-8290,Timon.Jacob.Gay@dtaa.com,Zane.Cadman.Fields@dtaa.com,Glenna.Caryn.Sharpe@dtaa.com,Glenna.Caryn.Sharpe@dtaa.com,18167,0,
03/02/2010 16:09:42,GCS0571,PC-8290,Hanae.Gay.Hogan@dtaa.com;NAM229@harris.com,Sylvia.Ariana.Head@dtaa.com,Glenna.Caryn.Sharpe@dtaa.com,Glenna.Caryn.Sharpe@dtaa.com,28594,0,
03/03/2010 10:31:52,GCS0571,PC-8290,Daria.Samantha.Mcbride@dtaa.com,Whilemina.Pandora.England@dtaa.com,Glenna.Caryn.Sharpe@dtaa.com,Glenna.Caryn.Sharpe@dtaa.com,29105,0,
03/04/2010 14:36:20,GCS0571,PC-8290,Sylvia.Ariana.Head@dtaa.com,,Glenna.Caryn.Sharpe@dtaa.com,Glenna.Caryn.Sharpe@dtaa.com,25143,0,
03/08/2010 16:02:36,GCS0571,PC-8290,Anthony.Aidan.Nixon@dtaa.com;Mikayla.Jaden.Barron@dtaa.com,Seth.Harlan.Walls@dtaa.com,Glenna.Caryn.Sharpe@dtaa.com,Glenna.Caryn.Sharpe@dtaa.com,47151,1,
03/09/2010 10:57:42,GCS0571,PC-8290,Morgan.Deborah.Hoover@dtaa.com;Daria.Samantha.Mcbride@dtaa.com;Dale.Dorian.Mercado@dtaa.com,Seth.Harlan.Walls@dtaa.com;Wang.Dean.Vasquez@dtaa.com;Glenna.Caryn.Sharpe@dtaa.com,,Glenna.Caryn.Sharpe@dtaa.com,32307,3,
03/10/2010 17:32:09,GCS0571,PC-8290,Willow_Daniel@gmail.com,Glenna.C.Sharpe@aol.com,,Glenna.C.Sharpe@aol.com,19773,0,
03/11/2010 13:25:31,GCS0571,PC-8290,Daria.Samantha.Mcbride@dtaa.com,Robert.Ali.Webb@dtaa.com,Glenna.Caryn.Sharpe@dtaa.com,Glenna.Caryn.Sharpe@dtaa.com,27724,0,
03/12/2010 14:50:14,GCS0571,PC-8290,Hoover_Morgan@cox.net;Sigourney-Maddox@cox.net,Neve_Crane@cox.net,Glenna.C.Sharpe@aol.com,Glenna.C.Sharpe@aol.com,26085,0,
03/15/2010 17:41:16,GCS0571,PC-8290,Marcia.Lillian.Lynn@dtaa.com,Kasper.Lance.Huffman@dtaa.com;Glenna.Caryn.Sharpe@dtaa.com,,Glenna.Caryn.Sharpe@dtaa.com,31451,0,
03/16/2010 11:12:02,GCS0571,PC-8290,Nigel.Harrison.Estrada@dtaa.com;Fulton.Quinn.Avery@dtaa.com,Morgan.Deborah.Hoover@dtaa.com,Glenna.Caryn.Sharpe@dtaa.com,Glenna.Caryn.Sharpe@dtaa.com,21802,2,
03/17/2010 12:13:00,GCS0571,PC-8290,Neve.Sarah.Crane@dtaa.com;Jameson.Damian.Franco@dtaa.com,,Glenna.Caryn.Sharpe@dtaa.com,Glenna.Caryn.Sharpe@dtaa.com,16560,0,
03/18/2010 10:43:36,GCS0571,PC-8290,Hoover_Morgan@cox.net,NAM5469@optonline.net,Glenna.C.Sharpe@aol.com,Glenna.C.Sharpe@aol.com,27236,0,
03/19/2010 18:23:41,GCS0571,PC-8290,Jorden_H_Pierce@earthlink.net,,Glenna.C.Sharpe@aol.com,Glenna.C.Sharpe@aol.com,27105,0,
03/22/2010 11:57:48,GCS0571,PC-8290,Zane.Cadman.Fields@dtaa.com;Lila.Dana.Mcintyre@dtaa.com,Kasper.Lance.Huffman@dtaa.com;Mcintyre_Kaye@harris.com,Glenna.Caryn.Sharpe@dtaa.com,Glenna.Caryn.Sharpe@dtaa.com,54255,0,
03/23/2010 09:14:58,GCS0571,PC-8290,TaShya_S_Mcgowan@verizon.net,Glenna.C.Sharpe@aol.com,,Glenna.C.Sharpe@aol.com,22835,0,
03/24/2010 09:59:26,GCS0571,PC-8290,Sylvia.Ariana.Head@dtaa.com,Hanae.Gay.Hogan@dtaa.com,Glenna.Caryn.Sharpe@dtaa.com,Glenna.Caryn.Sharpe@dtaa.com,37889,0,
03/25/2010 09:50:19,GCS0571,PC-8290,Declan.Zachery.Caldwell@dtaa.com;Dale.Dorian.Mercado@dtaa.com,Lila.Dana.Mcintyre@dtaa.com;Seth.Harlan.Walls@dtaa.com,Glenna.Caryn.Sharpe@dtaa.com,Glenna.Caryn.Sharpe@dtaa.com,20886,0,
03/26/2010 09:54:50,GCS0571,PC-8290,Lillith.Adena.Matthews@dtaa.com;Lila.Dana.Mcintyre@dtaa.com,Maxwell.Clark.Faulkner@dtaa.com;Raymond.Arsenio.Blackwell@dtaa.com,Glenna.Caryn.Sharpe@dtaa.com,Glenna.Caryn.Sharpe@dtaa.com,33256,0,
03/29/2010 10:05:00,GCS0571,PC-8290,Dale.Dorian.Mercado@dtaa.com,Glenna.Caryn.Sharpe@dtaa.com,,Glenna.Caryn.Sharpe@dtaa.com,35947,0,
03/30/2010 18:12:45,GCS0571,PC-8290,Sylvia.Ariana.Head@dtaa.com,Mikayla.Jaden.Barron@dtaa.com,Glenna.Caryn.Sharpe@dtaa.com,Glenna.Caryn.Sharpe@dtaa.com,42200,0,
03/31/2010 13:32:14,GCS0571,PC-8290,Dale.Dorian.Mercado@dtaa.com;Serina.Amena.Chavez@dtaa.com,Mcintyre_Kaye@harris.com,Glenna.Caryn.Sharpe@dtaa.com,Glenna.Caryn.Sharpe@dtaa.com,19169,0,
04/01/2010 16:23:44,GCS0571,PC-8290,Ezra.Hilel.Dyer@dtaa.com,Glenna.Caryn.Sharpe@dtaa.com,,Glenna.Caryn.Sharpe@dtaa.com,44030,0,
04/05/2010 14:32:53,GCS0571,PC-8290,Jorden.Helen.Pierce@dtaa.com,NAM229@harris.com,Glenna.Caryn.Sharpe@dtaa.com,Glenna.Caryn.Sharpe@dtaa.com,22818,0,
04/06/2010 11:27:23,GCS0571,PC-8290,Macon.Joseph.Morrison@dtaa.com;Dale.Dorian.Mercado@dtaa.com,Maxwell.Clark.Faulkner@dtaa.com,Glenna.Caryn.Sharpe@dtaa.com,Glenna.Caryn.Sharpe@dtaa.com,28622,0,
04/07/2010 10:24:37,GCS0571,PC-8290,Ezra.Hilel.Dyer@dtaa.com;Wang.Dean.Vasquez@dtaa.com;DYD66@raytheon.com,Slade.Orson.Burch@dtaa.com,Glenna.Caryn.Sharpe@dtaa.com,Glenna.Caryn.Sharpe@dtaa.com,26554,0,
04/08/2010 17:09:31,GCS0571,PC-8290,Zane.Cadman.Fields@dtaa.com,Jameson.Damian.Franco@dtaa.com;Seth.Harlan.Walls@dtaa.com,Glenna.Caryn.Sharpe@dtaa.com,Glenna.Caryn.Sharpe@dtaa.com,24767,0,
04/09/2010 17:39:25,GCS0571,PC-8290,LDM36@yahoo.com;Bruno_Robles@hotmail.com,KLH96@juno.com,Glenna.C.Sharpe@aol.com,Glenna.C.Sharpe@aol.com,31476,0,
04/12/2010 17:17:50,GCS0571,PC-8290,Aquila.Stewart.Dejesus@dtaa.com,Glenna.Caryn.Sharpe@dtaa.com,,Glenna.Caryn.Sharpe@dtaa.com,51827,0,
04/13/2010 13:15:17,GCS0571,PC-8290,Zane.Cadman.Fields@dtaa.com,Glenna.Caryn.Sharpe@dtaa.com,,Glenna.Caryn.Sharpe@dtaa.com,40729,0,
04/14/2010 10:21:05,GCS0571,PC-8290,Candace-Baxter@verizon.net,,Glenna.C.Sharpe@aol.com,Glenna.C.Sharpe@aol.com,25919,0,
04/15/2010 17:25:23,GCS0571,PC-8290,Dale.Dorian.Mercado@dtaa.com;Candace_Baxter@raytheon.com,Glenna.Caryn.Sharpe@dtaa.com,,Glenna.Caryn.Sharpe@dtaa.com,19332,0,
04/16/2010 18:36:49,GCS0571,PC-8290,Marcia.Lillian.Lynn@dtaa.com;Mikayla.Jaden.Barron@dtaa.com;NAM229@harris.com,,Glenna.Caryn.Sharpe@dtaa.com,Glenna.Caryn.Sharpe@dtaa.com,25525,0,
04/19/2010 14:50:43,GCS0571,PC-8290,Sylvia.Ariana.Head@dtaa.com,Glenna.Caryn.Sharpe@dtaa.com,,Glenna.Caryn.Sharpe@dtaa.com,21360,0,
04/20/2010 10:31:42,GCS0571,PC-8290,Preston.Kennan.Burns@dtaa.com;Morgan.Deborah.Hoover@dtaa.com;Daria.Samantha.Mcbride@dtaa.com,Slade.Orson.Burch@dtaa.com,Glenna.Caryn.Sharpe@dtaa.com,Glenna.Caryn.Sharpe@dtaa.com,33176,0,
04/21/2010 14:17:56,GCS0571,PC-8290,Aquila.Stewart.Dejesus@dtaa.com,Neve.Sarah.Crane@dtaa.com;Whilemina.Pandora.England@dtaa.com,Glenna.Caryn.Sharpe@dtaa.com,Glenna.Caryn.Sharpe@dtaa.com,35727,0,
04/22/2010 16:30:44,GCS0571,PC-8290,Hillary.Piper.Riddle@dtaa.com,Eve_G_Doyle@hp.com;Glenna.Caryn.Sharpe@dtaa.com,,Glenna.Caryn.Sharpe@dtaa.com,12359,0,
04/23/2010 09:29:44,GCS0571,PC-8290,Willow.Jaime.Daniel@dtaa.com;Lila.Dana.Mcintyre@dtaa.com;Candace_Baxter@raytheon.com,,Glenna.Caryn.Sharpe@dtaa.com,Glenna.Caryn.Sharpe@dtaa.com,41399,0,
04/26/2010 16:15:37,GCS0571,PC-8290,Mikayla.Jaden.Barron@dtaa.com,Glenna.Caryn.Sharpe@dtaa.com,,Glenna.Caryn.Sharpe@dtaa.com,35192,0,
04/27/2010 13:59:18,GCS0571,PC-8290,Ezra.Hilel.Dyer@dtaa.com,Glenna.Caryn.Sharpe@dtaa.com,,Glenna.Caryn.Sharpe@dtaa.com,15946,0,
04/28/2010 18:30:36,GCS0571,PC-8290,PPF6@netzero.com;MVF9323@juno.com;Jorden_H_Pierce@earthlink.net,SSR159@charter.net;Eve_G_Doyle@cox.net;Glenna.C.Sharpe@aol.com,,Glenna.C.Sharpe@aol.com,25965,0,
04/29/2010 09:38:25,GCS0571,PC-8290,Kasper.Lance.Huffman@dtaa.com,Glenna.Caryn.Sharpe@dtaa.com,,Glenna.Caryn.Sharpe@dtaa.com,15648,0,
04/30/2010 11:59:56,GCS0571,PC-8290,MVF9323@juno.com;KLH96@juno.com,,Glenna.C.Sharpe@aol.com,Glenna.C.Sharpe@aol.com,26366,0,
05/04/2010 17:19:27,GCS0571,PC-8290,KLH96@juno.com,Glenna.C.Sharpe@aol.com,,Glenna.C.Sharpe@aol.com,46364,0,
05/05/2010 08:46:40,GCS0571,PC-8290,Ezra.Hilel.Dyer@dtaa.com;Cody.Jonathan.Potter@dtaa.com;Jorden.Helen.Pierce@dtaa.com,Nicole_Mosley@lockheedmartin.com,Glenna.Caryn.Sharpe@dtaa.com,Glenna.Caryn.Sharpe@dtaa.com,12366,0,
05/06/2010 14:41:46,GCS0571,PC-8290,Raymond.Arsenio.Blackwell@dtaa.com,Glenna.Caryn.Sharpe@dtaa.com,,Glenna.Caryn.Sharpe@dtaa.com,32084,0,
05/07/2010 14:22:34,GCS0571,PC-8290,Roth.Hu.Conner@dtaa.com,Glenna.Caryn.Sharpe@dtaa.com,,Glenna.Caryn.Sharpe@dtaa.com,34365,0,
05/11/2010 17:47:42,GCS0571,PC-8290,Daria.Samantha.Mcbride@dtaa.com,Glenna.Caryn.Sharpe@dtaa.com,,Glenna.Caryn.Sharpe@dtaa.com,40874,0,
05/12/2010 18:00:50,GCS0571,PC-8290,Sylvia.Ariana.Head@dtaa.com,Glenna.Caryn.Sharpe@dtaa.com,,Glenna.Caryn.Sharpe@dtaa.com,26937,0,
05/13/2010 11:32:59,GCS0571,PC-8290,Ezra.Hilel.Dyer@dtaa.com;Whilemina.Pandora.England@dtaa.com;Zane.Cadman.Fields@dtaa.com,Mikayla.Jaden.Barron@dtaa.com,Glenna.Caryn.Sharpe@dtaa.com,Glenna.Caryn.Sharpe@dtaa.com,20133,0,
05/14/2010 09:26:06,GCS0571,PC-8290,Slade.Orson.Burch@dtaa.com,Glenna.Caryn.Sharpe@dtaa.com,,Glenna.Caryn.Sharpe@dtaa.com,27236,0,
05/17/2010 09:02:37,GCS0571,PC-8290,Blackwell-Raymond@gmail.com,Faulkner-Maxwell@gmail.com;Eve_G_Doyle@cox.net,Glenna.C.Sharpe@aol.com,Glenna.C.Sharpe@aol.com,25385,0,
05/18/2010 16:45:18,GCS0571,PC-8290,MFV246@comcast.net,NKH9@charter.net,Glenna.C.Sharpe@aol.com,Glenna.C.Sharpe@aol.com,42779,0,
05/19/2010 15:13:00,GCS0571,PC-8290,Wang.Dean.Vasquez@dtaa.com;Mohammad.Vladimir.Farrell@dtaa.com,Allen-Jane@lockheedmartin.com,Glenna.Caryn.Sharpe@dtaa.com,Glenna.Caryn.Sharpe@dtaa.com,30495,1,
05/20/2010 13:03:22,GCS0571,PC-8290,Mikayla.Jaden.Barron@dtaa.com,Marcia.Lillian.Lynn@dtaa.com,Glenna.Caryn.Sharpe@dtaa.com,Glenna.Caryn.Sharpe@dtaa.com,31692,0,
05/21/2010 08:31:21,GCS0571,PC-8290,Mikayla_J_Barron@netzero.com,Glenna.C.Sharpe@aol.com,,Glenna.C.Sharpe@aol.com,20550,0,
05/24/2010 09:12:26,GCS0571,PC-8290,Kasper.Lance.Huffman@dtaa.com;Lila.Dana.Mcintyre@dtaa.com;Joy.Rosalyn.Leblanc@dtaa.com;Jameson.Damian.Franco@dtaa.com,,Glenna.Caryn.Sharpe@dtaa.com,Glenna.Caryn.Sharpe@dtaa.com,16935,0,
05/25/2010 17:40:03,GCS0571,PC-8290,Eve_G_Doyle@cox.net,Glenna.C.Sharpe@aol.com,,Glenna.C.Sharpe@aol.com,44969,0,
05/26/2010 15:05:42,GCS0571,PC-8290,Mohammad.Vladimir.Farrell@dtaa.com,,Glenna.Caryn.Sharpe@dtaa.com,Glenna.Caryn.Sharpe@dtaa.com,27720,0,
05/27/2010 10:14:51,GCS0571,PC-8290,Jorden_H_Pierce@earthlink.net;Talon.I.Ware@comcast.net;Riddle_Hillary@verizon.net,,Glenna.C.Sharpe@aol.com,Glenna.C.Sharpe@aol.com,28572,0,
05/28/2010 17:03:18,GCS0571,PC-8290,Camilla.C.Leach@juno.com,Glenna.C.Sharpe@aol.com,,Glenna.C.Sharpe@aol.com,48849,0,
06/01/2010 17:44:54,GCS0571,PC-8290,Hanae.Gay.Hogan@dtaa.com,Glenna.Caryn.Sharpe@dtaa.com,,Glenna.Caryn.Sharpe@dtaa.com,25287,0,
06/02/2010 13:51:21,GCS0571,PC-8290,NAM229@harris.com,Glenna.Caryn.Sharpe@dtaa.com,,Glenna.Caryn.Sharpe@dtaa.com,22939,0,
06/03/2010 12:11:21,GCS0571,PC-8290,Aquila.Stewart.Dejesus@dtaa.com;NAM229@harris.com,Candace_Baxter@raytheon.com,Glenna.Caryn.Sharpe@dtaa.com,Glenna.Caryn.Sharpe@dtaa.com,50880,5,
06/04/2010 16:54:35,GCS0571,PC-8290,Hedwig.Dai.Duffy@dtaa.com,Timon.Jacob.Gay@dtaa.com,Glenna.Caryn.Sharpe@dtaa.com,Glenna.Caryn.Sharpe@dtaa.com,29774,0,
06/07/2010 16:07:32,GCS0571,PC-8290,Megan.Simone.Hess@dtaa.com;Aurora.Sarah.Manning@dtaa.com;Maxwell.Clark.Faulkner@dtaa.com,Sylvia.Ariana.Head@dtaa.com;Candace_Baxter@raytheon.com;Glenna.Caryn.Sharpe@dtaa.com,,Glenna.Caryn.Sharpe@dtaa.com,36625,0,
06/08/2010 09:52:11,GCS0571,PC-8290,Daria.Samantha.Mcbride@dtaa.com;Aquila.Stewart.Dejesus@dtaa.com;Aurora.Sarah.Manning@dtaa.com,,Glenna.Caryn.Sharpe@dtaa.com,Glenna.Caryn.Sharpe@dtaa.com,35257,1,
06/09/2010 15:35:47,GCS0571,PC-8290,Dale-Mercado@netzero.com;Seth_Walls@msn.com,Hanae_Hogan@yahoo.com,Glenna.C.Sharpe@aol.com,Glenna.C.Sharpe@aol.com,28959,0,
06/10/2010 08:58:40,GCS0571,PC-8290,Aquila.Stewart.Dejesus@dtaa.com,Marcia.Lillian.Lynn@dtaa.com,Glenna.Caryn.Sharpe@dtaa.com,Glenna.Caryn.Sharpe@dtaa.com,45883,0,
06/11/2010 14:28:50,GCS0571,PC-8290,Daria.Samantha.Mcbride@dtaa.com;Serina.Amena.Chavez@dtaa.com;Candace_Baxter@raytheon.com,Eve_G_Doyle@hp.com,Glenna.Caryn.Sharpe@dtaa.com,Glenna.Caryn.Sharpe@dtaa.com,21767,0,
06/14/2010 13:04:36,GCS0571,PC-8290,Lila.Dana.Mcintyre@dtaa.com,Glenna.Caryn.Sharpe@dtaa.com,,Glenna.Caryn.Sharpe@dtaa.com,23460,0,
06/15/2010 14:54:50,GCS0571,PC-8290,Bruno.Carter.Robles@dtaa.com;Nicole_Mosley@lockheedmartin.com;Eve_G_Doyle@hp.com,,Glenna.Caryn.Sharpe@dtaa.com,Glenna.Caryn.Sharpe@dtaa.com,25381,0,
06/16/2010 15:57:06,GCS0571,PC-8290,Whilemina.Pandora.England@dtaa.com;Ivor.Amir.Tucker@dtaa.com;Hanae.Gay.Hogan@dtaa.com,,Glenna.Caryn.Sharpe@dtaa.com,Glenna.Caryn.Sharpe@dtaa.com,22422,0,
06/17/2010 10:42:39,GCS0571,PC-8290,Marcia.Lillian.Lynn@dtaa.com,,Glenna.Caryn.Sharpe@dtaa.com,Glenna.Caryn.Sharpe@dtaa.com,36708,0,
06/18/2010 12:03:57,GCS0571,PC-8290,Jorden.Helen.Pierce@dtaa.com;Seth.Harlan.Walls@dtaa.com;Jameson.Damian.Franco@dtaa.com,Candace_Baxter@raytheon.com,Glenna.Caryn.Sharpe@dtaa.com,Glenna.Caryn.Sharpe@dtaa.com,71802,0,
06/21/2010 13:52:53,GCS0571,PC-8290,Devin_Guzman@bellsouth.net,Glenna.C.Sharpe@aol.com,,Glenna.C.Sharpe@aol.com,25248,0,
06/22/2010 08:33:18,GCS0571,PC-8290,Raymond.Arsenio.Blackwell@dtaa.com;Ezra.Hilel.Dyer@dtaa.com,Glenna.Caryn.Sharpe@dtaa.com,,Glenna.Caryn.Sharpe@dtaa.com,29612,0,
06/23/2010 13:30:47,GCS0571,PC-8290,Wang.Dean.Vasquez@dtaa.com,Glenna.Caryn.Sharpe@dtaa.com,,Glenna.Caryn.Sharpe@dtaa.com,47564,0,
06/24/2010 16:28:08,GCS0571,PC-8290,Wang.Dean.Vasquez@dtaa.com,Glenna.Caryn.Sharpe@dtaa.com,,Glenna.Caryn.Sharpe@dtaa.com,22475,0,
06/25/2010 12:03:08,GCS0571,PC-8290,Marcia.Lillian.Lynn@dtaa.com,,Glenna.Caryn.Sharpe@dtaa.com,Glenna.Caryn.Sharpe@dtaa.com,14925,0,
06/29/2010 12:16:31,GCS0571,PC-8290,Daria.Samantha.Mcbride@dtaa.com,Mcintyre_Kaye@harris.com,Glenna.Caryn.Sharpe@dtaa.com,Glenna.Caryn.Sharpe@dtaa.com,26476,0,
06/30/2010 09:17:56,GCS0571,PC-8290,Kasper.Lance.Huffman@dtaa.com;Willow.Jaime.Daniel@dtaa.com;Sylvia.Ariana.Head@dtaa.com;NAM229@harris.com,,Glenna.Caryn.Sharpe@dtaa.com,Glenna.Caryn.Sharpe@dtaa.com,29964,0,
07/01/2010 15:17:22,GCS0571,PC-8290,Wang_Vasquez@juno.com,,Glenna.C.Sharpe@aol.com,Glenna.C.Sharpe@aol.com,12363,0,
07/02/2010 08:44:30,GCS0571,PC-8290,Serina.Amena.Chavez@dtaa.com;Seth.Harlan.Walls@dtaa.com,,Glenna.Caryn.Sharpe@dtaa.com,Glenna.Caryn.Sharpe@dtaa.com,30480,0,
07/06/2010 09:03:32,GCS0571,PC-8290,Kasper.Lance.Huffman@dtaa.com;Candace_Baxter@raytheon.com,Dale.Dorian.Mercado@dtaa.com,Glenna.Caryn.Sharpe@dtaa.com,Glenna.Caryn.Sharpe@dtaa.com,33480,0,
07/07/2010 09:28:41,GCS0571,PC-8290,Kasper.Lance.Huffman@dtaa.com,,Glenna.Caryn.Sharpe@dtaa.com,Glenna.Caryn.Sharpe@dtaa.com,21732,0,
07/08/2010 18:21:55,GCS0571,PC-8290,Nicole_Mosley@lockheedmartin.com,Glenna.Caryn.Sharpe@dtaa.com,,Glenna.Caryn.Sharpe@dtaa.com,38811,0,
07/12/2010 16:57:48,GCS0571,PC-8290,Wang.Dean.Vasquez@dtaa.com;Sonya.Samantha.Hahn@dtaa.com,,Glenna.Caryn.Sharpe@dtaa.com,Glenna.Caryn.Sharpe@dtaa.com,38909,0,
07/13/2010 09:05:11,GCS0571,PC-8290,Riddle_Hillary@verizon.net;Willow_Daniel@gmail.com,Gay_Timon@netzero.com,Glenna.C.Sharpe@aol.com,Glenna.C.Sharpe@aol.com,23640,0,
07/14/2010 13:27:26,GCS0571,PC-8290,Zane.Cadman.Fields@dtaa.com;Maxwell.Clark.Faulkner@dtaa.com;Wang.Dean.Vasquez@dtaa.com,Aquila.Stewart.Dejesus@dtaa.com,Glenna.Caryn.Sharpe@dtaa.com,Glenna.Caryn.Sharpe@dtaa.com,38010,0,
07/15/2010 15:50:37,GCS0571,PC-8290,Riddle_Hillary@verizon.net,Glenna.C.Sharpe@aol.com,,Glenna.C.Sharpe@aol.com,34631,0,
07/16/2010 12:08:59,GCS0571,PC-8290,Morgan.Deborah.Hoover@dtaa.com;Kasper.Lance.Huffman@dtaa.com;Hanae.Gay.Hogan@dtaa.com;NAM229@harris.com,Aurora.Sarah.Manning@dtaa.com;Glenna.Caryn.Sharpe@dtaa.com,,Glenna.Caryn.Sharpe@dtaa.com,42532,3,
07/19/2010 12:16:52,GCS0571,PC-8290,Mohammad.Vladimir.Farrell@dtaa.com,Glenna.Caryn.Sharpe@dtaa.com,,Glenna.Caryn.Sharpe@dtaa.com,53617,0,
07/20/2010 14:26:23,GCS0571,PC-8290,Slade.Orson.Burch@dtaa.com,Glenna.Caryn.Sharpe@dtaa.com,,Glenna.Caryn.Sharpe@dtaa.com,28669,0,
07/21/2010 10:28:41,GCS0571,PC-8290,Willow.Jaime.Daniel@dtaa.com,,Glenna.Caryn.Sharpe@dtaa.com,Glenna.Caryn.Sharpe@dtaa.com,41296,0,
07/22/2010 10:37:39,GCS0571,PC-8290,Hanae_Hogan@yahoo.com,Glenna.C.Sharpe@aol.com,,Glenna.C.Sharpe@aol.com,48844,0,
07/23/2010 18:21:28,GCS0571,PC-8290,Neve.Sarah.Crane@dtaa.com,,Glenna.Caryn.Sharpe@dtaa.com,Glenna.Caryn.Sharpe@dtaa.com,24600,0,
07/26/2010 09:03:04,GCS0571,PC-8290,Kasper.Lance.Huffman@dtaa.com,Glenna.Caryn.Sharpe@dtaa.com,,Glenna.Caryn.Sharpe@dtaa.com,42781,0,
07/27/2010 18:14:46,GCS0571,PC-8290,Hanae.V.Cross@northropgrumman.com,Glenna.Caryn.Sharpe@dtaa.com,,Glenna.Caryn.Sharpe@dtaa.com,30562,0,
07/28/2010 14:30:45,GCS0571,PC-8290,KLH96@juno.com,,Glenna.C.Sharpe@aol.com,Glenna.C.Sharpe@aol.com,27296,0,
07/29/2010 14:13:57,GCS0571,PC-8290,Seth.Harlan.Walls@dtaa.com,,Glenna.Caryn.Sharpe@dtaa.com,Glenna.Caryn.Sharpe@dtaa.com,17411,0,
07/30/2010 14:04:30,GCS0571,PC-8290,Marcia.Lillian.Lynn@dtaa.com;Serina.Amena.Chavez@dtaa.com,Aquila.Stewart.Dejesus@dtaa.com;Ocean.Maite.Summers@dtaa.com,Glenna.Caryn.Sharpe@dtaa.com,Glenna.Caryn.Sharpe@dtaa.com,56616,2,
08/02/2010 14:07:14,GCS0571,PC-8290,Serina.Amena.Chavez@dtaa.com,Neve.Sarah.Crane@dtaa.com;Glenna.Caryn.Sharpe@dtaa.com,,Glenna.Caryn.Sharpe@dtaa.com,50087,0,
08/03/2010 10:07:49,GCS0571,PC-8290,Slade.Orson.Burch@dtaa.com;Willow.Jaime.Daniel@dtaa.com,,Glenna.Caryn.Sharpe@dtaa.com,Glenna.Caryn.Sharpe@dtaa.com,26883,0,
08/04/2010 08:40:36,GCS0571,PC-8290,Bruno.Carter.Robles@dtaa.com,Glenna.Caryn.Sharpe@dtaa.com,,Glenna.Caryn.Sharpe@dtaa.com,21744,0,
08/05/2010 18:18:25,GCS0571,PC-8290,Candace_Baxter@raytheon.com,Glenna.Caryn.Sharpe@dtaa.com,,Glenna.Caryn.Sharpe@dtaa.com,39129,0,
08/06/2010 09:20:05,GCS0571,PC-8290,Ezra.Hilel.Dyer@dtaa.com;Lila.Dana.Mcintyre@dtaa.com,Morgan.Deborah.Hoover@dtaa.com,Glenna.Caryn.Sharpe@dtaa.com,Glenna.Caryn.Sharpe@dtaa.com,34755,0,
08/09/2010 16:38:38,GCS0571,PC-8290,Eve_G_Doyle@cox.net,Glenna.C.Sharpe@aol.com,,Glenna.C.Sharpe@aol.com,22847,0,
08/10/2010 08:37:27,GCS0571,PC-8290,Zane.Cadman.Fields@dtaa.com;Ezra.Hilel.Dyer@dtaa.com;Dale.Dorian.Mercado@dtaa.com;Eve_G_Doyle@hp.com;NAM229@harris.com,,Glenna.Caryn.Sharpe@dtaa.com,Glenna.Caryn.Sharpe@dtaa.com,47545,2,
08/11/2010 10:35:42,GCS0571,PC-8290,Katelyn.Lani.Murray@dtaa.com,,Glenna.Caryn.Sharpe@dtaa.com,Glenna.Caryn.Sharpe@dtaa.com,31417,0,
08/12/2010 14:01:53,GCS0571,PC-8290,Cameron.Noel.Elliott@dtaa.com;Jorden.Helen.Pierce@dtaa.com;Bruno.Carter.Robles@dtaa.com,,Glenna.Caryn.Sharpe@dtaa.com,Glenna.Caryn.Sharpe@dtaa.com,20590,0,
08/13/2010 13:59:02,GCS0571,PC-8290,Wang_Vasquez@juno.com,,Glenna.C.Sharpe@aol.com,Glenna.C.Sharpe@aol.com,40429,0,
08/16/2010 12:18:48,GCS0571,PC-8290,Wang_Vasquez@juno.com,Glenna.C.Sharpe@aol.com,,Glenna.C.Sharpe@aol.com,12579,0,
08/17/2010 17:17:07,GCS0571,PC-8290,KLH96@juno.com,,Glenna.C.Sharpe@aol.com,Glenna.C.Sharpe@aol.com,29820,0,
08/18/2010 16:35:10,GCS0571,PC-8290,Sylvia.Ariana.Head@dtaa.com,Raymond.Arsenio.Blackwell@dtaa.com;Glenna.Caryn.Sharpe@dtaa.com,,Glenna.Caryn.Sharpe@dtaa.com,15998,0,
08/19/2010 15:50:03,GCS0571,PC-8290,Dale-Mercado@netzero.com;Hanae_Hogan@yahoo.com,Glenna.C.Sharpe@aol.com,,Glenna.C.Sharpe@aol.com,21196,0,
08/20/2010 11:53:47,GCS0571,PC-8290,Aquila.Stewart.Dejesus@dtaa.com;Marcia.Lillian.Lynn@dtaa.com;Morgan.Deborah.Hoover@dtaa.com,Jorden.Helen.Pierce@dtaa.com,Glenna.Caryn.Sharpe@dtaa.com,Glenna.Caryn.Sharpe@dtaa.com,17425,0,
08/23/2010 16:04:30,GCS0571,PC-8290,Jameson.Damian.Franco@dtaa.com,Glenna.Caryn.Sharpe@dtaa.com,,Glenna.Caryn.Sharpe@dtaa.com,22093,0,
08/24/2010 11:36:00,GCS0571,PC-8290,Neve.Sarah.Crane@dtaa.com,Glenna.Caryn.Sharpe@dtaa.com,,Glenna.Caryn.Sharpe@dtaa.com,44209,0,
08/25/2010 10:00:49,GCS0571,PC-8290,Marcia.Lillian.Lynn@dtaa.com,Glenna.Caryn.Sharpe@dtaa.com,,Glenna.Caryn.Sharpe@dtaa.com,25602,0,
08/26/2010 18:25:09,GCS0571,PC-8290,Slade.Orson.Burch@dtaa.com;Timon.Jacob.Gay@dtaa.com,Timothy.Arthur.Carroll@dtaa.com;Hillary.Piper.Riddle@dtaa.com,Glenna.Caryn.Sharpe@dtaa.com,Glenna.Caryn.Sharpe@dtaa.com,33691,1,
08/27/2010 14:54:31,GCS0571,PC-8290,Slade.Orson.Burch@dtaa.com;Alden.Jesse.Day@dtaa.com;Jorden.Helen.Pierce@dtaa.com,,Glenna.Caryn.Sharpe@dtaa.com,Glenna.Caryn.Sharpe@dtaa.com,29500,0,
08/30/2010 11:12:59,GCS0571,PC-8290,Hoover_Morgan@cox.net,Glenna.C.Sharpe@aol.com,,Glenna.C.Sharpe@aol.com,23631,0,
08/31/2010 11:24:40,GCS0571,PC-8290,Bruno.Carter.Robles@dtaa.com;Seth.Harlan.Walls@dtaa.com;Kasper.Lance.Huffman@dtaa.com;Eve_G_Doyle@hp.com,,Glenna.Caryn.Sharpe@dtaa.com,Glenna.Caryn.Sharpe@dtaa.com,30208,0,
09/01/2010 09:59:00,GCS0571,PC-8290,Neve_Crane@cox.net,Glenna.C.Sharpe@aol.com,,Glenna.C.Sharpe@aol.com,23778,0,
09/02/2010 17:35:38,GCS0571,PC-8290,Willow.Jaime.Daniel@dtaa.com,Glenna.Caryn.Sharpe@dtaa.com,,Glenna.Caryn.Sharpe@dtaa.com,30531,0,
09/03/2010 14:02:41,GCS0571,PC-8290,Willow_Daniel@gmail.com,Glenna.C.Sharpe@aol.com,,Glenna.C.Sharpe@aol.com,28871,0,
09/07/2010 17:57:42,GCS0571,PC-8290,Daria_Mcbride@juno.com,,Glenna.C.Sharpe@aol.com,Glenna.C.Sharpe@aol.com,28230,0,
09/08/2010 16:36:47,GCS0571,PC-8290,Bruno.Carter.Robles@dtaa.com,Glenna.Caryn.Sharpe@dtaa.com,,Glenna.Caryn.Sharpe@dtaa.com,21770,0,
09/09/2010 10:03:31,GCS0571,PC-8290,Nicole_Mosley@lockheedmartin.com,Glenna.Caryn.Sharpe@dtaa.com,,Glenna.Caryn.Sharpe@dtaa.com,24691,0,
09/10/2010 09:33:26,GCS0571,PC-8290,Wang_Vasquez@juno.com,Glenna.C.Sharpe@aol.com,,Glenna.C.Sharpe@aol.com,20075,0,
09/14/2010 12:19:21,GCS0571,PC-8290,Dale.Dorian.Mercado@dtaa.com,Glenna.Caryn.Sharpe@dtaa.com,,Glenna.Caryn.Sharpe@dtaa.com,35130,3,
09/15/2010 17:34:52,GCS0571,PC-8290,Whilemina.Pandora.England@dtaa.com,Glenna.Caryn.Sharpe@dtaa.com,,Glenna.Caryn.Sharpe@dtaa.com,30841,0,
09/16/2010 17:39:11,GCS0571,PC-8290,Jameson.Damian.Franco@dtaa.com;Aurora.Sarah.Manning@dtaa.com;Lila.Dana.Mcintyre@dtaa.com,Seth.Harlan.Walls@dtaa.com,Glenna.Caryn.Sharpe@dtaa.com,Glenna.Caryn.Sharpe@dtaa.com,21411,0,
09/17/2010 09:23:33,GCS0571,PC-8290,Neve.Sarah.Crane@dtaa.com,Glenna.Caryn.Sharpe@dtaa.com,,Glenna.Caryn.Sharpe@dtaa.com,15324,0,
09/20/2010 09:06:59,GCS0571,PC-8290,Dale.Dorian.Mercado@dtaa.com,Gavin.Y.Ruiz@lockheedmartin.com;Glenna.Caryn.Sharpe@dtaa.com,,Glenna.Caryn.Sharpe@dtaa.com,33690,0,
09/21/2010 15:12:46,GCS0571,PC-8290,Kasper.Lance.Huffman@dtaa.com,Glenna.Caryn.Sharpe@dtaa.com,,Glenna.Caryn.Sharpe@dtaa.com,31366,0,
09/22/2010 12:44:38,GCS0571,PC-8290,Aurora.Sarah.Manning@dtaa.com;Nicole_Mosley@lockheedmartin.com,Mikayla.Jaden.Barron@dtaa.com;Gavin.Y.Ruiz@lockheedmartin.com,Glenna.Caryn.Sharpe@dtaa.com,Glenna.Caryn.Sharpe@dtaa.com,27941,0,
09/23/2010 12:35:52,GCS0571,PC-8290,Whilemina.Pandora.England@dtaa.com;Hanae.Gay.Hogan@dtaa.com;Raymond.Arsenio.Blackwell@dtaa.com,Seth.Harlan.Walls@dtaa.com,Glenna.Caryn.Sharpe@dtaa.com,Glenna.Caryn.Sharpe@dtaa.com,38523,0,
09/27/2010 17:35:14,GCS0571,PC-8290,Timon.Jacob.Gay@dtaa.com;Wang.Dean.Vasquez@dtaa.com;Aurora.Sarah.Manning@dtaa.com,Zane.Cadman.Fields@dtaa.com,Glenna.Caryn.Sharpe@dtaa.com,Glenna.Caryn.Sharpe@dtaa.com,35377,0,
09/28/2010 15:09:15,GCS0571,PC-8290,Jameson.Damian.Franco@dtaa.com,Glenna.Caryn.Sharpe@dtaa.com,,Glenna.Caryn.Sharpe@dtaa.com,45543,0,
09/29/2010 13:13:04,GCS0571,PC-8290,Hanae.Gay.Hogan@dtaa.com;Jameson.Damian.Franco@dtaa.com,,Glenna.Caryn.Sharpe@dtaa.com,Glenna.Caryn.Sharpe@dtaa.com,36165,0,
09/30/2010 15:20:45,GCS0571,PC-8290,Timon.Jacob.Gay@dtaa.com;Ezra.Hilel.Dyer@dtaa.com,Jameson.Damian.Franco@dtaa.com,Glenna.Caryn.Sharpe@dtaa.com,Glenna.Caryn.Sharpe@dtaa.com,37032,0,
10/01/2010 12:42:48,GCS0571,PC-8290,Neve.Sarah.Crane@dtaa.com,,Glenna.Caryn.Sharpe@dtaa.com,Glenna.Caryn.Sharpe@dtaa.com,15612,0,
10/04/2010 11:28:11,GCS0571,PC-8290,Hillary.Piper.Riddle@dtaa.com,Glenna.Caryn.Sharpe@dtaa.com,,Glenna.Caryn.Sharpe@dtaa.com,23439,0,
10/05/2010 15:50:05,GCS0571,PC-8290,Blackwell-Raymond@gmail.com,Glenna.C.Sharpe@aol.com,,Glenna.C.Sharpe@aol.com,16927,0,
10/06/2010 16:00:03,GCS0571,PC-8290,Ezra.H.Dyer@bellsouth.net,Glenna.C.Sharpe@aol.com,,Glenna.C.Sharpe@aol.com,20686,0,
10/07/2010 18:34:46,GCS0571,PC-8290,Whilemina.Pandora.England@dtaa.com;Jorden.Helen.Pierce@dtaa.com;Mohammad.Vladimir.Farrell@dtaa.com,Zane.Cadman.Fields@dtaa.com;Glenna.Caryn.Sharpe@dtaa.com,,Glenna.Caryn.Sharpe@dtaa.com,31448,0,
10/08/2010 09:57:57,GCS0571,PC-8290,Slade.Orson.Burch@dtaa.com,Sylvia.Ariana.Head@dtaa.com,Glenna.Caryn.Sharpe@dtaa.com,Glenna.Caryn.Sharpe@dtaa.com,42783,0,
10/11/2010 11:10:03,GCS0571,PC-8290,Sylvia.Ariana.Head@dtaa.com;Aquila.Stewart.Dejesus@dtaa.com,Miriam.Shoshana.Donovan@dtaa.com;Mohammad.Vladimir.Farrell@dtaa.com,Glenna.Caryn.Sharpe@dtaa.com,Glenna.Caryn.Sharpe@dtaa.com,41759,2,
10/12/2010 08:53:41,GCS0571,PC-8290,LDM36@yahoo.com,,Glenna.C.Sharpe@aol.com,Glenna.C.Sharpe@aol.com,26187,0,
10/13/2010 14:41:50,GCS0571,PC-8290,Morgan.Deborah.Hoover@dtaa.com;Marcia.Lillian.Lynn@dtaa.com,Slade.Orson.Burch@dtaa.com;Joy.Rosalyn.Leblanc@dtaa.com,Glenna.Caryn.Sharpe@dtaa.com,Glenna.Caryn.Sharpe@dtaa.com,29197,0,
10/14/2010 16:59:26,GCS0571,PC-8290,Zane.Cadman.Fields@dtaa.com,Lila.Dana.Mcintyre@dtaa.com,Glenna.Caryn.Sharpe@dtaa.com,Glenna.Caryn.Sharpe@dtaa.com,44533,0,
10/15/2010 12:08:52,GCS0571,PC-8290,Bruno.Carter.Robles@dtaa.com;Candace_Baxter@raytheon.com,,Glenna.Caryn.Sharpe@dtaa.com,Glenna.Caryn.Sharpe@dtaa.com,18364,0,
10/18/2010 17:56:19,GCS0571,PC-8290,Neve.Sarah.Crane@dtaa.com,Glenna.Caryn.Sharpe@dtaa.com,,Glenna.Caryn.Sharpe@dtaa.com,32754,0,
10/19/2010 17:55:32,GCS0571,PC-8290,Whilemina_England@cox.net;Nicole_Mosley@msn.com,,Glenna.C.Sharpe@aol.com,Glenna.C.Sharpe@aol.com,28436,0,
10/20/2010 09:11:58,GCS0571,PC-8290,Charde_Rasmussen@sbcglobal.net,Glenna.C.Sharpe@aol.com,,Glenna.C.Sharpe@aol.com,42154,0,
10/21/2010 17:01:45,GCS0571,PC-8290,Wang.Dean.Vasquez@dtaa.com,Glenna.Caryn.Sharpe@dtaa.com,,Glenna.Caryn.Sharpe@dtaa.com,21014,0,
10/22/2010 15:49:36,GCS0571,PC-8290,Irene.Lacota.Huffman@dtaa.com,Glenna.Caryn.Sharpe@dtaa.com,,Glenna.Caryn.Sharpe@dtaa.com,28338,0,
10/25/2010 16:25:29,GCS0571,PC-8290,Sylvia.A.Head@msn.com,Glenna.C.Sharpe@aol.com,,Glenna.C.Sharpe@aol.com,28358,0,
10/26/2010 12:18:12,GCS0571,PC-8290,Serina_Chavez@gmail.com,Seth_Walls@msn.com,Glenna.C.Sharpe@aol.com,Glenna.C.Sharpe@aol.com,36949,0,
10/27/2010 08:24:08,GCS0571,PC-8290,Franco-Jameson@msn.com,Glenna.C.Sharpe@aol.com,,Glenna.C.Sharpe@aol.com,46367,0,
10/28/2010 18:27:16,GCS0571,PC-8290,Dale.Dorian.Mercado@dtaa.com;Neve.Sarah.Crane@dtaa.com;Marcia.Lillian.Lynn@dtaa.com,Willow.Jaime.Daniel@dtaa.com,Glenna.Caryn.Sharpe@dtaa.com,Glenna.Caryn.Sharpe@dtaa.com,21878,0,
10/29/2010 12:36:55,GCS0571,PC-8290,Jameson.Damian.Franco@dtaa.com;Slade.Orson.Burch@dtaa.com,Aurora.Sarah.Manning@dtaa.com,Glenna.Caryn.Sharpe@dtaa.com,Glenna.Caryn.Sharpe@dtaa.com,28491,0,
11/01/2010 08:42:27,GCS0571,PC-8290,Morgan.Deborah.Hoover@dtaa.com;Wang.Dean.Vasquez@dtaa.com,Jocelyn.Bree.Mccray@dtaa.com,Glenna.Caryn.Sharpe@dtaa.com,Glenna.Caryn.Sharpe@dtaa.com,17672,1,
11/02/2010 09:59:41,GCS0571,PC-8290,Gay_Timon@netzero.com;Dale-Mercado@netzero.com,Willow_Daniel@gmail.com;LDM36@yahoo.com;Glenna.C.Sharpe@aol.com,,Glenna.C.Sharpe@aol.com,14658,2,
11/03/2010 12:06:45,GCS0571,PC-8290,Willow.Jaime.Daniel@dtaa.com,Glenna.Caryn.Sharpe@dtaa.com,,Glenna.Caryn.Sharpe@dtaa.com,21405,0,
11/04/2010 13:47:06,GCS0571,PC-8290,Whilemina.Pandora.England@dtaa.com,Glenna.Caryn.Sharpe@dtaa.com,,Glenna.Caryn.Sharpe@dtaa.com,43456,0,
11/05/2010 08:59:48,GCS0571,PC-8290,Jermaine.Mannix.Hansen@dtaa.com,Jameson.Damian.Franco@dtaa.com;Joy.Rosalyn.Leblanc@dtaa.com,Glenna.Caryn.Sharpe@dtaa.com,Glenna.Caryn.Sharpe@dtaa.com,29969,0,
11/08/2010 08:52:54,GCS0571,PC-8290,Joy.Rosalyn.Leblanc@dtaa.com;Mufutau.Nehru.Contreras@dtaa.com,Hanae.Gay.Hogan@dtaa.com;Gavin.Y.Ruiz@lockheedmartin.com,Glenna.Caryn.Sharpe@dtaa.com,Glenna.Caryn.Sharpe@dtaa.com,28111,0,
11/09/2010 09:00:58,GCS0571,PC-8290,Jonah.Dakota.Bird@dtaa.com;Hanae.Gay.Hogan@dtaa.com,Aquila.Stewart.Dejesus@dtaa.com;Seth.Harlan.Walls@dtaa.com,Glenna.Caryn.Sharpe@dtaa.com,Glenna.Caryn.Sharpe@dtaa.com,28815,1,
11/10/2010 08:59:19,GCS0571,PC-8290,Morgan.Deborah.Hoover@dtaa.com;SRW58@lockheedmartin.com,,Glenna.Caryn.Sharpe@dtaa.com,Glenna.Caryn.Sharpe@dtaa.com,14739,0,
11/11/2010 14:08:48,GCS0571,PC-8290,KLH96@juno.com,Glenna.C.Sharpe@aol.com,,Glenna.C.Sharpe@aol.com,39984,0,
11/12/2010 08:39:09,GCS0571,PC-8290,Morgan.Deborah.Hoover@dtaa.com;Hanae.Gay.Hogan@dtaa.com,Whilemina.Pandora.England@dtaa.com,Glenna.Caryn.Sharpe@dtaa.com,Glenna.Caryn.Sharpe@dtaa.com,30984,0,
11/15/2010 09:52:55,GCS0571,PC-8290,Marcia.Lillian.Lynn@dtaa.com,Glenna.Caryn.Sharpe@dtaa.com,,Glenna.Caryn.Sharpe@dtaa.com,29732,1,
11/16/2010 12:10:44,GCS0571,PC-8290,Daria.Samantha.Mcbride@dtaa.com,Glenna.Caryn.Sharpe@dtaa.com,,Glenna.Caryn.Sharpe@dtaa.com,33727,0,
11/17/2010 16:53:11,GCS0571,PC-8290,Diana.Lillian.Solis@dtaa.com;Neve.Sarah.Crane@dtaa.com;Aquila.Stewart.Dejesus@dtaa.com,Mikayla.Jaden.Barron@dtaa.com;Lila.Dana.Mcintyre@dtaa.com;Glenna.Caryn.Sharpe@dtaa.com,,Glenna.Caryn.Sharpe@dtaa.com,30354,0,
11/18/2010 18:39:57,GCS0571,PC-8290,Aquila.Stewart.Dejesus@dtaa.com,Dale.Dorian.Mercado@dtaa.com;SRW58@lockheedmartin.com,Glenna.Caryn.Sharpe@dtaa.com,Glenna.Caryn.Sharpe@dtaa.com,27099,1,
11/19/2010 12:16:42,GCS0571,PC-8290,Lila.Dana.Mcintyre@dtaa.com,Glenna.Caryn.Sharpe@dtaa.com,,Glenna.Caryn.Sharpe@dtaa.com,22377,0,
11/22/2010 08:42:27,GCS0571,PC-8290,Aurora.Sarah.Manning@dtaa.com;Joy.Rosalyn.Leblanc@dtaa.com;Slade.Orson.Burch@dtaa.com;Willow.Jaime.Daniel@dtaa.com,Whilemina.Pandora.England@dtaa.com,Glenna.Caryn.Sharpe@dtaa.com,Glenna.Caryn.Sharpe@dtaa.com,24960,0,
11/23/2010 12:34:02,GCS0571,PC-8290,LDM36@yahoo.com,,Glenna.C.Sharpe@aol.com,Glenna.C.Sharpe@aol.com,26709,0,
11/24/2010 10:34:01,GCS0571,PC-8290,Aurora.S.Manning@earthlink.net,,Glenna.C.Sharpe@aol.com,Glenna.C.Sharpe@aol.com,47189,1,
11/29/2010 18:31:37,GCS0571,PC-8290,Fields-Zane@yahoo.com,,Glenna.C.Sharpe@aol.com,Glenna.C.Sharpe@aol.com,30334,0,
11/30/2010 14:39:00,GCS0571,PC-8290,Bruno_Robles@hotmail.com,SOB8@sbcglobal.net;KLH96@juno.com,Glenna.C.Sharpe@aol.com,Glenna.C.Sharpe@aol.com,26416,0,
12/01/2010 10:41:06,GCS0571,PC-8290,Dale.Dorian.Mercado@dtaa.com;Jameson.Damian.Franco@dtaa.com;Bruno.Carter.Robles@dtaa.com,Mona.Susan.Shannon@dtaa.com;Glenna.Caryn.Sharpe@dtaa.com,,Glenna.Caryn.Sharpe@dtaa.com,23998,0,
12/02/2010 18:33:23,GCS0571,PC-8290,Marcia.Lillian.Lynn@dtaa.com;Seth.Harlan.Walls@dtaa.com;Willow.Jaime.Daniel@dtaa.com,,Glenna.Caryn.Sharpe@dtaa.com,Glenna.Caryn.Sharpe@dtaa.com,36456,1,
12/03/2010 12:01:59,GCS0571,PC-8290,Kasper.Lance.Huffman@dtaa.com,Joy.Rosalyn.Leblanc@dtaa.com;Glenna.Caryn.Sharpe@dtaa.com,,Glenna.Caryn.Sharpe@dtaa.com,26656,0,
12/06/2010 11:22:53,GCS0571,PC-8290,Riddle_Hillary@verizon.net;Gay_Timon@netzero.com;Mikayla_J_Barron@netzero.com;Nicole_Mosley@msn.com,Glenna.C.Sharpe@aol.com,,Glenna.C.Sharpe@aol.com,19651,1,
12/07/2010 09:07:01,GCS0571,PC-8290,Joy.Rosalyn.Leblanc@dtaa.com;Slade.Orson.Burch@dtaa.com;SRW58@lockheedmartin.com,Lila.Dana.Mcintyre@dtaa.com,Glenna.Caryn.Sharpe@dtaa.com,Glenna.Caryn.Sharpe@dtaa.com,29360,0,
12/08/2010 10:02:49,GCS0571,PC-8290,LDM36@yahoo.com;Riddle_Hillary@verizon.net,,Glenna.C.Sharpe@aol.com,Glenna.C.Sharpe@aol.com,29156,0,
12/09/2010 18:01:11,GCS0571,PC-8290,Serina.Amena.Chavez@dtaa.com;Bruno.Carter.Robles@dtaa.com,Marcia.Lillian.Lynn@dtaa.com;Timon.Jacob.Gay@dtaa.com;Slade.Orson.Burch@dtaa.com;Glenna.Caryn.Sharpe@dtaa.com,,Glenna.Caryn.Sharpe@dtaa.com,31865,0,
12/10/2010 15:30:03,GCS0571,PC-8290,Hanae.Gay.Hogan@dtaa.com,Glenna.Caryn.Sharpe@dtaa.com,,Glenna.Caryn.Sharpe@dtaa.com,25742,0,
12/13/2010 10:57:16,GCS0571,PC-8290,Kasper.Lance.Huffman@dtaa.com,Glenna.Caryn.Sharpe@dtaa.com,,Glenna.Caryn.Sharpe@dtaa.com,22886,0,
12/14/2010 08:40:27,GCS0571,PC-8290,Jameson.Damian.Franco@dtaa.com;Neve.Sarah.Crane@dtaa.com,,Glenna.Caryn.Sharpe@dtaa.com,Glenna.Caryn.Sharpe@dtaa.com,19721,0,
12/15/2010 13:57:11,GCS0571,PC-8290,Neve.Sarah.Crane@dtaa.com;Mohammad.Vladimir.Farrell@dtaa.com,,Glenna.Caryn.Sharpe@dtaa.com,Glenna.Caryn.Sharpe@dtaa.com,13954,0,
12/16/2010 09:14:38,GCS0571,PC-8290,Dale.Dorian.Mercado@dtaa.com;Neve.Sarah.Crane@dtaa.com,Sylvia.Ariana.Head@dtaa.com;Kasper.Lance.Huffman@dtaa.com,Glenna.Caryn.Sharpe@dtaa.com,Glenna.Caryn.Sharpe@dtaa.com,22169,0,
12/17/2010 17:45:21,GCS0571,PC-8290,Seth_Walls@msn.com,Glenna.C.Sharpe@aol.com,,Glenna.C.Sharpe@aol.com,21480,0,
12/20/2010 16:01:26,GCS0571,PC-8290,Dakota.Edward.Brady@dtaa.com;Daria.Samantha.Mcbride@dtaa.com;Joy.Rosalyn.Leblanc@dtaa.com,,Glenna.Caryn.Sharpe@dtaa.com,Glenna.Caryn.Sharpe@dtaa.com,15912,0,
12/21/2010 13:34:06,GCS0571,PC-8290,Willow.Jaime.Daniel@dtaa.com;Sylvia.Ariana.Head@dtaa.com;Eve_G_Doyle@hp.com,Zane.Cadman.Fields@dtaa.com;Morgan.Deborah.Hoover@dtaa.com;Glenna.Caryn.Sharpe@dtaa.com,,Glenna.Caryn.Sharpe@dtaa.com,25129,0,
12/22/2010 14:30:41,GCS0571,PC-8290,Jorden.Helen.Pierce@dtaa.com;Aurora.Sarah.Manning@dtaa.com,Glenna.Caryn.Sharpe@dtaa.com,,Glenna.Caryn.Sharpe@dtaa.com,21438,0,
12/27/2010 11:35:58,GCS0571,PC-8290,Robert.Aristotle.Stevenson@dtaa.com;NAM229@harris.com,Mikayla.Jaden.Barron@dtaa.com;Sylvia.Ariana.Head@dtaa.com,Glenna.Caryn.Sharpe@dtaa.com,Glenna.Caryn.Sharpe@dtaa.com,32573,8,
12/28/2010 12:01:34,GCS0571,PC-8290,Kasper.Lance.Huffman@dtaa.com;Jonathan.Orlando.Marsh@dtaa.com;Hanae.Gay.Hogan@dtaa.com,,Glenna.Caryn.Sharpe@dtaa.com,Glenna.Caryn.Sharpe@dtaa.com,29007,1,
12/29/2010 13:23:39,GCS0571,PC-8290,Kasper.Lance.Huffman@dtaa.com,Glenna.Caryn.Sharpe@dtaa.com,,Glenna.Caryn.Sharpe@dtaa.com,22723,0,
12/30/2010 13:23:10,GCS0571,PC-8290,Hanae.Gay.Hogan@dtaa.com,Glenna.Caryn.Sharpe@dtaa.com,,Glenna.Caryn.Sharpe@dtaa.com,36640,0,
01/04/2011 15:32:18,GCS0571,PC-8290,Slade.Orson.Burch@dtaa.com,Glenna.Caryn.Sharpe@dtaa.com,,Glenna.Caryn.Sharpe@dtaa.com,20529,0,
01/05/2011 17:31:39,GCS0571,PC-8290,Wright-Stephen@juno.com,Glenna.C.Sharpe@aol.com,,Glenna.C.Sharpe@aol.com,26127,0,
01/06/2011 08:44:17,GCS0571,PC-8290,Zane.Cadman.Fields@dtaa.com,,Glenna.Caryn.Sharpe@dtaa.com,Glenna.Caryn.Sharpe@dtaa.com,74672,0,
01/07/2011 14:25:25,GCS0571,PC-8290,Neve.Sarah.Crane@dtaa.com,Glenna.Caryn.Sharpe@dtaa.com,,Glenna.Caryn.Sharpe@dtaa.com,35468,0,
01/10/2011 18:14:08,GCS0571,PC-8290,Dale.Dorian.Mercado@dtaa.com,Glenna.Caryn.Sharpe@dtaa.com,,Glenna.Caryn.Sharpe@dtaa.com,33434,0,
01/11/2011 16:30:38,GCS0571,PC-8290,Joy.Rosalyn.Leblanc@dtaa.com;Eaton.Burton.Crane@dtaa.com;Jorden.Helen.Pierce@dtaa.com,,Glenna.Caryn.Sharpe@dtaa.com,Glenna.Caryn.Sharpe@dtaa.com,31296,0,
01/12/2011 09:39:29,GCS0571,PC-8290,Marcia_L_Lynn@bellsouth.net,Glenna.C.Sharpe@aol.com,,Glenna.C.Sharpe@aol.com,27584,0,
01/14/2011 15:47:33,GCS0571,PC-8290,Riddle_Hillary@verizon.net;Hoover_Morgan@cox.net;Whilemina_England@cox.net,Gay_Timon@netzero.com;Glenna.C.Sharpe@aol.com,,Glenna.C.Sharpe@aol.com,27136,0,
01/17/2011 11:11:01,GCS0571,PC-8290,Mohammad.Vladimir.Farrell@dtaa.com,Glenna.Caryn.Sharpe@dtaa.com,,Glenna.Caryn.Sharpe@dtaa.com,40971,0,
01/18/2011 14:49:22,GCS0571,PC-8290,Candace_Baxter@raytheon.com,Glenna.Caryn.Sharpe@dtaa.com,,Glenna.Caryn.Sharpe@dtaa.com,49415,0,
01/19/2011 14:18:45,GCS0571,PC-8290,Jameson.Damian.Franco@dtaa.com,Glenna.Caryn.Sharpe@dtaa.com,,Glenna.Caryn.Sharpe@dtaa.com,23131,0,
01/20/2011 16:41:50,GCS0571,PC-8290,Brian.Nathaniel.Greer@dtaa.com;Sage.Nichole.Savage@dtaa.com;Jameson.Damian.Franco@dtaa.com,Glenna.Caryn.Sharpe@dtaa.com,,Glenna.Caryn.Sharpe@dtaa.com,25621,0,
01/21/2011 08:57:46,GCS0571,PC-8290,Whilemina.Pandora.England@dtaa.com,,Glenna.Caryn.Sharpe@dtaa.com,Glenna.Caryn.Sharpe@dtaa.com,27610,0,
01/25/2011 11:14:35,GCS0571,PC-8290,KLH96@juno.com,Glenna.C.Sharpe@aol.com,,Glenna.C.Sharpe@aol.com,19770,0,
01/26/2011 11:54:22,GCS0571,PC-8290,Morgan.Deborah.Hoover@dtaa.com,Glenna.Caryn.Sharpe@dtaa.com,,Glenna.Caryn.Sharpe@dtaa.com,57574,1,
01/27/2011 14:10:40,GCS0571,PC-8290,Jameson.Damian.Franco@dtaa.com,Glenna.Caryn.Sharpe@dtaa.com,,Glenna.Caryn.Sharpe@dtaa.com,38979,0,
01/28/2011 15:21:55,GCS0571,PC-8290,Aurora.S.Manning@earthlink.net;Joy-Leblanc@charter.net;Sylvia.A.Head@msn.com;Ellis-Kelly@hotmail.com,Glenna.C.Sharpe@aol.com,,Glenna.C.Sharpe@aol.com,17011,0,
01/31/2011 16:55:06,GCS0571,PC-8290,Joy.Rosalyn.Leblanc@dtaa.com,NAM229@harris.com;Glenna.Caryn.Sharpe@dtaa.com,,Glenna.Caryn.Sharpe@dtaa.com,31488,0,
02/01/2011 18:16:02,GCS0571,PC-8290,Daria.Samantha.Mcbride@dtaa.com,,Glenna.Caryn.Sharpe@dtaa.com,Glenna.Caryn.Sharpe@dtaa.com,25890,0,
02/02/2011 11:15:16,GCS0571,PC-8290,Seth.Harlan.Walls@dtaa.com;Morgan.Deborah.Hoover@dtaa.com,,Glenna.Caryn.Sharpe@dtaa.com,Glenna.Caryn.Sharpe@dtaa.com,20250,0,
02/03/2011 11:37:16,GCS0571,PC-8290,Serina.Amena.Chavez@dtaa.com,Glenna.Caryn.Sharpe@dtaa.com,,Glenna.Caryn.Sharpe@dtaa.com,18356,0,
02/04/2011 15:44:42,GCS0571,PC-8290,Mohammad.Vladimir.Farrell@dtaa.com;Jameson.Damian.Franco@dtaa.com;Timon.Jacob.Gay@dtaa.com;Harper-Brynn@lockheedmartin.com,,Glenna.Caryn.Sharpe@dtaa.com,Glenna.Caryn.Sharpe@dtaa.com,32353,0,
02/07/2011 16:26:04,GCS0571,PC-8290,Morgan.Deborah.Hoover@dtaa.com;Whilemina.Pandora.England@dtaa.com;Timon.Jacob.Gay@dtaa.com,Neve.Sarah.Crane@dtaa.com;Glenna.Caryn.Sharpe@dtaa.com,,Glenna.Caryn.Sharpe@dtaa.com,24108,0,
02/08/2011 17:12:31,GCS0571,PC-8290,SRW58@lockheedmartin.com,Glenna.Caryn.Sharpe@dtaa.com,,Glenna.Caryn.Sharpe@dtaa.com,15308,1,
02/09/2011 09:07:33,GCS0571,PC-8290,Willow.Jaime.Daniel@dtaa.com,,Glenna.Caryn.Sharpe@dtaa.com,Glenna.Caryn.Sharpe@dtaa.com,25074,0,
02/10/2011 15:25:59,GCS0571,PC-8290,Hanae_Hogan@yahoo.com,Glenna.C.Sharpe@aol.com,,Glenna.C.Sharpe@aol.com,37606,0,
02/11/2011 16:48:19,GCS0571,PC-8290,Neve.Sarah.Crane@dtaa.com;Mohammad.Vladimir.Farrell@dtaa.com;Hillary.Piper.Riddle@dtaa.com,Jameson.Damian.Franco@dtaa.com;Glenna.Caryn.Sharpe@dtaa.com,,Glenna.Caryn.Sharpe@dtaa.com,38919,0,
02/14/2011 08:44:47,GCS0571,PC-8290,Sierra.Margaret.Barker@dtaa.com;Nehru.Cyrus.Everett@dtaa.com;Kendall.Ciaran.Frank@dtaa.com,Zane.Cadman.Fields@dtaa.com;Glenna.Caryn.Sharpe@dtaa.com,,Glenna.Caryn.Sharpe@dtaa.com,16848,0,
02/15/2011 10:29:08,GCS0571,PC-8290,Seth.Harlan.Walls@dtaa.com,Nicole_Mosley@lockheedmartin.com,Glenna.Caryn.Sharpe@dtaa.com,Glenna.Caryn.Sharpe@dtaa.com,44087,0,
02/16/2011 09:41:52,GCS0571,PC-8290,Kasper.Lance.Huffman@dtaa.com;Dale.Dorian.Mercado@dtaa.com,Morgan.Deborah.Hoover@dtaa.com;SRW58@lockheedmartin.com,Glenna.Caryn.Sharpe@dtaa.com,Glenna.Caryn.Sharpe@dtaa.com,26172,0,
02/17/2011 10:14:49,GCS0571,PC-8290,Lila.Dana.Mcintyre@dtaa.com;Aurora.Sarah.Manning@dtaa.com,,Glenna.Caryn.Sharpe@dtaa.com,Glenna.Caryn.Sharpe@dtaa.com,48394,0,
02/18/2011 10:50:21,GCS0571,PC-8290,Mikayla.Jaden.Barron@dtaa.com;Jorden.Helen.Pierce@dtaa.com;Sylvia.Ariana.Head@dtaa.com,Willow.Jaime.Daniel@dtaa.com,Glenna.Caryn.Sharpe@dtaa.com,Glenna.Caryn.Sharpe@dtaa.com,34390,0,
02/21/2011 15:45:26,GCS0571,PC-8290,Sylvia.Velma.Sweet@dtaa.com;Hillary.Piper.Riddle@dtaa.com,,Glenna.Caryn.Sharpe@dtaa.com,Glenna.Caryn.Sharpe@dtaa.com,16236,0,
02/22/2011 14:32:19,GCS0571,PC-8290,Jorden.Helen.Pierce@dtaa.com,,Glenna.Caryn.Sharpe@dtaa.com,Glenna.Caryn.Sharpe@dtaa.com,47874,0,
02/23/2011 08:43:15,GCS0571,PC-8290,Aurora.Sarah.Manning@dtaa.com,Slade.Orson.Burch@dtaa.com,Glenna.Caryn.Sharpe@dtaa.com,Glenna.Caryn.Sharpe@dtaa.com,27012,0,
02/24/2011 14:52:32,GCS0571,PC-8290,Aurora.Sarah.Manning@dtaa.com;Candace_Baxter@raytheon.com,Glenna.Caryn.Sharpe@dtaa.com,,Glenna.Caryn.Sharpe@dtaa.com,16545,0,
02/25/2011 14:10:50,GCS0571,PC-8290,ASD576@earthlink.net;Serina_Chavez@gmail.com,KLH96@juno.com,Glenna.C.Sharpe@aol.com,Glenna.C.Sharpe@aol.com,22860,0,
02/28/2011 15:45:56,GCS0571,PC-8290,Dale.Dorian.Mercado@dtaa.com;Nicole_Mosley@lockheedmartin.com,Mikayla.Jaden.Barron@dtaa.com;Lila.Dana.Mcintyre@dtaa.com;Cameron.Noel.Elliott@dtaa.com,Glenna.Caryn.Sharpe@dtaa.com,Glenna.Caryn.Sharpe@dtaa.com,29641,0,
03/01/2011 17:47:10,GCS0571,PC-8290,Hanae.V.Cross@northropgrumman.com,,Glenna.Caryn.Sharpe@dtaa.com,Glenna.Caryn.Sharpe@dtaa.com,22184,0,
03/02/2011 15:50:50,GCS0571,PC-8290,Neve.Sarah.Crane@dtaa.com,,Glenna.Caryn.Sharpe@dtaa.com,Glenna.Caryn.Sharpe@dtaa.com,24262,0,
03/03/2011 08:39:21,GCS0571,PC-8290,Dale.Dorian.Mercado@dtaa.com;Calvin.Edan.Love@dtaa.com,Glenna.Caryn.Sharpe@dtaa.com,,Glenna.Caryn.Sharpe@dtaa.com,36852,0,
03/04/2011 13:57:21,GCS0571,PC-8290,Marcia.Lillian.Lynn@dtaa.com,Glenna.Caryn.Sharpe@dtaa.com,,Glenna.Caryn.Sharpe@dtaa.com,16530,0,
03/07/2011 12:37:37,GCS0571,PC-8290,Serina.Amena.Chavez@dtaa.com;Slade.Orson.Burch@dtaa.com;Sylvia.Ariana.Head@dtaa.com;Seth.Harlan.Walls@dtaa.com,Glenna.Caryn.Sharpe@dtaa.com,,Glenna.Caryn.Sharpe@dtaa.com,25342,0,
03/08/2011 18:15:56,GCS0571,PC-8290,Fields-Zane@yahoo.com,Glenna.C.Sharpe@aol.com,,Glenna.C.Sharpe@aol.com,24663,0,
03/09/2011 16:44:37,GCS0571,PC-8290,Gavin.Y.Ruiz@charter.net,,Glenna.C.Sharpe@aol.com,Glenna.C.Sharpe@aol.com,21158,0,
03/10/2011 16:24:59,GCS0571,PC-8290,Joy-Leblanc@charter.net,Glenna.C.Sharpe@aol.com,,Glenna.C.Sharpe@aol.com,17031,0,
03/11/2011 18:39:44,GCS0571,PC-8290,Lila.Dana.Mcintyre@dtaa.com,,Glenna.Caryn.Sharpe@dtaa.com,Glenna.Caryn.Sharpe@dtaa.com,54365,0,
03/14/2011 17:36:02,GCS0571,PC-8290,Franco-Jameson@msn.com,Glenna.C.Sharpe@aol.com,,Glenna.C.Sharpe@aol.com,24788,0,
03/15/2011 12:35:44,GCS0571,PC-8290,Nelson.Yasir@cox.net,Glenna.C.Sharpe@aol.com,,Glenna.C.Sharpe@aol.com,42284,0,
03/17/2011 18:17:06,GCS0571,PC-8290,Blythe.Veda.Cooke@dtaa.com,,Glenna.Caryn.Sharpe@dtaa.com,Glenna.Caryn.Sharpe@dtaa.com,34791,0,
03/18/2011 08:42:30,GCS0571,PC-8290,Kimberley.Joy.Anderson@dtaa.com;Katelyn.A.Gordon@northropgrumman.com,Glenna.Caryn.Sharpe@dtaa.com,,Glenna.Caryn.Sharpe@dtaa.com,20232,0,
03/21/2011 13:33:39,GCS0571,PC-8290,Timon.Jacob.Gay@dtaa.com;Dale.Dorian.Mercado@dtaa.com;Nicole_Mosley@lockheedmartin.com,Glenna.Caryn.Sharpe@dtaa.com,,Glenna.Caryn.Sharpe@dtaa.com,21253,4,
03/22/2011 11:57:48,GCS0571,PC-8290,Hanae.Gay.Hogan@dtaa.com,,Glenna.Caryn.Sharpe@dtaa.com,Glenna.Caryn.Sharpe@dtaa.com,22015,0,
03/23/2011 18:09:51,GCS0571,PC-8290,Seth.Harlan.Walls@dtaa.com,,Glenna.Caryn.Sharpe@dtaa.com,Glenna.Caryn.Sharpe@dtaa.com,15287,0,
03/24/2011 18:10:31,GCS0571,PC-8290,Hanae.Gay.Hogan@dtaa.com;Marcia.Lillian.Lynn@dtaa.com;Hillary.Piper.Riddle@dtaa.com;Jameson.Damian.Franco@dtaa.com,Molly.X.Hendricks@hp.com;Glenna.Caryn.Sharpe@dtaa.com,,Glenna.Caryn.Sharpe@dtaa.com,26914,0,
03/25/2011 15:34:51,GCS0571,PC-8290,Adena_Hardin@juno.com,Glenna.C.Sharpe@aol.com,,Glenna.C.Sharpe@aol.com,20736,0,
03/28/2011 14:02:49,GCS0571,PC-8290,Fields-Zane@yahoo.com,Glenna.C.Sharpe@aol.com,,Glenna.C.Sharpe@aol.com,30448,0,
03/29/2011 12:12:13,GCS0571,PC-8290,Marcia_L_Lynn@bellsouth.net;Serina_Chavez@gmail.com,Mikayla_J_Barron@netzero.com;Glenna.C.Sharpe@aol.com,,Glenna.C.Sharpe@aol.com,35391,1,
03/30/2011 16:22:10,GCS0571,PC-8290,Hillary.Piper.Riddle@dtaa.com,Glenna.Caryn.Sharpe@dtaa.com,,Glenna.Caryn.Sharpe@dtaa.com,37286,0,
03/31/2011 17:06:05,GCS0571,PC-8290,Aurora.Sarah.Manning@dtaa.com;Meredith.Pamela.Tanner@dtaa.com,Hillary.Piper.Riddle@dtaa.com,Glenna.Caryn.Sharpe@dtaa.com,Glenna.Caryn.Sharpe@dtaa.com,20935,3,
04/01/2011 18:36:05,GCS0571,PC-8290,JPW181@optonline.net,Glenna.C.Sharpe@aol.com,,Glenna.C.Sharpe@aol.com,30392,1,
04/04/2011 09:59:49,GCS0571,PC-8290,Wang_Vasquez@juno.com,,Glenna.C.Sharpe@aol.com,Glenna.C.Sharpe@aol.com,38550,0,
04/05/2011 17:08:36,GCS0571,PC-8290,Gay_Timon@netzero.com,Glenna.C.Sharpe@aol.com,,Glenna.C.Sharpe@aol.com,29432,0,
04/06/2011 10:35:50,GCS0571,PC-8290,Willow.Jaime.Daniel@dtaa.com,Glenna.Caryn.Sharpe@dtaa.com,,Glenna.Caryn.Sharpe@dtaa.com,25705,0,
04/07/2011 14:50:50,GCS0571,PC-8290,Riddle_Hillary@verizon.net,,Glenna.C.Sharpe@aol.com,Glenna.C.Sharpe@aol.com,26151,0,
04/08/2011 09:27:52,GCS0571,PC-8290,Timon.Jacob.Gay@dtaa.com,Glenna.Caryn.Sharpe@dtaa.com,,Glenna.Caryn.Sharpe@dtaa.com,31581,0,
04/11/2011 09:41:16,GCS0571,PC-8290,Aquila.Stewart.Dejesus@dtaa.com;Seth.Harlan.Walls@dtaa.com,,Glenna.Caryn.Sharpe@dtaa.com,Glenna.Caryn.Sharpe@dtaa.com,31386,0,
04/12/2011 16:05:07,GCS0571,PC-8290,Dale-Mercado@netzero.com,,Glenna.C.Sharpe@aol.com,Glenna.C.Sharpe@aol.com,24015,0,
04/13/2011 16:12:31,GCS0571,PC-8290,Serina.Amena.Chavez@dtaa.com;Mikayla.Jaden.Barron@dtaa.com,Timon.Jacob.Gay@dtaa.com;Hanae.Gay.Hogan@dtaa.com,Glenna.Caryn.Sharpe@dtaa.com,Glenna.Caryn.Sharpe@dtaa.com,32148,2,
04/14/2011 15:58:43,GCS0571,PC-8290,Bruno_Robles@hotmail.com,Glenna.C.Sharpe@aol.com,,Glenna.C.Sharpe@aol.com,14608,0,
04/15/2011 16:09:38,GCS0571,PC-8290,Jameson.Damian.Franco@dtaa.com;Whilemina.Pandora.England@dtaa.com,,Glenna.Caryn.Sharpe@dtaa.com,Glenna.Caryn.Sharpe@dtaa.com,25691,0,
04/18/2011 10:19:03,GCS0571,PC-8290,Zane.Cadman.Fields@dtaa.com;Slade.Orson.Burch@dtaa.com,Seth.Harlan.Walls@dtaa.com;Daria.Samantha.Mcbride@dtaa.com;SRW58@lockheedmartin.com;Glenna.Caryn.Sharpe@dtaa.com,,Glenna.Caryn.Sharpe@dtaa.com,17710,0,
04/19/2011 15:41:09,GCS0571,PC-8290,Mohammad.Vladimir.Farrell@dtaa.com,Glenna.Caryn.Sharpe@dtaa.com,,Glenna.Caryn.Sharpe@dtaa.com,19804,0,
04/20/2011 17:50:10,GCS0571,PC-8290,Zane.Cadman.Fields@dtaa.com;Hillary.Piper.Riddle@dtaa.com;Mikayla.Jaden.Barron@dtaa.com,,Glenna.Caryn.Sharpe@dtaa.com,Glenna.Caryn.Sharpe@dtaa.com,55698,0,
04/21/2011 16:29:24,GCS0571,PC-8290,Seth.Harlan.Walls@dtaa.com;Slade.Orson.Burch@dtaa.com;Hillary.Piper.Riddle@dtaa.com,Glenna.Caryn.Sharpe@dtaa.com,,Glenna.Caryn.Sharpe@dtaa.com,35843,0,
04/25/2011 10:09:29,GCS0571,PC-8290,Joy.Rosalyn.Leblanc@dtaa.com,,Glenna.Caryn.Sharpe@dtaa.com,Glenna.Caryn.Sharpe@dtaa.com,30381,0,
04/26/2011 12:37:09,GCS0571,PC-8290,Hanae.Gay.Hogan@dtaa.com,,Glenna.Caryn.Sharpe@dtaa.com,Glenna.Caryn.Sharpe@dtaa.com,26607,0,
04/27/2011 12:09:23,GCS0571,PC-8290,Nicole_Mosley@lockheedmartin.com,Glenna.Caryn.Sharpe@dtaa.com,,Glenna.Caryn.Sharpe@dtaa.com,24296,0,
04/28/2011 14:39:44,GCS0571,PC-8290,Joy.Rosalyn.Leblanc@dtaa.com;Aquila.Stewart.Dejesus@dtaa.com,Glenna.Caryn.Sharpe@dtaa.com,,Glenna.Caryn.Sharpe@dtaa.com,40037,0,
04/29/2011 14:56:45,GCS0571,PC-8290,MacKenzie.Kristen.Stewart@dtaa.com,Timon.Jacob.Gay@dtaa.com;Glenna.Caryn.Sharpe@dtaa.com,,Glenna.Caryn.Sharpe@dtaa.com,32105,0,
05/02/2011 14:32:26,GCS0571,PC-8290,Hillary.Piper.Riddle@dtaa.com,Glenna.Caryn.Sharpe@dtaa.com,,Glenna.Caryn.Sharpe@dtaa.com,27478,0,
05/03/2011 10:13:49,GCS0571,PC-8290,Tara.Dai.Stevenson@dtaa.com,Whilemina.Pandora.England@dtaa.com,Glenna.Caryn.Sharpe@dtaa.com,Glenna.Caryn.Sharpe@dtaa.com,28678,0,
05/04/2011 16:12:58,GCS0571,PC-8290,Wang_Vasquez@juno.com,Glenna.C.Sharpe@aol.com,,Glenna.C.Sharpe@aol.com,32767,0,
05/05/2011 08:50:48,GCS0571,PC-8290,Kirestin.Vanna.Sykes@dtaa.com;Mikayla.Jaden.Barron@dtaa.com,Glenna.Caryn.Sharpe@dtaa.com,,Glenna.Caryn.Sharpe@dtaa.com,32612,0,
05/06/2011 14:53:58,GCS0571,PC-8290,Charity.Uta.Daniels@dtaa.com,Glenna.Caryn.Sharpe@dtaa.com,,Glenna.Caryn.Sharpe@dtaa.com,25485,0,
05/09/2011 08:41:59,GCS0571,PC-8290,Daria.Samantha.Mcbride@dtaa.com,,Glenna.Caryn.Sharpe@dtaa.com,Glenna.Caryn.Sharpe@dtaa.com,28076,0,
05/10/2011 17:06:18,GCS0571,PC-8290,Hanae_Hogan@yahoo.com;Serina_Chavez@gmail.com;Felicia_Farley@hotmail.com,Seth_Walls@msn.com;Glenna.C.Sharpe@aol.com,,Glenna.C.Sharpe@aol.com,47783,0,
05/11/2011 10:52:55,GCS0571,PC-8290,Zane.Cadman.Fields@dtaa.com,Glenna.Caryn.Sharpe@dtaa.com,,Glenna.Caryn.Sharpe@dtaa.com,28507,0,
05/16/2011 17:29:05,GCS0571,PC-8290,Marcia.Lillian.Lynn@dtaa.com;Jorden.Helen.Pierce@dtaa.com,,Glenna.Caryn.Sharpe@dtaa.com,Glenna.Caryn.Sharpe@dtaa.com,25809,0,
