01/04/2010 16:15:22,GJD0298,PC-1783,Jane.Justina.Hunt@dtaa.com;Uma_Morse@boeing.com,Ivory.Leandra.Rogers@dtaa.com,,Grady.Jordan.Duran@dtaa.com,36834,3,
01/05/2010 16:17:04,GJD0298,PC-1783,Nevada.Leilani.Ortega@dtaa.com,,,Grady.Jordan.Duran@dtaa.com,29694,0,
01/06/2010 14:54:32,GJD0298,PC-1783,Nevada.Leilani.Ortega@dtaa.com,,,Grady.Jordan.Duran@dtaa.com,25922,1,
01/07/2010 09:32:32,GJD0298,PC-1783,Tanya-Brown@msn.com,,,Duran-Grady@verizon.net,34048,0,
01/08/2010 18:05:01,GJD0298,PC-1783,Teegan.Jillian.Burris@dtaa.com,,,Grady.Jordan.Duran@dtaa.com,19530,0,
01/11/2010 10:04:45,GJD0298,PC-1783,Kirk.Jakeem.Joyce@dtaa.com;Aaron.Porter.Gutierrez@dtaa.com,Timothy.Arthur.Carroll@dtaa.com,,Grady.Jordan.Duran@dtaa.com,31016,0,
01/12/2010 11:32:59,GJD0298,PC-1783,Shannon_Price@juno.com;BJP81@msn.com,,,Duran-Grady@verizon.net,46932,0,
01/13/2010 10:14:40,GJD0298,PC-1783,Jena.Chanda.Rollins@dtaa.com,,,Grady.Jordan.Duran@dtaa.com,28892,0,
01/14/2010 16:09:09,GJD0298,PC-1783,Brennan-Flynn@yahoo.com;Shaeleigh_M_Harris@comcast.net,Chiquita.L.Stokes@juno.com,,Duran-Grady@verizon.net,27516,4,
01/15/2010 14:46:37,GJD0298,PC-1783,Albert-Joseph@yahoo.com,,,Duran-Grady@verizon.net,36927,0,
01/18/2010 14:25:12,GJD0298,PC-1783,Zena.Sigourney.Langley@dtaa.com;Shaeleigh.MacKenzie.Harris@dtaa.com;Uma_Morse@boeing.com,Irene.Jemima.Meyers@dtaa.com,,Grady.Jordan.Duran@dtaa.com,41501,1,
01/19/2010 11:21:42,GJD0298,PC-1783,Kirk.Jakeem.Joyce@dtaa.com,Nevada.Leilani.Ortega@dtaa.com,,Grady.Jordan.Duran@dtaa.com,41519,2,
01/20/2010 14:32:29,GJD0298,PC-1783,Carroll-Timothy@comcast.net,,,Duran-Grady@verizon.net,35132,0,
01/21/2010 16:44:50,GJD0298,PC-1783,Nevada-Ortega@comcast.net,,,Duran-Grady@verizon.net,40287,0,
01/22/2010 09:32:56,GJD0298,PC-1783,Timothy.Arthur.Carroll@dtaa.com;Elaine.Sonya.Hughes@dtaa.com,Noble.Clinton.Klein@dtaa.com,,Grady.Jordan.Duran@dtaa.com,38065,4,
01/25/2010 09:31:00,GJD0298,PC-1783,Chiquita.L.Stokes@juno.com;Hinton-Charles@sbcglobal.net,,,Duran-Grady@verizon.net,23538,2,
01/26/2010 13:23:16,GJD0298,PC-1783,Shaeleigh.MacKenzie.Harris@dtaa.com,,,Grady.Jordan.Duran@dtaa.com,28423,0,
01/27/2010 12:25:39,GJD0298,PC-1783,Beck.John.Peters@dtaa.com;Jena.Chanda.Rollins@dtaa.com,Nevada.Leilani.Ortega@dtaa.com;Eric.Gray.Duncan@dtaa.com,,Grady.Jordan.Duran@dtaa.com,19598,1,
01/28/2010 13:19:54,GJD0298,PC-1783,Flynn.Edward.Brennan@dtaa.com,,,Grady.Jordan.Duran@dtaa.com,19606,0,
01/29/2010 17:54:50,GJD0298,PC-1783,Kirk.Jakeem.Joyce@dtaa.com,,,Grady.Jordan.Duran@dtaa.com,23047,0,
02/01/2010 12:31:33,GJD0298,PC-1783,Brown-Tanya@hp.com,,,Grady.Jordan.Duran@dtaa.com,22887,3,
02/02/2010 10:40:25,GJD0298,PC-1783,Aaron.Porter.Gutierrez@dtaa.com,,,Grady.Jordan.Duran@dtaa.com,31314,0,
02/03/2010 17:31:44,GJD0298,PC-1783,Elaine.Sonya.Hughes@dtaa.com,,,Grady.Jordan.Duran@dtaa.com,38345,0,
02/04/2010 09:31:29,GJD0298,PC-1783,Tanya-Brown@msn.com,,,Duran-Grady@verizon.net,45481,0,
02/05/2010 12:05:31,GJD0298,PC-1783,Joel.Kennan.Mccarty@dtaa.com,,,Grady.Jordan.Duran@dtaa.com,22135,0,
02/08/2010 16:31:17,GJD0298,PC-1783,Jane.Justina.Hunt@dtaa.com,,,Grady.Jordan.Duran@dtaa.com,21933,0,
02/09/2010 13:34:03,GJD0298,PC-1783,Albert.Mohammad.Joseph@dtaa.com,,,Grady.Jordan.Duran@dtaa.com,20171,0,
02/10/2010 09:06:27,GJD0298,PC-1783,Francis.Kane.Buckner@dtaa.com,,,Grady.Jordan.Duran@dtaa.com,20915,0,
02/11/2010 14:18:18,GJD0298,PC-1783,Timothy.Arthur.Carroll@dtaa.com,,,Grady.Jordan.Duran@dtaa.com,51905,1,
02/12/2010 09:14:55,GJD0298,PC-1783,Uma_Morse@sbcglobal.net,,,Duran-Grady@verizon.net,24562,0,
02/15/2010 14:55:15,GJD0298,PC-1783,Ivory.Leandra.Rogers@dtaa.com;Brown-Tanya@hp.com,Aaron.Porter.Gutierrez@dtaa.com;Talon.Ian.Ware@dtaa.com,,Grady.Jordan.Duran@dtaa.com,31118,3,
02/16/2010 13:00:39,GJD0298,PC-1783,Beck.John.Peters@dtaa.com,,,Grady.Jordan.Duran@dtaa.com,24627,0,
02/17/2010 16:11:40,GJD0298,PC-1783,Eric.Gray.Duncan@dtaa.com;Flynn.Edward.Brennan@dtaa.com;Uma_Morse@boeing.com;Hinton-Charles@raytheon.com,,,Grady.Jordan.Duran@dtaa.com,18771,2,
02/18/2010 10:03:20,GJD0298,PC-1783,Jena.Chanda.Rollins@dtaa.com;Scott.Gary.Burks@dtaa.com,,,Grady.Jordan.Duran@dtaa.com,33859,2,
02/19/2010 09:35:50,GJD0298,PC-1783,Jane.Justina.Hunt@dtaa.com;Philip.Nathan.Logan@dtaa.com,,,Grady.Jordan.Duran@dtaa.com,18711,1,
02/22/2010 10:20:12,GJD0298,PC-1783,Philip.Nathan.Logan@dtaa.com;Noel.Reagan.Foster@dtaa.com,,,Grady.Jordan.Duran@dtaa.com,16100,0,
02/23/2010 17:53:11,GJD0298,PC-1783,Tanya-Brown@msn.com,,,Duran-Grady@verizon.net,25952,3,
02/24/2010 13:22:10,GJD0298,PC-1783,Zena.Sigourney.Langley@dtaa.com,,,Grady.Jordan.Duran@dtaa.com,26907,0,
02/25/2010 17:32:38,GJD0298,PC-1783,Irene.Jemima.Meyers@dtaa.com,,,Grady.Jordan.Duran@dtaa.com,38753,0,
02/26/2010 11:40:19,GJD0298,PC-1783,Genevieve.Hyacinth.Head@dtaa.com;Elaine.Sonya.Hughes@dtaa.com;XAW8@boeing.com,,,Grady.Jordan.Duran@dtaa.com,34212,0,
03/01/2010 13:59:34,GJD0298,PC-1783,Jena.Chanda.Rollins@dtaa.com;Hillary.Ainsley.Mccormick@dtaa.com,Beck.John.Peters@dtaa.com;Talon.Ian.Ware@dtaa.com,,Grady.Jordan.Duran@dtaa.com,32107,3,
03/02/2010 08:51:13,GJD0298,PC-1783,BJP81@msn.com;Elaine_Hughes@aol.com,,,Duran-Grady@verizon.net,24777,0,
03/03/2010 17:04:45,GJD0298,PC-1783,Teegan-Burris@verizon.net,,,Duran-Grady@verizon.net,27384,0,
03/04/2010 12:55:27,GJD0298,PC-1783,Colorado.Joel.Merrill@dtaa.com;CEB16@hp.com,Irene.Jemima.Meyers@dtaa.com,,Grady.Jordan.Duran@dtaa.com,21704,1,
03/05/2010 09:30:09,GJD0298,PC-1783,Beck.John.Peters@dtaa.com,,,Grady.Jordan.Duran@dtaa.com,25184,0,
03/08/2010 11:00:01,GJD0298,PC-1783,Chiquita.Linda.Stokes@dtaa.com,,,Grady.Jordan.Duran@dtaa.com,57178,0,
03/09/2010 17:40:16,GJD0298,PC-1783,Piper.Sasha.Fuentes@dtaa.com,Nevada.Leilani.Ortega@dtaa.com,,Grady.Jordan.Duran@dtaa.com,26058,3,
03/10/2010 12:32:16,GJD0298,PC-1783,Cailin.Casey.Mckee@dtaa.com,Jane.Justina.Hunt@dtaa.com;Jonathan.Gary.Terry@dtaa.com,,Grady.Jordan.Duran@dtaa.com,31456,6,
03/11/2010 17:55:08,GJD0298,PC-1783,Merrill-Colorado@gmail.com,,,Duran-Grady@verizon.net,16420,0,
03/12/2010 16:04:11,GJD0298,PC-1783,Scott.Gary.Burks@dtaa.com;Hakeem.Stephen.Peck@dtaa.com;Ingrid.Irene.Atkins@dtaa.com,,,Grady.Jordan.Duran@dtaa.com,20312,1,
03/15/2010 10:13:17,GJD0298,PC-1783,Eric.Gray.Duncan@dtaa.com;Albert.Mohammad.Joseph@dtaa.com,,,Grady.Jordan.Duran@dtaa.com,33032,1,
03/16/2010 14:50:40,GJD0298,PC-1783,Ivory.Leandra.Rogers@dtaa.com,Genevieve.Hyacinth.Head@dtaa.com,,Grady.Jordan.Duran@dtaa.com,30089,0,
03/18/2010 12:23:41,GJD0298,PC-1783,SGB58@hotmail.com,,,Duran-Grady@verizon.net,47135,1,
03/19/2010 13:19:57,GJD0298,PC-1783,Kirk.Jakeem.Joyce@dtaa.com;Philip.Nathan.Logan@dtaa.com;Nevada.Leilani.Ortega@dtaa.com;Phoebe.N.Peters@boeing.com,Colorado.Joel.Merrill@dtaa.com,,Grady.Jordan.Duran@dtaa.com,28418,0,
03/22/2010 11:10:35,GJD0298,PC-1783,Kirk.Jakeem.Joyce@dtaa.com;Genevieve.Hyacinth.Head@dtaa.com,Brown-Tanya@hp.com,,Grady.Jordan.Duran@dtaa.com,39501,1,
03/23/2010 12:41:35,GJD0298,PC-1783,Bruno.Stewart.Silva@dtaa.com;Noble.Clinton.Klein@dtaa.com,Jena.Chanda.Rollins@dtaa.com,,Grady.Jordan.Duran@dtaa.com,20536,1,
03/24/2010 15:45:32,GJD0298,PC-1783,JCR6477@charter.net,Nevada-Ortega@comcast.net,,Duran-Grady@verizon.net,16958,1,
03/25/2010 17:47:58,GJD0298,PC-1783,Jena.Chanda.Rollins@dtaa.com,,,Grady.Jordan.Duran@dtaa.com,40902,0,
03/26/2010 14:59:21,GJD0298,PC-1783,Beck.John.Peters@dtaa.com;Teegan.Jillian.Burris@dtaa.com,,,Grady.Jordan.Duran@dtaa.com,45319,1,
03/29/2010 11:00:58,GJD0298,PC-1783,Nevada-Ortega@comcast.net;Brennan-Flynn@yahoo.com,,,Duran-Grady@verizon.net,29940,1,
03/30/2010 16:51:46,GJD0298,PC-1783,Hinton-Charles@sbcglobal.net,,,Duran-Grady@verizon.net,31774,0,
03/31/2010 13:53:59,GJD0298,PC-1783,NCK51@juno.com,,,Duran-Grady@verizon.net,47156,0,
04/01/2010 09:44:02,GJD0298,PC-1783,Cailin-Mckee@bellsouth.net;Gutierrez-Aaron@optonline.net,,,Duran-Grady@verizon.net,25703,0,
04/05/2010 08:59:58,GJD0298,PC-1783,Cailin.Casey.Mckee@dtaa.com;Talon.Ian.Ware@dtaa.com;Jena.Chanda.Rollins@dtaa.com,Colorado.Joel.Merrill@dtaa.com;Uma_Morse@boeing.com,,Grady.Jordan.Duran@dtaa.com,18222,5,
04/06/2010 15:52:49,GJD0298,PC-1783,Joel.Kennan.Mccarty@dtaa.com;Noble.Clinton.Klein@dtaa.com,Piper.Sasha.Fuentes@dtaa.com,,Grady.Jordan.Duran@dtaa.com,39772,1,
04/07/2010 14:33:17,GJD0298,PC-1783,Irene.Jemima.Meyers@dtaa.com,Ivory.Leandra.Rogers@dtaa.com,,Grady.Jordan.Duran@dtaa.com,48704,0,
04/08/2010 17:46:00,GJD0298,PC-1783,Hinton-Charles@sbcglobal.net,,,Duran-Grady@verizon.net,54625,0,
04/09/2010 10:23:11,GJD0298,PC-1783,Zena.Sigourney.Langley@dtaa.com,Jena.Chanda.Rollins@dtaa.com,,Grady.Jordan.Duran@dtaa.com,22537,0,
04/12/2010 11:55:48,GJD0298,PC-1783,Eric.Gray.Duncan@dtaa.com;Jane.Justina.Hunt@dtaa.com;Deirdre.Amaya.Garcia@dtaa.com,,,Grady.Jordan.Duran@dtaa.com,40971,4,
04/13/2010 10:20:24,GJD0298,PC-1783,Timothy.Arthur.Carroll@dtaa.com,,,Grady.Jordan.Duran@dtaa.com,23959,1,
04/14/2010 11:40:00,GJD0298,PC-1783,Shannon_Price@juno.com,Gutierrez-Aaron@optonline.net,,Duran-Grady@verizon.net,20519,4,
04/15/2010 12:11:08,GJD0298,PC-1783,Jane.Justina.Hunt@dtaa.com,,,Grady.Jordan.Duran@dtaa.com,21312,0,
04/19/2010 12:39:14,GJD0298,PC-1783,Ivory_L_Rogers@aol.com,Jane.J.Hunt@msn.com,,Duran-Grady@verizon.net,36680,1,
04/20/2010 17:45:56,GJD0298,PC-1783,Simon-Roth@charter.net,,,Duran-Grady@verizon.net,34099,0,
04/21/2010 09:58:15,GJD0298,PC-1783,PNL7@netzero.com,,,Duran-Grady@verizon.net,17936,2,
04/22/2010 13:33:49,GJD0298,PC-1783,Jane.Justina.Hunt@dtaa.com,Brown-Tanya@hp.com,,Grady.Jordan.Duran@dtaa.com,30702,0,
04/23/2010 12:32:22,GJD0298,PC-1783,Cailin-Mckee@bellsouth.net,,,Duran-Grady@verizon.net,63641,0,
04/26/2010 17:40:23,GJD0298,PC-1783,PNL7@netzero.com;JCR6477@charter.net;Joel.K.Mccarty@earthlink.net;Ivory_L_Rogers@aol.com,Tanya-Brown@msn.com,,Duran-Grady@verizon.net,39310,0,
04/28/2010 10:18:22,GJD0298,PC-1783,Aurora.S.Manning@earthlink.net;Noel_Foster@netzero.com,,,Duran-Grady@verizon.net,25270,9,
04/29/2010 15:00:13,GJD0298,PC-1783,RSC4143@earthlink.net,,,Duran-Grady@verizon.net,27869,0,
04/30/2010 13:41:16,GJD0298,PC-1783,Noel.Reagan.Foster@dtaa.com;Irene.Jemima.Meyers@dtaa.com,Piper.Sasha.Fuentes@dtaa.com;Zena.Sigourney.Langley@dtaa.com,,Grady.Jordan.Duran@dtaa.com,29460,1,
05/03/2010 17:12:07,GJD0298,PC-1783,Noel_Foster@netzero.com,,,Duran-Grady@verizon.net,27431,0,
05/04/2010 12:33:43,GJD0298,PC-1783,Jane.J.Hunt@msn.com,Talon.I.Ware@comcast.net,,Duran-Grady@verizon.net,28776,0,
05/05/2010 13:02:59,GJD0298,PC-1783,Aaron.Porter.Gutierrez@dtaa.com,,,Grady.Jordan.Duran@dtaa.com,20051,0,
05/06/2010 13:20:08,GJD0298,PC-1783,Cailin.Casey.Mckee@dtaa.com,,,Grady.Jordan.Duran@dtaa.com,63561,0,
05/07/2010 10:14:19,GJD0298,PC-1783,Teegan-Burris@verizon.net;NCK51@juno.com;Albert-Joseph@yahoo.com;Tanya-Brown@msn.com,,,Duran-Grady@verizon.net,29243,0,
05/10/2010 09:29:18,GJD0298,PC-1783,Hakeem.Stephen.Peck@dtaa.com,,,Grady.Jordan.Duran@dtaa.com,34643,0,
05/11/2010 08:49:27,GJD0298,PC-1783,RSC4143@earthlink.net,,,Duran-Grady@verizon.net,28956,1,
05/12/2010 17:52:43,GJD0298,PC-1783,Cailin-Mckee@bellsouth.net;Talon.I.Ware@comcast.net,,,Duran-Grady@verizon.net,54716,2,
05/13/2010 09:39:25,GJD0298,PC-1783,Piper-Fuentes@yahoo.com;Shannon_Price@juno.com,JCR6477@charter.net,,Duran-Grady@verizon.net,17147,2,
05/14/2010 17:29:00,GJD0298,PC-1783,Flynn.Edward.Brennan@dtaa.com;Albert.Mohammad.Joseph@dtaa.com,,,Grady.Jordan.Duran@dtaa.com,29598,0,
05/17/2010 17:14:59,GJD0298,PC-1783,Octavia_Leblanc@cox.net,,,Duran-Grady@verizon.net,33606,0,
05/18/2010 14:01:04,GJD0298,PC-1783,Shaeleigh.MacKenzie.Harris@dtaa.com;Caldwell.Quamar.Head@dtaa.com;Piper.Sasha.Fuentes@dtaa.com,Noble.Clinton.Klein@dtaa.com,,Grady.Jordan.Duran@dtaa.com,18425,0,
05/19/2010 10:19:22,GJD0298,PC-1783,Jane.Justina.Hunt@dtaa.com,,,Grady.Jordan.Duran@dtaa.com,33744,0,
05/20/2010 14:14:25,GJD0298,PC-1783,Ivory.Leandra.Rogers@dtaa.com;Colorado.Joel.Merrill@dtaa.com;Joel.Kennan.Mccarty@dtaa.com,,,Grady.Jordan.Duran@dtaa.com,35634,2,
05/21/2010 16:09:48,GJD0298,PC-1783,Genevieve.Hyacinth.Head@dtaa.com;Flynn.Edward.Brennan@dtaa.com,Jena.Chanda.Rollins@dtaa.com,,Grady.Jordan.Duran@dtaa.com,44791,0,
05/24/2010 13:43:21,GJD0298,PC-1783,Aaron.Porter.Gutierrez@dtaa.com;Hinton-Charles@raytheon.com,,,Grady.Jordan.Duran@dtaa.com,23890,1,
05/25/2010 10:53:51,GJD0298,PC-1783,Colorado.Joel.Merrill@dtaa.com,,,Grady.Jordan.Duran@dtaa.com,33997,0,
05/26/2010 14:43:44,GJD0298,PC-1783,Gutierrez-Aaron@optonline.net,,,Duran-Grady@verizon.net,24305,0,
05/27/2010 18:02:29,GJD0298,PC-1783,Jena.Chanda.Rollins@dtaa.com;Rosalyn.Daphne.Tillman@dtaa.com;Jane.Justina.Hunt@dtaa.com,Colorado.Joel.Merrill@dtaa.com,,Grady.Jordan.Duran@dtaa.com,39503,7,
05/28/2010 16:04:49,GJD0298,PC-1783,HSP9@cox.net;Teegan-Burris@verizon.net,,,Duran-Grady@verizon.net,28195,0,
06/01/2010 10:34:59,GJD0298,PC-1783,Nevada.Leilani.Ortega@dtaa.com;Jena.Chanda.Rollins@dtaa.com;Shannon.Chantale.Price@dtaa.com;Joel.Kennan.Mccarty@dtaa.com;RSC2553@harris.com,,,Grady.Jordan.Duran@dtaa.com,26094,6,
06/02/2010 09:11:43,GJD0298,PC-1783,Genevieve.Hyacinth.Head@dtaa.com;Uma_Morse@boeing.com;Ann_A_Frank@northropgrumman.com,Hakeem.Stephen.Peck@dtaa.com,,Grady.Jordan.Duran@dtaa.com,30119,0,
06/03/2010 10:27:43,GJD0298,PC-1783,Shannon.Chantale.Price@dtaa.com;Talon.Ian.Ware@dtaa.com,,,Grady.Jordan.Duran@dtaa.com,38803,0,
06/04/2010 11:50:53,GJD0298,PC-1783,Brennan-Flynn@yahoo.com,BJP81@msn.com,,Duran-Grady@verizon.net,25453,1,
06/07/2010 14:48:21,GJD0298,PC-1783,Colorado.Joel.Merrill@dtaa.com;Noble.Clinton.Klein@dtaa.com,Elaine.Sonya.Hughes@dtaa.com;Cheryl.M.Benson@northropgrumman.com,,Grady.Jordan.Duran@dtaa.com,15636,3,
06/08/2010 16:28:29,GJD0298,PC-1783,Talon.Ian.Ware@dtaa.com,,,Grady.Jordan.Duran@dtaa.com,48561,0,
06/10/2010 14:23:42,GJD0298,PC-1783,Nyssa.Britanney.Carver@dtaa.com;Scott.Gary.Burks@dtaa.com;XAW8@boeing.com,,,Grady.Jordan.Duran@dtaa.com,23108,4,
06/11/2010 11:40:10,GJD0298,PC-1783,Ivory_L_Rogers@aol.com;Jane.J.Hunt@msn.com;Hinton-Charles@sbcglobal.net,Talon.I.Ware@comcast.net,,Duran-Grady@verizon.net,25847,1,
06/14/2010 15:45:40,GJD0298,PC-1783,Chiquita.L.Stokes@juno.com,,,Duran-Grady@verizon.net,23866,0,
06/15/2010 12:58:03,GJD0298,PC-1783,Flynn.Edward.Brennan@dtaa.com;Kirby.Amity.Tyson@dtaa.com,Eric.Gray.Duncan@dtaa.com;Noel.Reagan.Foster@dtaa.com,,Grady.Jordan.Duran@dtaa.com,35388,2,
06/16/2010 11:48:56,GJD0298,PC-1783,Nevada.Leilani.Ortega@dtaa.com;Armando.Albert.Walter@dtaa.com,,,Grady.Jordan.Duran@dtaa.com,19387,0,
06/17/2010 09:07:29,GJD0298,PC-1783,Joy.Rosalyn.Leblanc@dtaa.com;Cailin.Casey.Mckee@dtaa.com,,,Grady.Jordan.Duran@dtaa.com,28403,0,
06/18/2010 17:41:05,GJD0298,PC-1783,Irene.Jemima.Meyers@dtaa.com,,,Grady.Jordan.Duran@dtaa.com,26517,0,
06/21/2010 14:40:11,GJD0298,PC-1783,EGD681@comcast.net,,,Duran-Grady@verizon.net,23517,0,
06/22/2010 13:19:53,GJD0298,PC-1783,Teegan-Burris@verizon.net;Ann.A.Frank@netzero.com;ARM1@gmail.com,,,Duran-Grady@verizon.net,56332,2,
06/23/2010 13:47:38,GJD0298,PC-1783,Irene.Jemima.Meyers@dtaa.com;Genevieve.Hyacinth.Head@dtaa.com;Joel.Kennan.Mccarty@dtaa.com,Nevada.Leilani.Ortega@dtaa.com,,Grady.Jordan.Duran@dtaa.com,28025,1,
06/24/2010 16:03:48,GJD0298,PC-1783,Idola.Carly.Haley@dtaa.com;Nevada.Leilani.Ortega@dtaa.com;Kirk.Jakeem.Joyce@dtaa.com,Shannon.Chantale.Price@dtaa.com,,Grady.Jordan.Duran@dtaa.com,34408,2,
06/25/2010 17:19:52,GJD0298,PC-1783,Colorado.Joel.Merrill@dtaa.com;Ann_A_Frank@northropgrumman.com,,,Grady.Jordan.Duran@dtaa.com,20066,0,
06/28/2010 16:06:26,GJD0298,PC-1783,Hakeem.Stephen.Peck@dtaa.com;Teegan.Jillian.Burris@dtaa.com,,,Grady.Jordan.Duran@dtaa.com,37091,0,
06/30/2010 14:12:39,GJD0298,PC-1783,Talon.I.Ware@comcast.net;Tanya-Brown@msn.com,Brennan-Flynn@yahoo.com;Piper-Fuentes@yahoo.com,,Duran-Grady@verizon.net,30291,5,
07/01/2010 16:08:27,GJD0298,PC-1783,SGB58@hotmail.com,,,Duran-Grady@verizon.net,28941,0,
07/02/2010 09:09:05,GJD0298,PC-1783,Nevada.Leilani.Ortega@dtaa.com,,,Grady.Jordan.Duran@dtaa.com,22818,0,
07/06/2010 14:49:57,GJD0298,PC-1783,Beck.John.Peters@dtaa.com;RSC2553@harris.com,,,Grady.Jordan.Duran@dtaa.com,30666,0,
07/07/2010 17:13:52,GJD0298,PC-1783,Philip.Nathan.Logan@dtaa.com;Beck.John.Peters@dtaa.com;Uma_Morse@boeing.com,Irene.Jemima.Meyers@dtaa.com,,Grady.Jordan.Duran@dtaa.com,23351,1,
07/08/2010 18:05:13,GJD0298,PC-1783,Grant.Camden.Gay@dtaa.com;Talon.Ian.Ware@dtaa.com;Sasha.Britanney.Quinn@dtaa.com;Elizabeth_P_Castillo@boeing.com,Piper.Sasha.Fuentes@dtaa.com,,Grady.Jordan.Duran@dtaa.com,29871,3,
07/09/2010 17:53:54,GJD0298,PC-1783,Cyrus.Connor.Atkinson@dtaa.com,,,Grady.Jordan.Duran@dtaa.com,29997,0,
07/12/2010 10:52:36,GJD0298,PC-1783,Jane.Justina.Hunt@dtaa.com,,,Grady.Jordan.Duran@dtaa.com,23039,0,
07/13/2010 16:22:40,GJD0298,PC-1783,Talon.I.Ware@comcast.net,,,Duran-Grady@verizon.net,44088,0,
07/14/2010 17:50:27,GJD0298,PC-1783,Timothy.Arthur.Carroll@dtaa.com,,,Grady.Jordan.Duran@dtaa.com,19100,0,
07/15/2010 10:35:23,GJD0298,PC-1783,Timothy.Arthur.Carroll@dtaa.com,,,Grady.Jordan.Duran@dtaa.com,34791,0,
07/16/2010 09:13:33,GJD0298,PC-1783,Piper.Sasha.Fuentes@dtaa.com,,,Grady.Jordan.Duran@dtaa.com,30161,0,
07/19/2010 13:56:01,GJD0298,PC-1783,Philip.Nathan.Logan@dtaa.com,,,Grady.Jordan.Duran@dtaa.com,36521,0,
07/20/2010 16:20:47,GJD0298,PC-1783,JCR6477@charter.net;Zena_Langley@yahoo.com;Carroll-Timothy@comcast.net;Talon.I.Ware@comcast.net,Noel_Foster@netzero.com,,Duran-Grady@verizon.net,29649,0,
07/21/2010 16:12:43,GJD0298,PC-1783,Genevieve_Head@bellsouth.net,,,Duran-Grady@verizon.net,33555,0,
07/22/2010 13:51:19,GJD0298,PC-1783,Merrill-Colorado@gmail.com,,,Duran-Grady@verizon.net,29215,0,
07/23/2010 14:15:34,GJD0298,PC-1783,NTM245@northropgrumman.com,,,Grady.Jordan.Duran@dtaa.com,27826,0,
07/26/2010 13:08:45,GJD0298,PC-1783,Talon.Ian.Ware@dtaa.com;Irene.Jemima.Meyers@dtaa.com;Aaron.Porter.Gutierrez@dtaa.com;Brown-Tanya@hp.com,,,Grady.Jordan.Duran@dtaa.com,39656,6,
07/27/2010 17:49:56,GJD0298,PC-1783,Colorado.Joel.Merrill@dtaa.com,,,Grady.Jordan.Duran@dtaa.com,49148,0,
07/28/2010 12:25:18,GJD0298,PC-1783,Idola.Carly.Haley@dtaa.com,,,Grady.Jordan.Duran@dtaa.com,40043,0,
07/29/2010 14:28:11,GJD0298,PC-1783,Colorado.Joel.Merrill@dtaa.com,,,Grady.Jordan.Duran@dtaa.com,20139,0,
07/30/2010 13:12:39,GJD0298,PC-1783,SGB58@hotmail.com,,,Duran-Grady@verizon.net,16676,0,
08/02/2010 11:22:33,GJD0298,PC-1783,Chiquita.Linda.Stokes@dtaa.com;Flynn.Edward.Brennan@dtaa.com,Piper.Sasha.Fuentes@dtaa.com,,Grady.Jordan.Duran@dtaa.com,29427,0,
08/03/2010 13:55:56,GJD0298,PC-1783,Jane.J.Hunt@msn.com,,,Duran-Grady@verizon.net,34675,0,
08/04/2010 09:47:18,GJD0298,PC-1783,Piper-Fuentes@yahoo.com,,,Duran-Grady@verizon.net,22353,3,
08/05/2010 10:22:41,GJD0298,PC-1783,Shaeleigh.MacKenzie.Harris@dtaa.com,,,Grady.Jordan.Duran@dtaa.com,29746,0,
08/06/2010 17:57:42,GJD0298,PC-1783,JCR6477@charter.net;Joel.K.Mccarty@earthlink.net;Brennan-Flynn@yahoo.com,,,Duran-Grady@verizon.net,25138,1,
08/09/2010 16:58:51,GJD0298,PC-1783,Kirk.Jakeem.Joyce@dtaa.com,,,Grady.Jordan.Duran@dtaa.com,24135,0,
08/10/2010 13:30:42,GJD0298,PC-1783,Albert.Mohammad.Joseph@dtaa.com,,,Grady.Jordan.Duran@dtaa.com,31460,0,
08/11/2010 11:16:33,GJD0298,PC-1783,Scott.Gary.Burks@dtaa.com,,,Grady.Jordan.Duran@dtaa.com,22664,0,
08/12/2010 16:34:15,GJD0298,PC-1783,Teegan-Burris@verizon.net,,,Duran-Grady@verizon.net,22502,2,
08/13/2010 09:03:09,GJD0298,PC-1783,Whitehead_Sharon@bellsouth.net;Browning-Kasper@bellsouth.net,,,Duran-Grady@verizon.net,28281,0,
08/16/2010 13:36:28,GJD0298,PC-1783,Shaeleigh.MacKenzie.Harris@dtaa.com;Heather_Jenkins@raytheon.com,Timothy.Arthur.Carroll@dtaa.com,,Grady.Jordan.Duran@dtaa.com,33607,2,
08/17/2010 09:07:12,GJD0298,PC-1783,Albert-Joseph@yahoo.com,,,Duran-Grady@verizon.net,40239,0,
08/18/2010 12:15:02,GJD0298,PC-1783,Flynn.Edward.Brennan@dtaa.com;August.Armando.Evans@dtaa.com;Shaeleigh.MacKenzie.Harris@dtaa.com;Noble.Clinton.Klein@dtaa.com,,,Grady.Jordan.Duran@dtaa.com,15035,1,
08/19/2010 16:52:04,GJD0298,PC-1783,Hakeem.Stephen.Peck@dtaa.com,,,Grady.Jordan.Duran@dtaa.com,55714,0,
08/20/2010 13:09:21,GJD0298,PC-1783,BJP81@msn.com;JCR6477@charter.net,Joel.K.Mccarty@earthlink.net,,Duran-Grady@verizon.net,35479,2,
08/23/2010 10:47:01,GJD0298,PC-1783,Elaine_Hughes@aol.com;BJP81@msn.com;Chiquita.L.Stokes@juno.com,,,Duran-Grady@verizon.net,18034,2,
08/24/2010 17:38:14,GJD0298,PC-1783,Albert-Joseph@yahoo.com,,,Duran-Grady@verizon.net,77901,0,
08/25/2010 13:49:37,GJD0298,PC-1783,Hakeem.Stephen.Peck@dtaa.com;Zena.Sigourney.Langley@dtaa.com,Chiquita.Linda.Stokes@dtaa.com,,Grady.Jordan.Duran@dtaa.com,32533,3,
08/26/2010 09:39:24,GJD0298,PC-1783,Idola.Carly.Haley@dtaa.com,,,Grady.Jordan.Duran@dtaa.com,29026,0,
08/27/2010 11:02:03,GJD0298,PC-1783,Gutierrez-Aaron@optonline.net,,,Duran-Grady@verizon.net,30713,0,
08/30/2010 17:55:47,GJD0298,PC-1783,Jane.Justina.Hunt@dtaa.com,,,Grady.Jordan.Duran@dtaa.com,16289,0,
08/31/2010 12:44:39,GJD0298,PC-1783,Shaeleigh.MacKenzie.Harris@dtaa.com,,,Grady.Jordan.Duran@dtaa.com,39038,0,
09/01/2010 16:38:46,GJD0298,PC-1783,Shannon.Chantale.Price@dtaa.com,,,Grady.Jordan.Duran@dtaa.com,24143,0,
09/02/2010 13:01:42,GJD0298,PC-1783,THD99@netzero.com,,,Duran-Grady@verizon.net,15191,0,
09/03/2010 17:37:22,GJD0298,PC-1783,Cailin.Casey.Mckee@dtaa.com,,,Grady.Jordan.Duran@dtaa.com,20040,0,
09/07/2010 17:16:26,GJD0298,PC-1783,Scott.Gary.Burks@dtaa.com,,,Grady.Jordan.Duran@dtaa.com,34170,3,
09/08/2010 09:32:06,GJD0298,PC-1783,Flynn.Edward.Brennan@dtaa.com,Jena.Chanda.Rollins@dtaa.com,,Grady.Jordan.Duran@dtaa.com,42513,0,
09/09/2010 17:10:44,GJD0298,PC-1783,Aurora.Jael.Hopkins@dtaa.com;Geoffrey.Harlan.Lara@dtaa.com,Genevieve.Hyacinth.Head@dtaa.com,,Grady.Jordan.Duran@dtaa.com,34138,2,
09/10/2010 16:24:50,GJD0298,PC-1783,Shaeleigh_M_Harris@comcast.net,,,Duran-Grady@verizon.net,24600,0,
09/13/2010 16:44:59,GJD0298,PC-1783,NAM3@lockheedmartin.com,,,Grady.Jordan.Duran@dtaa.com,42442,0,
09/14/2010 11:22:23,GJD0298,PC-1783,Scott.Gary.Burks@dtaa.com,,,Grady.Jordan.Duran@dtaa.com,30020,0,
09/15/2010 12:56:18,GJD0298,PC-1783,Talon.I.Ware@comcast.net;Carter-Kyla@verizon.net,,,Duran-Grady@verizon.net,86540,1,
09/16/2010 09:11:17,GJD0298,PC-1783,Jane.Justina.Hunt@dtaa.com;Cailin.Casey.Mckee@dtaa.com;Kevyn.Quin.Charles@dtaa.com;Flynn.Edward.Brennan@dtaa.com,,,Grady.Jordan.Duran@dtaa.com,23847,1,
09/17/2010 17:31:44,GJD0298,PC-1783,Jane.J.Hunt@msn.com;Brennan-Flynn@yahoo.com;Noel_Foster@netzero.com;Benson-Keegan@juno.com,,,Duran-Grady@verizon.net,23332,0,
09/20/2010 12:53:03,GJD0298,PC-1783,HSP9@cox.net,,,Duran-Grady@verizon.net,26489,0,
09/21/2010 14:40:32,GJD0298,PC-1783,Zena.Sigourney.Langley@dtaa.com,,,Grady.Jordan.Duran@dtaa.com,37380,0,
09/22/2010 12:22:44,GJD0298,PC-1783,Piper.Sasha.Fuentes@dtaa.com;Long_Nicholas@raytheon.com,Cailin.Casey.Mckee@dtaa.com,,Grady.Jordan.Duran@dtaa.com,30208,4,
09/23/2010 13:58:35,GJD0298,PC-1783,HSP9@cox.net,SGB58@hotmail.com,,Duran-Grady@verizon.net,27411,0,
09/24/2010 14:00:39,GJD0298,PC-1783,Fischer-Candice@netzero.com,,,Duran-Grady@verizon.net,55735,0,
09/27/2010 12:12:00,GJD0298,PC-1783,Uma_Morse@sbcglobal.net,,,Duran-Grady@verizon.net,30828,0,
09/28/2010 16:58:37,GJD0298,PC-1783,Irene.Jemima.Meyers@dtaa.com,,,Grady.Jordan.Duran@dtaa.com,43846,0,
09/29/2010 10:02:08,GJD0298,PC-1783,Nevada-Ortega@comcast.net,,,Duran-Grady@verizon.net,26804,0,
09/30/2010 14:41:50,GJD0298,PC-1783,SGB58@hotmail.com;HSP9@cox.net,,,Duran-Grady@verizon.net,30228,2,
10/01/2010 14:17:48,GJD0298,PC-1783,Aaron.Porter.Gutierrez@dtaa.com;Shannon.Chantale.Price@dtaa.com,Ezra.Hilel.Dyer@dtaa.com;Nevada.Leilani.Ortega@dtaa.com,,Grady.Jordan.Duran@dtaa.com,24530,1,
10/04/2010 17:36:56,GJD0298,PC-1783,Idola.Carly.Haley@dtaa.com,Beck.John.Peters@dtaa.com;Jane.Justina.Hunt@dtaa.com,,Grady.Jordan.Duran@dtaa.com,33431,1,
10/05/2010 14:48:31,GJD0298,PC-1783,Noel_Foster@netzero.com;Shannon_Price@juno.com;Shaeleigh_M_Harris@comcast.net,,,Duran-Grady@verizon.net,23008,8,
10/06/2010 16:25:28,GJD0298,PC-1783,Noel.Reagan.Foster@dtaa.com,,,Grady.Jordan.Duran@dtaa.com,31355,0,
10/07/2010 14:18:40,GJD0298,PC-1783,Shaeleigh.MacKenzie.Harris@dtaa.com;Ivory.Leandra.Rogers@dtaa.com;Kirk.Jakeem.Joyce@dtaa.com,,,Grady.Jordan.Duran@dtaa.com,19988,4,
10/08/2010 12:31:15,GJD0298,PC-1783,Genevieve.Hyacinth.Head@dtaa.com,,,Grady.Jordan.Duran@dtaa.com,29024,0,
10/11/2010 11:05:20,GJD0298,PC-1783,Timothy.Arthur.Carroll@dtaa.com;Hinton-Charles@raytheon.com,,,Grady.Jordan.Duran@dtaa.com,24539,1,
10/12/2010 12:47:13,GJD0298,PC-1783,Kirk.Jakeem.Joyce@dtaa.com,,,Grady.Jordan.Duran@dtaa.com,26730,0,
10/13/2010 17:21:01,GJD0298,PC-1783,Irene.Jemima.Meyers@dtaa.com,,,Grady.Jordan.Duran@dtaa.com,16442,0,
10/14/2010 11:41:05,GJD0298,PC-1783,Ivory.Leandra.Rogers@dtaa.com,,,Grady.Jordan.Duran@dtaa.com,28075,0,
10/15/2010 17:24:19,GJD0298,PC-1783,Albert.Mohammad.Joseph@dtaa.com,,,Grady.Jordan.Duran@dtaa.com,26050,0,
10/18/2010 17:40:28,GJD0298,PC-1783,Brennan-Flynn@yahoo.com;Merrill-Colorado@gmail.com;Genevieve_Head@bellsouth.net,,,Duran-Grady@verizon.net,30272,0,
10/19/2010 14:07:04,GJD0298,PC-1783,Hickman.Kevin@optonline.net,,,Duran-Grady@verizon.net,24483,0,
10/20/2010 10:10:56,GJD0298,PC-1783,Scott.Gary.Burks@dtaa.com,Jena.Chanda.Rollins@dtaa.com;Flynn.Edward.Brennan@dtaa.com,,Grady.Jordan.Duran@dtaa.com,27478,1,
10/21/2010 14:39:29,GJD0298,PC-1783,Kermit.Jonas.Gould@dtaa.com;Cailin.Casey.Mckee@dtaa.com;Browning-Kasper@harris.com,Aaron.Porter.Gutierrez@dtaa.com;Ivory.Leandra.Rogers@dtaa.com,,Grady.Jordan.Duran@dtaa.com,38654,1,
10/22/2010 14:46:44,GJD0298,PC-1783,Irene_Meyers@juno.com;HSP9@cox.net,Zena_Langley@yahoo.com,,Duran-Grady@verizon.net,37639,1,
10/25/2010 11:57:36,GJD0298,PC-1783,Hakeem.Stephen.Peck@dtaa.com;Shaeleigh.MacKenzie.Harris@dtaa.com;Allegra.Bree.Coffey@dtaa.com;Albert.Mohammad.Joseph@dtaa.com,Cailin.Casey.Mckee@dtaa.com,,Grady.Jordan.Duran@dtaa.com,36360,0,
10/26/2010 10:58:01,GJD0298,PC-1783,Yasir_Browning@cox.net,,,Duran-Grady@verizon.net,16008,0,
10/27/2010 16:41:37,GJD0298,PC-1783,Shaeleigh_M_Harris@comcast.net,,,Duran-Grady@verizon.net,15862,0,
10/28/2010 09:11:12,GJD0298,PC-1783,Kirk.Jakeem.Joyce@dtaa.com;Zena.Sigourney.Langley@dtaa.com,,,Grady.Jordan.Duran@dtaa.com,20886,0,
10/29/2010 15:45:38,GJD0298,PC-1783,Colorado.Joel.Merrill@dtaa.com;Flynn.Edward.Brennan@dtaa.com;Nevada.Leilani.Ortega@dtaa.com,Scott.Gary.Burks@dtaa.com,,Grady.Jordan.Duran@dtaa.com,67221,1,
11/01/2010 12:12:22,GJD0298,PC-1783,Cailin-Mckee@bellsouth.net;JCR6477@charter.net,Teegan-Burris@verizon.net,,Duran-Grady@verizon.net,58341,3,
11/02/2010 14:03:55,GJD0298,PC-1783,Genevieve.Hyacinth.Head@dtaa.com;Cailin.Casey.Mckee@dtaa.com,,,Grady.Jordan.Duran@dtaa.com,31438,0,
11/03/2010 10:37:34,GJD0298,PC-1783,Tanya-Brown@msn.com,,,Duran-Grady@verizon.net,54456,0,
11/04/2010 11:11:15,GJD0298,PC-1783,HSP9@cox.net;Merrill-Colorado@gmail.com;Noel_Foster@netzero.com,,,Duran-Grady@verizon.net,19479,2,
11/05/2010 16:35:19,GJD0298,PC-1783,Jane.Justina.Hunt@dtaa.com,,,Grady.Jordan.Duran@dtaa.com,33663,0,
11/08/2010 13:56:59,GJD0298,PC-1783,Chiquita.L.Stokes@juno.com,,,Duran-Grady@verizon.net,32699,0,
11/09/2010 11:54:02,GJD0298,PC-1783,Ivory_L_Rogers@aol.com,,,Duran-Grady@verizon.net,19398,0,
11/10/2010 09:57:37,GJD0298,PC-1783,Joel.K.Mccarty@earthlink.net;Carroll-Timothy@comcast.net,IUY598@yahoo.com;Jane.J.Hunt@msn.com,,Duran-Grady@verizon.net,55643,1,
11/11/2010 15:21:02,GJD0298,PC-1783,Hickman.Kevin@optonline.net,,,Duran-Grady@verizon.net,34109,0,
11/12/2010 15:54:06,GJD0298,PC-1783,Idola.Carly.Haley@dtaa.com;Brown-Tanya@hp.com;Browning_Yasir@raytheon.com,,,Grady.Jordan.Duran@dtaa.com,26144,4,
11/15/2010 13:38:56,GJD0298,PC-1783,Idola.Carly.Haley@dtaa.com;RSC2553@harris.com,,,Grady.Jordan.Duran@dtaa.com,37240,1,
11/16/2010 13:44:32,GJD0298,PC-1783,Teegan-Burris@verizon.net;JCR6477@charter.net;Jane.J.Hunt@msn.com;NCK51@juno.com,Irene_Meyers@juno.com,,Duran-Grady@verizon.net,37589,1,
11/17/2010 11:18:26,GJD0298,PC-1783,Jane.Justina.Hunt@dtaa.com,,,Grady.Jordan.Duran@dtaa.com,21770,0,
11/18/2010 09:04:24,GJD0298,PC-1783,Genevieve_Head@bellsouth.net;Kirk_Joyce@msn.com,Hickman.Kevin@optonline.net,,Duran-Grady@verizon.net,30202,1,
11/19/2010 09:47:20,GJD0298,PC-1783,Irene.Jemima.Meyers@dtaa.com;Kirk.Jakeem.Joyce@dtaa.com;Idola.Carly.Haley@dtaa.com;Colorado.Joel.Merrill@dtaa.com,,,Grady.Jordan.Duran@dtaa.com,36968,1,
11/22/2010 15:21:22,GJD0298,PC-1783,Cailin.Casey.Mckee@dtaa.com,Althea.Ina.Palmer@dtaa.com,,Grady.Jordan.Duran@dtaa.com,26712,1,
11/23/2010 14:20:18,GJD0298,PC-1783,SGB58@hotmail.com,,,Duran-Grady@verizon.net,45903,0,
11/24/2010 14:07:16,GJD0298,PC-1783,Brent.Laith.Beck@dtaa.com,,,Grady.Jordan.Duran@dtaa.com,36794,1,
11/29/2010 16:09:42,GJD0298,PC-1783,Ivory.Leandra.Rogers@dtaa.com;Scott.Gary.Burks@dtaa.com,Flynn.Edward.Brennan@dtaa.com,,Grady.Jordan.Duran@dtaa.com,33038,2,
11/30/2010 14:06:21,GJD0298,PC-1783,Ivory.Leandra.Rogers@dtaa.com;Flynn.Edward.Brennan@dtaa.com;Kirk.Jakeem.Joyce@dtaa.com,,,Grady.Jordan.Duran@dtaa.com,36228,2,
12/01/2010 11:06:55,GJD0298,PC-1783,Nevada-Ortega@comcast.net,,,Duran-Grady@verizon.net,26374,0,
12/02/2010 15:13:29,GJD0298,PC-1783,Idola.Carly.Haley@dtaa.com,,,Grady.Jordan.Duran@dtaa.com,36484,0,
12/03/2010 15:16:59,GJD0298,PC-1783,Shannon.Chantale.Price@dtaa.com,,,Grady.Jordan.Duran@dtaa.com,32844,0,
12/06/2010 14:08:48,GJD0298,PC-1783,Noel_Foster@netzero.com,HSP9@cox.net,,Duran-Grady@verizon.net,30957,2,
12/07/2010 17:43:56,GJD0298,PC-1783,Elaine.Sonya.Hughes@dtaa.com,Joel.Kennan.Mccarty@dtaa.com,,Grady.Jordan.Duran@dtaa.com,32671,2,
12/08/2010 09:25:07,GJD0298,PC-1783,Flynn.Edward.Brennan@dtaa.com;Brown-Tanya@hp.com,Joel.Kennan.Mccarty@dtaa.com,,Grady.Jordan.Duran@dtaa.com,32972,1,
12/09/2010 12:02:40,GJD0298,PC-1783,Chiquita.L.Stokes@juno.com,,,Duran-Grady@verizon.net,27322,0,
12/10/2010 10:13:55,GJD0298,PC-1783,Joel.K.Mccarty@earthlink.net;BJP81@msn.com,,,Duran-Grady@verizon.net,29411,5,
12/13/2010 17:54:28,GJD0298,PC-1783,Talon.Ian.Ware@dtaa.com,,,Grady.Jordan.Duran@dtaa.com,40606,2,
12/14/2010 17:04:17,GJD0298,PC-1783,SGB58@hotmail.com,,,Duran-Grady@verizon.net,43323,0,
12/15/2010 10:01:05,GJD0298,PC-1783,Scott.Gary.Burks@dtaa.com,,,Grady.Jordan.Duran@dtaa.com,19963,3,
12/16/2010 13:35:18,GJD0298,PC-1783,Shannon.Chantale.Price@dtaa.com;Timothy.Arthur.Carroll@dtaa.com;Chiquita.Linda.Stokes@dtaa.com,,,Grady.Jordan.Duran@dtaa.com,33649,2,
12/17/2010 11:35:45,GJD0298,PC-1783,Shannon_Price@juno.com,,,Duran-Grady@verizon.net,29404,0,
12/20/2010 09:23:28,GJD0298,PC-1783,Shannon.Chantale.Price@dtaa.com,,,Grady.Jordan.Duran@dtaa.com,30736,0,
12/21/2010 11:58:20,GJD0298,PC-1783,WKD6365@netzero.com,,,Duran-Grady@verizon.net,42888,0,
12/22/2010 15:21:49,GJD0298,PC-1783,Noel.Reagan.Foster@dtaa.com;Idola.Carly.Haley@dtaa.com,Aaron.Porter.Gutierrez@dtaa.com;Jane.Justina.Hunt@dtaa.com;Beck.John.Peters@dtaa.com,,Grady.Jordan.Duran@dtaa.com,22941,2,
12/27/2010 10:55:47,GJD0298,PC-1783,Nevada-Ortega@comcast.net;Gutierrez-Aaron@optonline.net;Brennan-Flynn@yahoo.com,,,Duran-Grady@verizon.net,41251,0,
12/28/2010 14:57:42,GJD0298,PC-1783,Idola_Haley@yahoo.com,Shannon_Price@juno.com,,Duran-Grady@verizon.net,18038,0,
12/29/2010 10:26:17,GJD0298,PC-1783,Timothy.Arthur.Carroll@dtaa.com,,,Grady.Jordan.Duran@dtaa.com,16145,0,
12/30/2010 09:28:19,GJD0298,PC-1783,BJP81@msn.com;NCK51@juno.com;Gutierrez-Aaron@optonline.net;Noel_Foster@netzero.com,,,Duran-Grady@verizon.net,16753,1,
01/03/2011 15:43:35,GJD0298,PC-1783,Idola_Haley@yahoo.com,,,Duran-Grady@verizon.net,53821,0,
01/04/2011 12:54:04,GJD0298,PC-1783,Nevada-Ortega@comcast.net,,,Duran-Grady@verizon.net,36174,0,
01/05/2011 09:20:20,GJD0298,PC-1783,Beck.John.Peters@dtaa.com;Chiquita.Linda.Stokes@dtaa.com;Uma_Morse@boeing.com,Cailin.Casey.Mckee@dtaa.com;Ivory.Leandra.Rogers@dtaa.com,,Grady.Jordan.Duran@dtaa.com,40979,0,
01/06/2011 09:31:43,GJD0298,PC-1783,Chiquita.L.Stokes@juno.com,,,Duran-Grady@verizon.net,22941,0,
01/07/2011 13:52:07,GJD0298,PC-1783,JCC324@optonline.net,,,Duran-Grady@verizon.net,35526,0,
01/10/2011 10:14:27,GJD0298,PC-1783,Genevieve.Hyacinth.Head@dtaa.com,,,Grady.Jordan.Duran@dtaa.com,28114,0,
01/11/2011 11:51:11,GJD0298,PC-1783,Shannon_Price@juno.com;Stephanie.J.Roman@sbcglobal.net,Albert-Joseph@yahoo.com,,Duran-Grady@verizon.net,21952,1,
01/12/2011 12:21:34,GJD0298,PC-1783,Lindsay-Gil@msn.com,,,Duran-Grady@verizon.net,45445,0,
01/13/2011 14:04:42,GJD0298,PC-1783,Jane.Justina.Hunt@dtaa.com,,,Grady.Jordan.Duran@dtaa.com,20691,0,
01/14/2011 12:01:24,GJD0298,PC-1783,Irene.Jemima.Meyers@dtaa.com,,,Grady.Jordan.Duran@dtaa.com,31019,0,
01/17/2011 17:18:40,GJD0298,PC-1783,Genevieve_Head@bellsouth.net;Kirk_Joyce@msn.com;RSC4143@earthlink.net,,,Duran-Grady@verizon.net,20353,3,
01/18/2011 10:31:27,GJD0298,PC-1783,Tanya-Brown@msn.com,,,Duran-Grady@verizon.net,18937,0,
01/19/2011 09:54:05,GJD0298,PC-1783,Noel_Foster@netzero.com,,,Duran-Grady@verizon.net,58620,2,
01/20/2011 09:33:12,GJD0298,PC-1783,NCK51@juno.com;Carroll-Timothy@comcast.net,,,Duran-Grady@verizon.net,33891,1,
01/21/2011 17:52:08,GJD0298,PC-1783,Zena_Langley@yahoo.com,,,Duran-Grady@verizon.net,35180,0,
01/24/2011 11:54:20,GJD0298,PC-1783,Aaron.Porter.Gutierrez@dtaa.com;DHH71@hp.com,,,Grady.Jordan.Duran@dtaa.com,31433,0,
01/25/2011 13:01:02,GJD0298,PC-1783,Timothy.Arthur.Carroll@dtaa.com,,,Grady.Jordan.Duran@dtaa.com,20801,0,
01/26/2011 13:24:20,GJD0298,PC-1783,Rogan_Alexander@juno.com;Shannon_Price@juno.com;Pugh_Daquan@yahoo.com,SGB58@hotmail.com,,Duran-Grady@verizon.net,14372,0,
01/27/2011 17:49:23,GJD0298,PC-1783,Irene_Meyers@juno.com,,,Duran-Grady@verizon.net,17962,3,
01/28/2011 17:15:35,GJD0298,PC-1783,Shannon_Price@juno.com,,,Duran-Grady@verizon.net,17916,0,
01/31/2011 16:08:45,GJD0298,PC-1783,Madonna.Kristen.Love@dtaa.com;Jena.Chanda.Rollins@dtaa.com,,,Grady.Jordan.Duran@dtaa.com,56314,0,
02/01/2011 09:01:22,GJD0298,PC-1783,Aaron.Porter.Gutierrez@dtaa.com,,,Grady.Jordan.Duran@dtaa.com,36658,0,
02/02/2011 14:53:11,GJD0298,PC-1783,Irene.Jemima.Meyers@dtaa.com;Scott.Gary.Burks@dtaa.com;Jorden_Carney@lockheedmartin.com,,,Grady.Jordan.Duran@dtaa.com,29900,2,
02/03/2011 17:26:34,GJD0298,PC-1783,Chiquita.L.Stokes@juno.com;Nevada-Ortega@comcast.net;Elaine_Hughes@aol.com,Odette_M_Medina@optonline.net,,Duran-Grady@verizon.net,24519,0,
02/04/2011 11:13:33,GJD0298,PC-1783,Beck.John.Peters@dtaa.com;Hakeem.Stephen.Peck@dtaa.com;Timothy.Arthur.Carroll@dtaa.com,,,Grady.Jordan.Duran@dtaa.com,32413,0,
02/07/2011 15:15:13,GJD0298,PC-1783,Idola_Haley@yahoo.com,,,Duran-Grady@verizon.net,17991,2,
02/08/2011 13:48:53,GJD0298,PC-1783,BJP81@msn.com;Elaine_Hughes@aol.com,,,Duran-Grady@verizon.net,26650,3,
02/09/2011 10:13:42,GJD0298,PC-1783,Noel_Foster@netzero.com;UPS9897@msn.com,Jane.J.Hunt@msn.com,,Duran-Grady@verizon.net,16209,1,
02/10/2011 15:50:05,GJD0298,PC-1783,Merrill-Colorado@gmail.com;BJP81@msn.com;Jorden_Carney@sbcglobal.net,,,Duran-Grady@verizon.net,29097,0,
02/14/2011 10:58:42,GJD0298,PC-1783,Kathleen.A.Chan@sbcglobal.net;DVW4717@aol.com,,,Duran-Grady@verizon.net,35217,2,
02/16/2011 11:00:53,GJD0298,PC-1783,Elaine_Hughes@aol.com,,,Duran-Grady@verizon.net,24083,0,
02/17/2011 12:34:13,GJD0298,PC-1783,Irene.Jemima.Meyers@dtaa.com,Hinton-Charles@raytheon.com,,Grady.Jordan.Duran@dtaa.com,23679,3,
02/18/2011 11:00:40,GJD0298,PC-1783,Fay.Ingrid.Rodriquez@dtaa.com,Albert.Mohammad.Joseph@dtaa.com;Noble.Clinton.Klein@dtaa.com,,Grady.Jordan.Duran@dtaa.com,26270,1,
02/21/2011 13:16:50,GJD0298,PC-1783,BNS2595@msn.com,,,Duran-Grady@verizon.net,25601,0,
02/22/2011 09:28:30,GJD0298,PC-1783,Shannon_Price@juno.com,Carroll-Timothy@comcast.net;Brennan-Flynn@yahoo.com;Albert-Joseph@yahoo.com;Idola_Haley@yahoo.com,,Duran-Grady@verizon.net,32427,0,
02/23/2011 16:48:26,GJD0298,PC-1783,Carroll-Timothy@comcast.net,,,Duran-Grady@verizon.net,27553,0,
02/24/2011 15:39:48,GJD0298,PC-1783,Yasir_Browning@cox.net,,,Duran-Grady@verizon.net,31399,0,
02/25/2011 09:33:48,GJD0298,PC-1783,Carroll-Timothy@comcast.net,,,Duran-Grady@verizon.net,42127,7,
02/28/2011 09:27:12,GJD0298,PC-1783,Colorado.Joel.Merrill@dtaa.com,,,Grady.Jordan.Duran@dtaa.com,31852,2,
03/01/2011 16:50:39,GJD0298,PC-1783,BNS2595@msn.com;Yasir_Browning@cox.net,,,Duran-Grady@verizon.net,33186,0,
03/02/2011 15:41:08,GJD0298,PC-1783,Hakeem.Stephen.Peck@dtaa.com,,,Grady.Jordan.Duran@dtaa.com,19862,1,
03/03/2011 16:46:48,GJD0298,PC-1783,RSC4143@earthlink.net,,,Duran-Grady@verizon.net,29840,0,
03/04/2011 12:23:30,GJD0298,PC-1783,Shaeleigh.MacKenzie.Harris@dtaa.com;Chiquita.Linda.Stokes@dtaa.com;Noel.Reagan.Foster@dtaa.com;Kirk.Jakeem.Joyce@dtaa.com,,,Grady.Jordan.Duran@dtaa.com,24230,0,
03/07/2011 14:22:52,GJD0298,PC-1783,NCK51@juno.com,,,Duran-Grady@verizon.net,20064,0,
03/08/2011 09:26:39,GJD0298,PC-1783,Talon.I.Ware@comcast.net,,,Duran-Grady@verizon.net,26968,0,
03/09/2011 13:11:35,GJD0298,PC-1783,Chiquita.Linda.Stokes@dtaa.com,Damian.Omar.Le@dtaa.com,,Grady.Jordan.Duran@dtaa.com,23781,0,
03/10/2011 16:44:17,GJD0298,PC-1783,Flynn.Edward.Brennan@dtaa.com;Irene.Jemima.Meyers@dtaa.com;Jane.Justina.Hunt@dtaa.com,,,Grady.Jordan.Duran@dtaa.com,30523,1,
03/11/2011 13:17:35,GJD0298,PC-1783,Talon.I.Ware@comcast.net,,,Duran-Grady@verizon.net,20928,0,
03/14/2011 12:02:35,GJD0298,PC-1783,Flynn.Edward.Brennan@dtaa.com,,,Grady.Jordan.Duran@dtaa.com,35163,0,
03/15/2011 09:30:27,GJD0298,PC-1783,Hakeem.Stephen.Peck@dtaa.com;Ivory.Leandra.Rogers@dtaa.com;Idola.Carly.Haley@dtaa.com;Ann_A_Frank@northropgrumman.com,Albert.Mohammad.Joseph@dtaa.com,,Grady.Jordan.Duran@dtaa.com,26906,0,
03/16/2011 14:11:55,GJD0298,PC-1783,Nevada-Ortega@comcast.net;Shaeleigh_M_Harris@comcast.net,,,Duran-Grady@verizon.net,26457,0,
03/17/2011 17:45:23,GJD0298,PC-1783,Idola.Carly.Haley@dtaa.com,,,Grady.Jordan.Duran@dtaa.com,29468,0,
03/18/2011 13:19:15,GJD0298,PC-1783,Joel.K.Mccarty@earthlink.net;BJP81@msn.com;BNS2595@msn.com,,,Duran-Grady@verizon.net,37259,1,
03/21/2011 09:42:36,GJD0298,PC-1783,Jane.Justina.Hunt@dtaa.com,,,Grady.Jordan.Duran@dtaa.com,32788,0,
03/22/2011 14:43:19,GJD0298,PC-1783,Talon.Ian.Ware@dtaa.com;Joel.Kennan.Mccarty@dtaa.com;Uma_Morse@boeing.com;NTM245@northropgrumman.com,,,Grady.Jordan.Duran@dtaa.com,36632,1,
03/23/2011 13:49:22,GJD0298,PC-1783,Shannon_Price@juno.com,,,Duran-Grady@verizon.net,24154,3,
03/24/2011 17:09:31,GJD0298,PC-1783,Noel.Reagan.Foster@dtaa.com,,,Grady.Jordan.Duran@dtaa.com,56208,0,
03/25/2011 12:55:26,GJD0298,PC-1783,Aaron.Porter.Gutierrez@dtaa.com;Timothy.Arthur.Carroll@dtaa.com,,,Grady.Jordan.Duran@dtaa.com,44415,0,
03/28/2011 12:44:02,GJD0298,PC-1783,Jane.Justina.Hunt@dtaa.com,,,Grady.Jordan.Duran@dtaa.com,19431,0,
03/29/2011 14:29:18,GJD0298,PC-1783,Zena_Langley@yahoo.com,,,Duran-Grady@verizon.net,33054,0,
03/30/2011 10:24:17,GJD0298,PC-1783,TVS8228@aol.com,,,Duran-Grady@verizon.net,37176,0,
03/31/2011 15:11:15,GJD0298,PC-1783,Chiquita.L.Stokes@juno.com,AMV28@comcast.net,,Duran-Grady@verizon.net,33590,0,
04/01/2011 12:50:35,GJD0298,PC-1783,Kirk_Joyce@msn.com,,,Duran-Grady@verizon.net,24046,0,
04/04/2011 14:19:19,GJD0298,PC-1783,Talon.I.Ware@comcast.net,,,Duran-Grady@verizon.net,21872,4,
04/05/2011 13:52:34,GJD0298,PC-1783,ARM1@gmail.com,,,Duran-Grady@verizon.net,32511,0,
04/06/2011 14:51:15,GJD0298,PC-1783,Ivory.Leandra.Rogers@dtaa.com,,,Grady.Jordan.Duran@dtaa.com,34648,0,
04/07/2011 09:38:37,GJD0298,PC-1783,Fitzgerald.Len.Merrill@dtaa.com;Genevieve.Hyacinth.Head@dtaa.com;Shaeleigh.MacKenzie.Harris@dtaa.com,Timothy.Arthur.Carroll@dtaa.com,,Grady.Jordan.Duran@dtaa.com,38701,1,
04/08/2011 17:28:08,GJD0298,PC-1783,Albert.Mohammad.Joseph@dtaa.com,,,Grady.Jordan.Duran@dtaa.com,38085,0,
04/11/2011 17:56:31,GJD0298,PC-1783,Nevada-Ortega@comcast.net;SGB58@hotmail.com;JMK623@comcast.net,Jane.J.Hunt@msn.com,,Duran-Grady@verizon.net,30918,2,
04/12/2011 12:01:14,GJD0298,PC-1783,Noel_Foster@netzero.com;Uma_Morse@sbcglobal.net,Bond_Kelly@msn.com,,Duran-Grady@verizon.net,17228,3,
04/13/2011 09:39:07,GJD0298,PC-1783,Shaeleigh.MacKenzie.Harris@dtaa.com,,,Grady.Jordan.Duran@dtaa.com,39461,0,
04/14/2011 13:42:15,GJD0298,PC-1783,Albert.Mohammad.Joseph@dtaa.com,,,Grady.Jordan.Duran@dtaa.com,23694,0,
04/15/2011 14:19:53,GJD0298,PC-1783,SGB58@hotmail.com,,,Duran-Grady@verizon.net,28675,0,
04/18/2011 10:25:27,GJD0298,PC-1783,Noble.Clinton.Klein@dtaa.com;Shaeleigh.MacKenzie.Harris@dtaa.com,,,Grady.Jordan.Duran@dtaa.com,19715,0,
04/19/2011 17:19:29,GJD0298,PC-1783,Merrill-Colorado@gmail.com,,,Duran-Grady@verizon.net,32853,0,
04/20/2011 09:34:00,GJD0298,PC-1783,HSP9@cox.net,,,Duran-Grady@verizon.net,25652,0,
04/21/2011 11:13:25,GJD0298,PC-1783,Conley-Prescott@optonline.net;Kirk_Joyce@msn.com,,,Duran-Grady@verizon.net,27822,1,
04/25/2011 10:54:02,GJD0298,PC-1783,Irene.Jemima.Meyers@dtaa.com,,,Grady.Jordan.Duran@dtaa.com,45514,0,
04/26/2011 14:56:56,GJD0298,PC-1783,Zena_Langley@yahoo.com;Nevada-Ortega@comcast.net,,,Duran-Grady@verizon.net,12941,0,
04/27/2011 11:22:39,GJD0298,PC-1783,Zena_Langley@yahoo.com,,,Duran-Grady@verizon.net,17565,0,
04/28/2011 13:37:03,GJD0298,PC-1783,Joel.K.Mccarty@earthlink.net,,,Duran-Grady@verizon.net,46356,0,
04/29/2011 16:59:44,GJD0298,PC-1783,Idola.Carly.Haley@dtaa.com;Jena.Chanda.Rollins@dtaa.com;Shaeleigh.MacKenzie.Harris@dtaa.com;Shannon.Chantale.Price@dtaa.com,,,Grady.Jordan.Duran@dtaa.com,26277,1,
05/02/2011 17:24:25,GJD0298,PC-1783,Shannon.Chantale.Price@dtaa.com;Timothy.Arthur.Carroll@dtaa.com,,,Grady.Jordan.Duran@dtaa.com,16415,2,
05/03/2011 09:50:32,GJD0298,PC-1783,Ivory_L_Rogers@aol.com,,,Duran-Grady@verizon.net,52532,4,
05/04/2011 10:52:39,GJD0298,PC-1783,Shaeleigh_M_Harris@comcast.net;Zena_Langley@yahoo.com,,,Duran-Grady@verizon.net,28086,0,
05/05/2011 09:02:01,GJD0298,PC-1783,Felicia.Rhona.Butler@dtaa.com,,,Grady.Jordan.Duran@dtaa.com,28029,0,
05/06/2011 15:03:54,GJD0298,PC-1783,Chiquita.Linda.Stokes@dtaa.com,Talon.Ian.Ware@dtaa.com,,Grady.Jordan.Duran@dtaa.com,29738,0,
05/09/2011 17:32:14,GJD0298,PC-1783,Elaine.Sonya.Hughes@dtaa.com;Kirk.Jakeem.Joyce@dtaa.com;Talon.Ian.Ware@dtaa.com,Stephanie.J.Roman@northropgrumman.com,,Grady.Jordan.Duran@dtaa.com,33405,7,
05/10/2011 16:49:38,GJD0298,PC-1783,Brennan-Flynn@yahoo.com,Talon.I.Ware@comcast.net;Jane.J.Hunt@msn.com,,Duran-Grady@verizon.net,20002,1,
05/11/2011 15:11:17,GJD0298,PC-1783,Joel.Kennan.Mccarty@dtaa.com,,,Grady.Jordan.Duran@dtaa.com,36515,0,
05/12/2011 12:23:15,GJD0298,PC-1783,Idola.Carly.Haley@dtaa.com,,,Grady.Jordan.Duran@dtaa.com,24886,0,
05/13/2011 12:11:35,GJD0298,PC-1783,Nevada.Leilani.Ortega@dtaa.com,Medge.Liberty.Petersen@dtaa.com,,Grady.Jordan.Duran@dtaa.com,26890,9,
05/16/2011 16:47:56,GJD0298,PC-1783,Scott.Gary.Burks@dtaa.com,,,Grady.Jordan.Duran@dtaa.com,49402,0,
