01/04/2010 16:34:15,HKF0831,PC-6215,Malcolm.Sebastian.Garrison@dtaa.com;Peter.Tad.Hartman@dtaa.com;Christen.F.Cline@lockheedmartin.com,,,Hiroko.Kiona.Faulkner@dtaa.com,23809,2,
01/05/2010 15:19:33,HKF0831,PC-6215,Dominic-Hewitt@verizon.net,,,Hiroko_Faulkner@netzero.com,26220,0,
01/06/2010 11:40:49,HKF0831,PC-6215,Jaquelyn.Angelica.Jimenez@dtaa.com;Nehru.Cyrus.Everett@dtaa.com;Ella.Cassandra.Rivera@dtaa.com;Amelia.Rhoda.Burgess@dtaa.com,,,Hiroko.Kiona.Faulkner@dtaa.com,18565,1,
01/07/2010 14:44:58,HKF0831,PC-6215,Ariel.Murphy@comcast.net,,,Hiroko_Faulkner@netzero.com,18583,0,
01/08/2010 16:53:09,HKF0831,PC-6215,ECF727@juno.com,,,Hiroko_Faulkner@netzero.com,44415,0,
01/11/2010 19:39:21,HKF0831,PC-6215,Ariel.Bertha.Murphy@dtaa.com;Maryam.Nelle.Ruiz@dtaa.com;Claudia_Brady@raytheon.com,Dominic.Calvin.Hewitt@dtaa.com,,Hiroko.Kiona.Faulkner@dtaa.com,41101,1,
01/12/2010 09:36:01,HKF0831,PC-6215,Beck-Drew@earthlink.net,Atkins.Dane@gmail.com,,Hiroko_Faulkner@netzero.com,16097,0,
01/13/2010 16:19:20,HKF0831,PC-6215,Isadora.Blaine.Shepherd@dtaa.com,,,Hiroko.Kiona.Faulkner@dtaa.com,30880,0,
01/14/2010 08:42:09,HKF0831,PC-6215,Anne.Jane.Carey@dtaa.com;Forrest.Rashad.Richards@dtaa.com,Travis-Parks@northropgrumman.com,,Hiroko.Kiona.Faulkner@dtaa.com,40423,1,
01/15/2010 19:21:58,HKF0831,PC-6215,Chantale-S-Foley@hotmail.com,,,Hiroko_Faulkner@netzero.com,17410,0,
01/18/2010 18:40:26,HKF0831,PC-6215,Aladdin.Hu.Day@dtaa.com;William.Graham.Rowe@dtaa.com;Eugenia.Hannah.Blanchard@dtaa.com,Erasmus.Cameron.Franco@dtaa.com,,Hiroko.Kiona.Faulkner@dtaa.com,19038,1,
01/19/2010 17:41:27,HKF0831,PC-6215,Emmanuel.Lawrence.Briggs@dtaa.com,Ariel.Bertha.Murphy@dtaa.com,,Hiroko.Kiona.Faulkner@dtaa.com,17252,3,
01/20/2010 15:14:43,HKF0831,PC-6215,William.Graham.Rowe@dtaa.com,Nero.Uriel.Little@dtaa.com,,Hiroko.Kiona.Faulkner@dtaa.com,29752,0,
01/21/2010 10:03:53,HKF0831,PC-6215,Forrest.Rashad.Richards@dtaa.com,,,Hiroko.Kiona.Faulkner@dtaa.com,32080,0,
01/22/2010 16:07:36,HKF0831,PC-6215,Isadora.Blaine.Shepherd@dtaa.com;Malcolm.Sebastian.Garrison@dtaa.com,Bert.Jason.Henderson@dtaa.com;Eugenia.Hannah.Blanchard@dtaa.com,,Hiroko.Kiona.Faulkner@dtaa.com,16093,2,
01/25/2010 19:28:48,HKF0831,PC-6215,Aladdin.Hu.Day@dtaa.com;Aretha.Dorothy.Deleon@dtaa.com;Wesley.Dustin.Dickerson@dtaa.com,,,Hiroko.Kiona.Faulkner@dtaa.com,23758,1,
01/26/2010 17:44:36,HKF0831,PC-6215,Ariel.Murphy@comcast.net,,,Hiroko_Faulkner@netzero.com,34567,0,
01/27/2010 09:08:29,HKF0831,PC-6215,Eugenia.Hannah.Blanchard@dtaa.com;Forrest.Rashad.Richards@dtaa.com;Kirk.Jakeem.Joyce@dtaa.com;Maryam.Nelle.Ruiz@dtaa.com,,,Hiroko.Kiona.Faulkner@dtaa.com,39276,2,
01/28/2010 09:39:23,HKF0831,PC-6215,Jessica.Rachel.Freeman@dtaa.com;Ivor.Jelani.Robbins@dtaa.com;Axel.Donovan.Compton@dtaa.com,Forrest.Rashad.Richards@dtaa.com,,Hiroko.Kiona.Faulkner@dtaa.com,25935,1,
01/29/2010 19:10:28,HKF0831,PC-6215,Lilah.R.Wagner@bellsouth.net,,,Hiroko_Faulkner@netzero.com,27654,0,
02/01/2010 15:49:00,HKF0831,PC-6215,Erasmus.Cameron.Franco@dtaa.com,,,Hiroko.Kiona.Faulkner@dtaa.com,28653,1,
02/02/2010 12:42:15,HKF0831,PC-6215,ECF727@juno.com,,,Hiroko_Faulkner@netzero.com,25127,0,
02/03/2010 19:01:17,HKF0831,PC-6215,Dominic.Calvin.Hewitt@dtaa.com,,,Hiroko.Kiona.Faulkner@dtaa.com,19142,0,
02/04/2010 17:01:55,HKF0831,PC-6215,Laith.Jason.Britt@dtaa.com,,,Hiroko.Kiona.Faulkner@dtaa.com,35114,0,
02/05/2010 18:12:32,HKF0831,PC-6215,Fallon_H_Shelton@charter.net;LJB915@yahoo.com;Armand.O.Key@aol.com;Peter.T.Hartman@optonline.net,,,Hiroko_Faulkner@netzero.com,23382,2,
02/08/2010 18:37:56,HKF0831,PC-6215,MNR95@charter.net;CHM782@comcast.net;Amy.L.Chen@verizon.net,Nunez-Chadwick@bellsouth.net;Amelia.R.Burgess@comcast.net,,Hiroko_Faulkner@netzero.com,24153,0,
02/09/2010 11:34:40,HKF0831,PC-6215,Malcolm.Sebastian.Garrison@dtaa.com,,,Hiroko.Kiona.Faulkner@dtaa.com,31093,0,
02/10/2010 15:29:21,HKF0831,PC-6215,Jaquelyn.A.Jimenez@optonline.net,,,Hiroko_Faulkner@netzero.com,30124,0,
02/11/2010 10:25:55,HKF0831,PC-6215,Chadwick.Armand.Nunez@dtaa.com;Claudia_Brady@raytheon.com,Malcolm.Sebastian.Garrison@dtaa.com;Erasmus.Cameron.Franco@dtaa.com;Anne.Jane.Carey@dtaa.com,,Hiroko.Kiona.Faulkner@dtaa.com,13873,0,
02/12/2010 13:40:43,HKF0831,PC-6215,Chadwick.Armand.Nunez@dtaa.com,,,Hiroko.Kiona.Faulkner@dtaa.com,25954,0,
02/15/2010 10:02:39,HKF0831,PC-6215,Emmanuel.Lawrence.Briggs@dtaa.com;Malcolm.Sebastian.Garrison@dtaa.com,Amy.Lucy.Chen@dtaa.com;Chantale_Foley@hp.com,,Hiroko.Kiona.Faulkner@dtaa.com,33222,2,
02/16/2010 12:01:42,HKF0831,PC-6215,Galena_V_Ashley@lockheedmartin.com,,,Hiroko.Kiona.Faulkner@dtaa.com,29635,0,
02/17/2010 14:31:33,HKF0831,PC-6215,Nichole.Melodie.Gilbert@dtaa.com;Carter.Harrison.Maldonado@dtaa.com;Ariel.Bertha.Murphy@dtaa.com,,,Hiroko.Kiona.Faulkner@dtaa.com,52596,1,
02/18/2010 10:05:36,HKF0831,PC-6215,Peter.Tad.Hartman@dtaa.com;Armand.Odysseus.Key@dtaa.com,,,Hiroko.Kiona.Faulkner@dtaa.com,31344,0,
02/19/2010 13:12:53,HKF0831,PC-6215,Ella.Rivera@hotmail.com;Isadora-Shepherd@sbcglobal.net;Aretha_Deleon@optonline.net,,,Hiroko_Faulkner@netzero.com,46642,2,
02/22/2010 10:28:02,HKF0831,PC-6215,Ivor.J.Robbins@netzero.com,William-Rowe@optonline.net;Chantale-S-Foley@hotmail.com,,Hiroko_Faulkner@netzero.com,33087,0,
02/23/2010 10:36:07,HKF0831,PC-6215,Malcolm.Sebastian.Garrison@dtaa.com,,,Hiroko.Kiona.Faulkner@dtaa.com,22099,2,
02/24/2010 19:23:30,HKF0831,PC-6215,Jaquelyn.Angelica.Jimenez@dtaa.com,,,Hiroko.Kiona.Faulkner@dtaa.com,14127,0,
02/25/2010 17:58:22,HKF0831,PC-6215,Aladdin.Hu.Day@dtaa.com,,,Hiroko.Kiona.Faulkner@dtaa.com,32955,0,
02/26/2010 19:11:07,HKF0831,PC-6215,Priscilla.Martha.Vinson@dtaa.com;Claudia_Brady@raytheon.com,,,Hiroko.Kiona.Faulkner@dtaa.com,28846,1,
03/01/2010 13:38:26,HKF0831,PC-6215,Peter.Tad.Hartman@dtaa.com;Emmanuel.Lawrence.Briggs@dtaa.com;Claudia_Brady@raytheon.com,Ella.Cassandra.Rivera@dtaa.com,,Hiroko.Kiona.Faulkner@dtaa.com,34296,2,
03/02/2010 09:11:03,HKF0831,PC-6215,Nunez-Chadwick@bellsouth.net,,,Hiroko_Faulkner@netzero.com,61438,0,
03/03/2010 09:27:28,HKF0831,PC-6215,Jaquelyn.Angelica.Jimenez@dtaa.com,,,Hiroko.Kiona.Faulkner@dtaa.com,64775,0,
03/04/2010 19:23:03,HKF0831,PC-6215,Erasmus.Cameron.Franco@dtaa.com;Ariel.Bertha.Murphy@dtaa.com,Ivan.Levi.Craig@dtaa.com;Aladdin.Hu.Day@dtaa.com;Isadora.Blaine.Shepherd@dtaa.com,,Hiroko.Kiona.Faulkner@dtaa.com,26519,1,
03/05/2010 15:35:58,HKF0831,PC-6215,Jessica.Rachel.Freeman@dtaa.com,,,Hiroko.Kiona.Faulkner@dtaa.com,27682,1,
03/08/2010 17:04:14,HKF0831,PC-6215,Galena_Ashley@msn.com,,,Hiroko_Faulkner@netzero.com,23278,0,
03/09/2010 12:40:38,HKF0831,PC-6215,Isadora.Blaine.Shepherd@dtaa.com,Oscar.Nolan.Wooten@dtaa.com;Hunter-Jocelyn@northropgrumman.com,,Hiroko.Kiona.Faulkner@dtaa.com,34139,1,
03/10/2010 12:46:02,HKF0831,PC-6215,Fallon.Harriet.Shelton@dtaa.com;Jessica.Rachel.Freeman@dtaa.com;Peter.Tad.Hartman@dtaa.com,,,Hiroko.Kiona.Faulkner@dtaa.com,31512,1,
03/11/2010 11:09:17,HKF0831,PC-6215,Erasmus.Cameron.Franco@dtaa.com,,,Hiroko.Kiona.Faulkner@dtaa.com,34613,0,
03/12/2010 14:23:54,HKF0831,PC-6215,FRR127@earthlink.net;AAN2553@aol.com,Quyn.J.Rosario@aol.com,,Hiroko_Faulkner@netzero.com,19892,1,
03/15/2010 19:16:35,HKF0831,PC-6215,Erich.Harding.Bryant@dtaa.com,Chadwick.Armand.Nunez@dtaa.com,,Hiroko.Kiona.Faulkner@dtaa.com,19521,1,
03/16/2010 15:09:58,HKF0831,PC-6215,Aretha.Dorothy.Deleon@dtaa.com,,,Hiroko.Kiona.Faulkner@dtaa.com,28945,0,
03/17/2010 16:34:08,HKF0831,PC-6215,Emmanuel.L.Briggs@optonline.net;Ella.Rivera@hotmail.com,,,Hiroko_Faulkner@netzero.com,37262,0,
03/18/2010 19:38:59,HKF0831,PC-6215,Eve.Isadora.Mckenzie@dtaa.com,Ivan.Levi.Craig@dtaa.com;Priscilla.Martha.Vinson@dtaa.com,,Hiroko.Kiona.Faulkner@dtaa.com,48834,1,
03/19/2010 14:00:45,HKF0831,PC-6215,Ella.Cassandra.Rivera@dtaa.com,,,Hiroko.Kiona.Faulkner@dtaa.com,25133,0,
03/22/2010 16:30:40,HKF0831,PC-6215,Laith.Jason.Britt@dtaa.com,Aretha.Dorothy.Deleon@dtaa.com,,Hiroko.Kiona.Faulkner@dtaa.com,29085,8,
03/23/2010 15:47:06,HKF0831,PC-6215,Maryam.Nelle.Ruiz@dtaa.com,,,Hiroko.Kiona.Faulkner@dtaa.com,27932,1,
03/24/2010 11:25:25,HKF0831,PC-6215,Chadwick.Armand.Nunez@dtaa.com;Claudia_Brady@raytheon.com;Hunter-Jocelyn@northropgrumman.com,,,Hiroko.Kiona.Faulkner@dtaa.com,17603,1,
03/25/2010 18:43:32,HKF0831,PC-6215,Chadwick.Armand.Nunez@dtaa.com,,,Hiroko.Kiona.Faulkner@dtaa.com,22884,0,
03/26/2010 18:11:16,HKF0831,PC-6215,Forrest.Rashad.Richards@dtaa.com,,,Hiroko.Kiona.Faulkner@dtaa.com,35258,1,
03/29/2010 10:33:41,HKF0831,PC-6215,Fallon.Harriet.Shelton@dtaa.com;Addison.Edward.Snyder@dtaa.com,Priscilla.Martha.Vinson@dtaa.com,,Hiroko.Kiona.Faulkner@dtaa.com,53609,1,
03/30/2010 13:43:27,HKF0831,PC-6215,Aladdin.H.Day@cox.net,,,Hiroko_Faulkner@netzero.com,19495,0,
03/31/2010 10:24:20,HKF0831,PC-6215,Jaquelyn.A.Jimenez@optonline.net,Peter.T.Hartman@optonline.net,,Hiroko_Faulkner@netzero.com,20956,0,
04/01/2010 09:58:25,HKF0831,PC-6215,Amelia.Rhoda.Burgess@dtaa.com;Addison.Edward.Snyder@dtaa.com,Aladdin.Hu.Day@dtaa.com,,Hiroko.Kiona.Faulkner@dtaa.com,21587,0,
04/05/2010 11:56:13,HKF0831,PC-6215,Emmanuel.Lawrence.Briggs@dtaa.com,Ariel.Bertha.Murphy@dtaa.com,,Hiroko.Kiona.Faulkner@dtaa.com,40907,4,
04/06/2010 11:13:04,HKF0831,PC-6215,Amy.Lucy.Chen@dtaa.com;Aladdin.Hu.Day@dtaa.com;Carter.Harrison.Maldonado@dtaa.com,Meghan.Phoebe.Macias@dtaa.com,,Hiroko.Kiona.Faulkner@dtaa.com,48674,0,
04/07/2010 18:15:43,HKF0831,PC-6215,Jaquelyn.A.Jimenez@optonline.net;Hedwig.D.Duffy@hotmail.com,,,Hiroko_Faulkner@netzero.com,19017,0,
04/08/2010 15:24:47,HKF0831,PC-6215,Ella.Cassandra.Rivera@dtaa.com,,,Hiroko.Kiona.Faulkner@dtaa.com,38819,0,
04/09/2010 10:02:04,HKF0831,PC-6215,Anne.Jane.Carey@dtaa.com,,,Hiroko.Kiona.Faulkner@dtaa.com,39177,0,
04/13/2010 19:22:24,HKF0831,PC-6215,Fallon.Harriet.Shelton@dtaa.com;Aretha.Dorothy.Deleon@dtaa.com,Galena_V_Ashley@lockheedmartin.com,,Hiroko.Kiona.Faulkner@dtaa.com,26354,1,
04/15/2010 12:17:57,HKF0831,PC-6215,Priscilla_Vinson@comcast.net,Tatyana.M.Ballard@msn.com,,Hiroko_Faulkner@netzero.com,37913,5,
04/16/2010 15:50:55,HKF0831,PC-6215,Ivor.Herrod.Kaufman@dtaa.com;Emmanuel.Lawrence.Briggs@dtaa.com,,,Hiroko.Kiona.Faulkner@dtaa.com,24989,1,
04/19/2010 11:16:17,HKF0831,PC-6215,Samuel.Eden.James@dtaa.com,,,Hiroko.Kiona.Faulkner@dtaa.com,23105,0,
04/20/2010 18:34:47,HKF0831,PC-6215,Carter.Harrison.Maldonado@dtaa.com;Ivor.Herrod.Kaufman@dtaa.com,Ruth.Yael.Burris@dtaa.com,,Hiroko.Kiona.Faulkner@dtaa.com,29170,2,
04/21/2010 08:28:47,HKF0831,PC-6215,Maryam.Nelle.Ruiz@dtaa.com;Aretha.Dorothy.Deleon@dtaa.com,,,Hiroko.Kiona.Faulkner@dtaa.com,30736,1,
04/22/2010 08:45:25,HKF0831,PC-6215,William-Rowe@optonline.net,,,Hiroko_Faulkner@netzero.com,23932,0,
04/23/2010 11:20:41,HKF0831,PC-6215,Peter.Tad.Hartman@dtaa.com;Fallon.Harriet.Shelton@dtaa.com,,,Hiroko.Kiona.Faulkner@dtaa.com,32783,2,
04/26/2010 08:56:34,HKF0831,PC-6215,Aretha_Deleon@optonline.net;CHM782@comcast.net,,,Hiroko_Faulkner@netzero.com,29502,1,
04/27/2010 10:18:25,HKF0831,PC-6215,Nunez-Chadwick@bellsouth.net,,,Hiroko_Faulkner@netzero.com,45947,0,
04/28/2010 10:01:06,HKF0831,PC-6215,Claudia_Brady@raytheon.com,,,Hiroko.Kiona.Faulkner@dtaa.com,33380,0,
04/29/2010 13:25:10,HKF0831,PC-6215,Carter.Harrison.Maldonado@dtaa.com;Jaquelyn.Angelica.Jimenez@dtaa.com;Isadora.Blaine.Shepherd@dtaa.com,,,Hiroko.Kiona.Faulkner@dtaa.com,25482,0,
04/30/2010 11:03:13,HKF0831,PC-6215,William.Graham.Rowe@dtaa.com,Ivan.Levi.Craig@dtaa.com,,Hiroko.Kiona.Faulkner@dtaa.com,25067,1,
05/03/2010 08:48:52,HKF0831,PC-6215,Hunter-Jocelyn@northropgrumman.com,,,Hiroko.Kiona.Faulkner@dtaa.com,24828,0,
05/04/2010 10:18:27,HKF0831,PC-6215,FRR127@earthlink.net;Malcolm_Garrison@gmail.com,Aladdin.H.Day@cox.net,,Hiroko_Faulkner@netzero.com,18747,2,
05/06/2010 09:48:04,HKF0831,PC-6215,Isadora.Blaine.Shepherd@dtaa.com,,,Hiroko.Kiona.Faulkner@dtaa.com,29610,0,
05/07/2010 16:49:00,HKF0831,PC-6215,HAJ3@raytheon.com,,,Hiroko.Kiona.Faulkner@dtaa.com,43584,0,
05/10/2010 11:14:56,HKF0831,PC-6215,Brooke_Case@hp.com,,,Hiroko.Kiona.Faulkner@dtaa.com,29972,0,
05/11/2010 08:19:09,HKF0831,PC-6215,Malcolm_Garrison@gmail.com,,,Hiroko_Faulkner@netzero.com,17490,0,
05/12/2010 14:35:36,HKF0831,PC-6215,Jaquelyn.Angelica.Jimenez@dtaa.com;Armand.Odysseus.Key@dtaa.com;Laith.Jason.Britt@dtaa.com;Chantale_Foley@hp.com,,,Hiroko.Kiona.Faulkner@dtaa.com,16334,0,
05/13/2010 18:34:25,HKF0831,PC-6215,Genevieve_J_Rivers@bellsouth.net,,,Hiroko_Faulkner@netzero.com,42505,0,
05/14/2010 09:30:32,HKF0831,PC-6215,Carter.Harrison.Maldonado@dtaa.com;Isadora.Blaine.Shepherd@dtaa.com,,,Hiroko.Kiona.Faulkner@dtaa.com,27748,0,
05/17/2010 09:24:37,HKF0831,PC-6215,ILC5@hotmail.com,,,Hiroko_Faulkner@netzero.com,41120,0,
05/18/2010 08:38:09,HKF0831,PC-6215,Emmanuel.Lawrence.Briggs@dtaa.com,Maryam.Nelle.Ruiz@dtaa.com;Malcolm.Sebastian.Garrison@dtaa.com,,Hiroko.Kiona.Faulkner@dtaa.com,19509,2,
05/19/2010 13:01:28,HKF0831,PC-6215,Amy.L.Chen@verizon.net;Dominic-Hewitt@verizon.net,,,Hiroko_Faulkner@netzero.com,22159,1,
05/20/2010 16:11:46,HKF0831,PC-6215,Emmanuel.L.Briggs@optonline.net,,,Hiroko_Faulkner@netzero.com,33141,0,
05/21/2010 09:29:32,HKF0831,PC-6215,Peter.T.Hartman@optonline.net,,,Hiroko_Faulkner@netzero.com,53154,1,
05/24/2010 15:40:37,HKF0831,PC-6215,Priscilla.Martha.Vinson@dtaa.com;Chantale_Foley@hp.com,,,Hiroko.Kiona.Faulkner@dtaa.com,37619,0,
05/25/2010 09:20:25,HKF0831,PC-6215,RSL43@boeing.com,,,Hiroko.Kiona.Faulkner@dtaa.com,29109,5,
05/26/2010 17:23:53,HKF0831,PC-6215,William.Graham.Rowe@dtaa.com;Chadwick.Armand.Nunez@dtaa.com,,,Hiroko.Kiona.Faulkner@dtaa.com,14586,1,
05/27/2010 08:36:14,HKF0831,PC-6215,Anthony.Aidan.Nixon@dtaa.com;Fallon.Harriet.Shelton@dtaa.com,,,Hiroko.Kiona.Faulkner@dtaa.com,21975,1,
05/28/2010 17:20:24,HKF0831,PC-6215,TTK45@hp.com,,,Hiroko.Kiona.Faulkner@dtaa.com,24831,0,
06/01/2010 18:00:17,HKF0831,PC-6215,IHK9@optonline.net,,,Hiroko_Faulkner@netzero.com,35365,0,
06/02/2010 13:50:35,HKF0831,PC-6215,Eugenia.Hannah.Blanchard@dtaa.com;Emmanuel.Lawrence.Briggs@dtaa.com,Anthony.Aidan.Nixon@dtaa.com;Ursa.Britanney.Frederick@dtaa.com;Wanda.B.Nelson@boeing.com,,Hiroko.Kiona.Faulkner@dtaa.com,23519,2,
06/03/2010 11:46:14,HKF0831,PC-6215,Ariel.Bertha.Murphy@dtaa.com;Nora.H.Gilbert@lockheedmartin.com,Galena_V_Ashley@lockheedmartin.com,,Hiroko.Kiona.Faulkner@dtaa.com,32346,2,
06/04/2010 18:50:22,HKF0831,PC-6215,Peter.T.Hartman@optonline.net;Ariel.Murphy@comcast.net,Fallon_H_Shelton@charter.net;Jessica_Freeman@cox.net,,Hiroko_Faulkner@netzero.com,41333,0,
06/07/2010 14:21:06,HKF0831,PC-6215,Carter.Harrison.Maldonado@dtaa.com,,,Hiroko.Kiona.Faulkner@dtaa.com,21926,1,
06/08/2010 15:55:29,HKF0831,PC-6215,Vera.Mollie.Jenkins@dtaa.com;Travis-Parks@northropgrumman.com,,,Hiroko.Kiona.Faulkner@dtaa.com,36583,0,
06/09/2010 17:23:53,HKF0831,PC-6215,Ella.Cassandra.Rivera@dtaa.com,Hunter-Jocelyn@northropgrumman.com,,Hiroko.Kiona.Faulkner@dtaa.com,45416,2,
06/10/2010 14:02:48,HKF0831,PC-6215,Ivan.Levi.Craig@dtaa.com;Claudia_Brady@raytheon.com;RSL43@boeing.com,,,Hiroko.Kiona.Faulkner@dtaa.com,25971,2,
06/11/2010 10:19:31,HKF0831,PC-6215,Fallon.Harriet.Shelton@dtaa.com,,,Hiroko.Kiona.Faulkner@dtaa.com,28640,0,
06/14/2010 18:07:47,HKF0831,PC-6215,Anne.Jane.Carey@dtaa.com;Erasmus.Cameron.Franco@dtaa.com;Isadora.Blaine.Shepherd@dtaa.com,,,Hiroko.Kiona.Faulkner@dtaa.com,18315,1,
06/15/2010 13:48:59,HKF0831,PC-6215,Ariel.Bertha.Murphy@dtaa.com,Chadwick.Armand.Nunez@dtaa.com;Stephanie.Eliana.Rasmussen@dtaa.com,,Hiroko.Kiona.Faulkner@dtaa.com,16653,1,
06/16/2010 12:33:14,HKF0831,PC-6215,Anthony.Aidan.Nixon@dtaa.com,,,Hiroko.Kiona.Faulkner@dtaa.com,31657,0,
06/17/2010 10:04:23,HKF0831,PC-6215,Isadora.Blaine.Shepherd@dtaa.com;William.Graham.Rowe@dtaa.com;Aladdin.Hu.Day@dtaa.com,Kendall.Ciaran.Frank@dtaa.com;Carey-Raphael@harris.com,,Hiroko.Kiona.Faulkner@dtaa.com,33275,3,
06/18/2010 08:44:10,HKF0831,PC-6215,Priscilla_Vinson@comcast.net;Naida.I.Hughes@juno.com,,,Hiroko_Faulkner@netzero.com,47826,0,
06/21/2010 09:14:28,HKF0831,PC-6215,Brooke_M_Case@juno.com,,,Hiroko_Faulkner@netzero.com,40106,0,
06/22/2010 10:50:21,HKF0831,PC-6215,Ariel.Bertha.Murphy@dtaa.com,,,Hiroko.Kiona.Faulkner@dtaa.com,29160,0,
06/23/2010 10:49:20,HKF0831,PC-6215,Chadwick.Armand.Nunez@dtaa.com,,,Hiroko.Kiona.Faulkner@dtaa.com,20663,0,
06/24/2010 11:37:32,HKF0831,PC-6215,Jessica.Rachel.Freeman@dtaa.com;Malcolm.Sebastian.Garrison@dtaa.com;Priscilla.Martha.Vinson@dtaa.com,Peter.Tad.Hartman@dtaa.com,,Hiroko.Kiona.Faulkner@dtaa.com,17300,1,
06/25/2010 11:44:59,HKF0831,PC-6215,Amy.Lucy.Chen@dtaa.com,Amelia.Rhoda.Burgess@dtaa.com,,Hiroko.Kiona.Faulkner@dtaa.com,32112,3,
06/28/2010 11:21:23,HKF0831,PC-6215,Erasmus.Cameron.Franco@dtaa.com;Jessica.Rachel.Freeman@dtaa.com;Jaquelyn.Angelica.Jimenez@dtaa.com,Isadora.Blaine.Shepherd@dtaa.com,,Hiroko.Kiona.Faulkner@dtaa.com,35465,0,
06/29/2010 09:05:53,HKF0831,PC-6215,Eugenia.Hannah.Blanchard@dtaa.com;Brooke_Case@hp.com,,,Hiroko.Kiona.Faulkner@dtaa.com,18010,0,
06/30/2010 12:05:32,HKF0831,PC-6215,Malcolm_Garrison@gmail.com;Aretha_Deleon@optonline.net;Nunez-Chadwick@bellsouth.net,,,Hiroko_Faulkner@netzero.com,25563,9,
07/01/2010 10:55:18,HKF0831,PC-6215,Eugenia.Hannah.Blanchard@dtaa.com;Isadora.Blaine.Shepherd@dtaa.com;Addison.Edward.Snyder@dtaa.com;Jaquelyn.Angelica.Jimenez@dtaa.com,,,Hiroko.Kiona.Faulkner@dtaa.com,39004,4,
07/02/2010 14:00:33,HKF0831,PC-6215,Ivor.Herrod.Kaufman@dtaa.com,,,Hiroko.Kiona.Faulkner@dtaa.com,29072,0,
07/06/2010 08:24:21,HKF0831,PC-6215,Aretha_Deleon@optonline.net,,,Hiroko_Faulkner@netzero.com,23409,0,
07/07/2010 11:13:18,HKF0831,PC-6215,Forrest.Rashad.Richards@dtaa.com;Eugenia.Hannah.Blanchard@dtaa.com,,,Hiroko.Kiona.Faulkner@dtaa.com,28042,1,
07/08/2010 19:10:40,HKF0831,PC-6215,Cedric.Herrod.Gilliam@dtaa.com;Simone.Scarlet.Rose@dtaa.com,Priscilla.Martha.Vinson@dtaa.com,,Hiroko.Kiona.Faulkner@dtaa.com,24948,1,
07/09/2010 11:38:08,HKF0831,PC-6215,Hunter-Jocelyn@northropgrumman.com,,,Hiroko.Kiona.Faulkner@dtaa.com,27369,2,
07/12/2010 09:03:20,HKF0831,PC-6215,AAN2553@aol.com,,,Hiroko_Faulkner@netzero.com,39988,0,
07/13/2010 16:38:40,HKF0831,PC-6215,Hanae.Gay.Hogan@dtaa.com;Ivor.Herrod.Kaufman@dtaa.com;Chadwick.Armand.Nunez@dtaa.com;Anthony.Aidan.Nixon@dtaa.com,,,Hiroko.Kiona.Faulkner@dtaa.com,31882,0,
07/14/2010 15:08:36,HKF0831,PC-6215,Chadwick.Armand.Nunez@dtaa.com,,,Hiroko.Kiona.Faulkner@dtaa.com,31097,0,
07/15/2010 18:41:13,HKF0831,PC-6215,Priscilla_Vinson@comcast.net,,,Hiroko_Faulkner@netzero.com,37029,0,
07/16/2010 14:20:36,HKF0831,PC-6215,Anthony.Aidan.Nixon@dtaa.com,,,Hiroko.Kiona.Faulkner@dtaa.com,29732,0,
07/19/2010 18:52:31,HKF0831,PC-6215,Amelia.R.Burgess@comcast.net,,,Hiroko_Faulkner@netzero.com,42082,0,
07/20/2010 13:32:51,HKF0831,PC-6215,Ariel.Bertha.Murphy@dtaa.com,,,Hiroko.Kiona.Faulkner@dtaa.com,44606,0,
07/21/2010 19:11:03,HKF0831,PC-6215,Amelia.Rhoda.Burgess@dtaa.com,,,Hiroko.Kiona.Faulkner@dtaa.com,21445,0,
07/22/2010 11:09:34,HKF0831,PC-6215,Maryam.Nelle.Ruiz@dtaa.com,,,Hiroko.Kiona.Faulkner@dtaa.com,24051,0,
07/23/2010 17:22:19,HKF0831,PC-6215,Claudia_Brady@raytheon.com,,,Hiroko.Kiona.Faulkner@dtaa.com,23895,9,
07/26/2010 14:58:23,HKF0831,PC-6215,Dominic-Hewitt@verizon.net,,,Hiroko_Faulkner@netzero.com,23828,0,
07/27/2010 14:57:07,HKF0831,PC-6215,Laith.Jason.Britt@dtaa.com;Ivor.Herrod.Kaufman@dtaa.com,RSL43@boeing.com,,Hiroko.Kiona.Faulkner@dtaa.com,20933,2,
07/28/2010 18:14:32,HKF0831,PC-6215,Anthony.Aidan.Nixon@dtaa.com,,,Hiroko.Kiona.Faulkner@dtaa.com,30443,0,
07/29/2010 18:55:23,HKF0831,PC-6215,William-Rowe@optonline.net;Addison-E-Snyder@earthlink.net,,,Hiroko_Faulkner@netzero.com,35176,0,
07/30/2010 11:14:03,HKF0831,PC-6215,Isadora.Blaine.Shepherd@dtaa.com,,,Hiroko.Kiona.Faulkner@dtaa.com,23473,0,
08/02/2010 18:06:56,HKF0831,PC-6215,Chantale_Foley@hp.com,,,Hiroko.Kiona.Faulkner@dtaa.com,56270,0,
08/03/2010 09:28:34,HKF0831,PC-6215,Armand.O.Key@aol.com;FRR127@earthlink.net;Peter.T.Hartman@optonline.net,Addison-E-Snyder@earthlink.net,,Hiroko_Faulkner@netzero.com,25917,1,
08/04/2010 10:21:55,HKF0831,PC-6215,Amy.Lucy.Chen@dtaa.com,,,Hiroko.Kiona.Faulkner@dtaa.com,33472,0,
08/09/2010 15:44:12,HKF0831,PC-6215,Aretha_Deleon@optonline.net,,,Hiroko_Faulkner@netzero.com,25448,0,
08/10/2010 16:13:56,HKF0831,PC-6215,Aretha.Dorothy.Deleon@dtaa.com;Addison.Edward.Snyder@dtaa.com;Fallon.Harriet.Shelton@dtaa.com;Priscilla.Martha.Vinson@dtaa.com;Hunter-Jocelyn@northropgrumman.com,,,Hiroko.Kiona.Faulkner@dtaa.com,15143,9,
08/11/2010 12:55:28,HKF0831,PC-6215,Amy.Lucy.Chen@dtaa.com,,,Hiroko.Kiona.Faulkner@dtaa.com,38917,0,
08/13/2010 15:18:34,HKF0831,PC-6215,Amy.Lucy.Chen@dtaa.com,,,Hiroko.Kiona.Faulkner@dtaa.com,54022,0,
08/16/2010 09:29:21,HKF0831,PC-6215,Maryam.Nelle.Ruiz@dtaa.com,,,Hiroko.Kiona.Faulkner@dtaa.com,67662,1,
08/17/2010 12:04:12,HKF0831,PC-6215,AAN2553@aol.com,,,Hiroko_Faulkner@netzero.com,29581,0,
08/18/2010 16:16:33,HKF0831,PC-6215,Isadora-Shepherd@sbcglobal.net;Anne_Carey@juno.com,,,Hiroko_Faulkner@netzero.com,23472,0,
08/19/2010 10:51:41,HKF0831,PC-6215,Ivor.Herrod.Kaufman@dtaa.com;Willow.Iliana.Quinn@dtaa.com,Lynn.Adena.Pratt@dtaa.com;Joseph_Martin@northropgrumman.com,,Hiroko.Kiona.Faulkner@dtaa.com,25227,1,
08/20/2010 12:41:44,HKF0831,PC-6215,Peter.T.Hartman@optonline.net,,,Hiroko_Faulkner@netzero.com,25898,0,
08/23/2010 17:33:51,HKF0831,PC-6215,Forrest.Rashad.Richards@dtaa.com;Maryam.Nelle.Ruiz@dtaa.com;Laith.Jason.Britt@dtaa.com,Priscilla.Martha.Vinson@dtaa.com;Addison.Edward.Snyder@dtaa.com,,Hiroko.Kiona.Faulkner@dtaa.com,34757,0,
08/24/2010 15:12:07,HKF0831,PC-6215,Malcolm.Sebastian.Garrison@dtaa.com,,,Hiroko.Kiona.Faulkner@dtaa.com,18609,0,
08/25/2010 19:21:44,HKF0831,PC-6215,Ariel.Bertha.Murphy@dtaa.com;Amelia.Rhoda.Burgess@dtaa.com,Forrest.Rashad.Richards@dtaa.com,,Hiroko.Kiona.Faulkner@dtaa.com,34690,1,
08/26/2010 15:53:53,HKF0831,PC-6215,Forrest.Rashad.Richards@dtaa.com;Ivor.Jelani.Robbins@dtaa.com;Keiko.Naida.Webb@dtaa.com;Ivor.Herrod.Kaufman@dtaa.com,,,Hiroko.Kiona.Faulkner@dtaa.com,23805,3,
08/27/2010 18:38:40,HKF0831,PC-6215,Isadora.Blaine.Shepherd@dtaa.com,,,Hiroko.Kiona.Faulkner@dtaa.com,56950,0,
08/30/2010 13:25:47,HKF0831,PC-6215,Amelia.Rhoda.Burgess@dtaa.com;Anne.Jane.Carey@dtaa.com;Dominic.Calvin.Hewitt@dtaa.com,,,Hiroko.Kiona.Faulkner@dtaa.com,29413,1,
08/31/2010 09:30:48,HKF0831,PC-6215,Anne_Carey@juno.com,,,Hiroko_Faulkner@netzero.com,28724,0,
09/01/2010 18:32:20,HKF0831,PC-6215,Byron.Tyrone.Williamson@dtaa.com,,,Hiroko.Kiona.Faulkner@dtaa.com,35189,0,
09/02/2010 19:00:45,HKF0831,PC-6215,Carter.Harrison.Maldonado@dtaa.com,,,Hiroko.Kiona.Faulkner@dtaa.com,22128,0,
09/03/2010 12:07:56,HKF0831,PC-6215,Ella.Cassandra.Rivera@dtaa.com,,,Hiroko.Kiona.Faulkner@dtaa.com,39664,0,
09/07/2010 13:58:36,HKF0831,PC-6215,Fallon_H_Shelton@charter.net,,,Hiroko_Faulkner@netzero.com,24303,0,
09/08/2010 15:46:05,HKF0831,PC-6215,Amelia.R.Burgess@comcast.net,,,Hiroko_Faulkner@netzero.com,32498,0,
09/09/2010 09:11:30,HKF0831,PC-6215,Jocelyn_Mccray@comcast.net,,,Hiroko_Faulkner@netzero.com,29225,0,
09/10/2010 19:06:54,HKF0831,PC-6215,Azalia.Halee.Cantu@dtaa.com;Aladdin.Hu.Day@dtaa.com;Priscilla.Martha.Vinson@dtaa.com;Malcolm.Sebastian.Garrison@dtaa.com,,,Hiroko.Kiona.Faulkner@dtaa.com,36155,2,
09/13/2010 19:14:35,HKF0831,PC-6215,Erasmus.Cameron.Franco@dtaa.com,,,Hiroko.Kiona.Faulkner@dtaa.com,35799,0,
09/14/2010 10:26:01,HKF0831,PC-6215,IHK9@optonline.net;Rina_D_Mcgee@cox.net;Jaquelyn.A.Jimenez@optonline.net,,,Hiroko_Faulkner@netzero.com,21158,0,
09/15/2010 15:47:56,HKF0831,PC-6215,Amy.L.Chen@verizon.net,,,Hiroko_Faulkner@netzero.com,28741,0,
09/16/2010 15:39:25,HKF0831,PC-6215,Amelia.R.Burgess@comcast.net;Malcolm_Garrison@gmail.com,,,Hiroko_Faulkner@netzero.com,35519,1,
09/17/2010 17:54:36,HKF0831,PC-6215,Jaquelyn.Angelica.Jimenez@dtaa.com,,,Hiroko.Kiona.Faulkner@dtaa.com,35627,0,
09/20/2010 09:46:53,HKF0831,PC-6215,Fallon.Harriet.Shelton@dtaa.com;William.Graham.Rowe@dtaa.com,,,Hiroko.Kiona.Faulkner@dtaa.com,19549,4,
09/21/2010 19:13:31,HKF0831,PC-6215,Chaim.Grant.Fernandez@dtaa.com,Anthony.Aidan.Nixon@dtaa.com;Armand.Odysseus.Key@dtaa.com;William.Graham.Rowe@dtaa.com,,Hiroko.Kiona.Faulkner@dtaa.com,15963,2,
09/22/2010 08:34:48,HKF0831,PC-6215,Anthony.Aidan.Nixon@dtaa.com;Malcolm.Sebastian.Garrison@dtaa.com;Ella.Cassandra.Rivera@dtaa.com;Ivan.Levi.Craig@dtaa.com,,,Hiroko.Kiona.Faulkner@dtaa.com,61346,1,
09/23/2010 08:38:02,HKF0831,PC-6215,Galena_Ashley@msn.com,,,Hiroko_Faulkner@netzero.com,21343,0,
09/24/2010 10:56:01,HKF0831,PC-6215,CHM782@comcast.net;Ella.Rivera@hotmail.com,,,Hiroko_Faulkner@netzero.com,42918,0,
09/27/2010 09:54:37,HKF0831,PC-6215,Maryam.Nelle.Ruiz@dtaa.com;Fallon.Harriet.Shelton@dtaa.com,Isadora.Blaine.Shepherd@dtaa.com,,Hiroko.Kiona.Faulkner@dtaa.com,25365,0,
09/28/2010 15:57:49,HKF0831,PC-6215,Malcolm_Garrison@gmail.com;Anne_Carey@juno.com,,,Hiroko_Faulkner@netzero.com,36934,1,
09/29/2010 10:08:10,HKF0831,PC-6215,Priscilla.Martha.Vinson@dtaa.com,,,Hiroko.Kiona.Faulkner@dtaa.com,22098,0,
09/30/2010 14:35:35,HKF0831,PC-6215,Isadora-Shepherd@sbcglobal.net,,,Hiroko_Faulkner@netzero.com,14893,0,
10/01/2010 18:53:25,HKF0831,PC-6215,Travis-Parks@northropgrumman.com,,,Hiroko.Kiona.Faulkner@dtaa.com,24480,0,
10/04/2010 16:01:39,HKF0831,PC-6215,Ivor.Herrod.Kaufman@dtaa.com;Chadwick.Armand.Nunez@dtaa.com;Amelia.Rhoda.Burgess@dtaa.com,Jessica.Rachel.Freeman@dtaa.com;Dominic.Calvin.Hewitt@dtaa.com,,Hiroko.Kiona.Faulkner@dtaa.com,35475,0,
10/05/2010 09:15:05,HKF0831,PC-6215,Jessica.Rachel.Freeman@dtaa.com;Alfreda.Morgan.Holloway@dtaa.com,Mira.Jamalia.Snow@dtaa.com;DRS26@raytheon.com,,Hiroko.Kiona.Faulkner@dtaa.com,29236,2,
10/06/2010 17:19:12,HKF0831,PC-6215,Jessica.Rachel.Freeman@dtaa.com;Peter.Tad.Hartman@dtaa.com;Chantale_Foley@hp.com,,,Hiroko.Kiona.Faulkner@dtaa.com,20355,1,
10/07/2010 13:16:49,HKF0831,PC-6215,Maryam.Nelle.Ruiz@dtaa.com;Malcolm.Sebastian.Garrison@dtaa.com,,,Hiroko.Kiona.Faulkner@dtaa.com,19386,1,
10/08/2010 17:38:10,HKF0831,PC-6215,Aladdin.Hu.Day@dtaa.com;Anthony.Aidan.Nixon@dtaa.com;Myra.Kay.Greer@dtaa.com,,,Hiroko.Kiona.Faulkner@dtaa.com,54266,3,
10/11/2010 13:00:33,HKF0831,PC-6215,Ivor.Jelani.Robbins@dtaa.com;Peter.Tad.Hartman@dtaa.com,,,Hiroko.Kiona.Faulkner@dtaa.com,55845,0,
10/12/2010 12:54:37,HKF0831,PC-6215,Fallon.Harriet.Shelton@dtaa.com;Malcolm.Sebastian.Garrison@dtaa.com;Chantale_Foley@hp.com,,,Hiroko.Kiona.Faulkner@dtaa.com,20201,1,
10/13/2010 11:55:27,HKF0831,PC-6215,Carter.Harrison.Maldonado@dtaa.com,,,Hiroko.Kiona.Faulkner@dtaa.com,24111,0,
10/14/2010 14:08:58,HKF0831,PC-6215,Ivor.J.Robbins@netzero.com,IAW4@charter.net,,Hiroko_Faulkner@netzero.com,33515,1,
10/15/2010 11:48:41,HKF0831,PC-6215,Fallon.Harriet.Shelton@dtaa.com,,,Hiroko.Kiona.Faulkner@dtaa.com,43108,0,
10/18/2010 09:21:36,HKF0831,PC-6215,Blythe_R_Mccoy@msn.com,,,Hiroko_Faulkner@netzero.com,38157,0,
10/19/2010 19:15:24,HKF0831,PC-6215,Isadora.Blaine.Shepherd@dtaa.com,,,Hiroko.Kiona.Faulkner@dtaa.com,24068,0,
10/20/2010 10:33:12,HKF0831,PC-6215,Ivor.Herrod.Kaufman@dtaa.com,Chadwick.Armand.Nunez@dtaa.com;Carter.Harrison.Maldonado@dtaa.com;RSL43@boeing.com,,Hiroko.Kiona.Faulkner@dtaa.com,19675,2,
10/21/2010 15:21:18,HKF0831,PC-6215,Addison.Edward.Snyder@dtaa.com;Ella.Cassandra.Rivera@dtaa.com;Hunter-Jocelyn@northropgrumman.com,,,Hiroko.Kiona.Faulkner@dtaa.com,43699,1,
10/22/2010 09:21:50,HKF0831,PC-6215,Dominic-Hewitt@verizon.net,,,Hiroko_Faulkner@netzero.com,12379,1,
10/25/2010 17:54:24,HKF0831,PC-6215,IBM58@hotmail.com;Ariel.Murphy@comcast.net,William-Rowe@optonline.net;Aretha_Deleon@optonline.net,,Hiroko_Faulkner@netzero.com,21979,1,
10/26/2010 12:43:11,HKF0831,PC-6215,Isadora.Blaine.Shepherd@dtaa.com;Aladdin.Hu.Day@dtaa.com;Erasmus.Cameron.Franco@dtaa.com;Carter.Harrison.Maldonado@dtaa.com,,,Hiroko.Kiona.Faulkner@dtaa.com,24198,1,
10/27/2010 13:45:38,HKF0831,PC-6215,Aladdin.Hu.Day@dtaa.com;William.Graham.Rowe@dtaa.com;Carter.Harrison.Maldonado@dtaa.com,,,Hiroko.Kiona.Faulkner@dtaa.com,23061,0,
10/28/2010 18:43:06,HKF0831,PC-6215,Erasmus.Cameron.Franco@dtaa.com,,,Hiroko.Kiona.Faulkner@dtaa.com,23879,0,
10/29/2010 14:17:35,HKF0831,PC-6215,Ivor.Herrod.Kaufman@dtaa.com,,,Hiroko.Kiona.Faulkner@dtaa.com,76791,0,
11/01/2010 13:10:33,HKF0831,PC-6215,Tana.Sonya.Moody@dtaa.com,,,Hiroko.Kiona.Faulkner@dtaa.com,33920,0,
11/02/2010 15:31:27,HKF0831,PC-6215,Barry.Martin.Mason@dtaa.com;Malcolm.Sebastian.Garrison@dtaa.com,Maryam.Nelle.Ruiz@dtaa.com,,Hiroko.Kiona.Faulkner@dtaa.com,21937,1,
11/03/2010 11:35:22,HKF0831,PC-6215,Aretha.Dorothy.Deleon@dtaa.com;Laith.Jason.Britt@dtaa.com;Addison.Edward.Snyder@dtaa.com;Jaquelyn.Angelica.Jimenez@dtaa.com,Dominic.Calvin.Hewitt@dtaa.com,,Hiroko.Kiona.Faulkner@dtaa.com,24346,0,
11/04/2010 08:49:40,HKF0831,PC-6215,Jaquelyn.Angelica.Jimenez@dtaa.com;Anne.Jane.Carey@dtaa.com,,,Hiroko.Kiona.Faulkner@dtaa.com,24479,1,
11/05/2010 15:57:18,HKF0831,PC-6215,Malcolm.Sebastian.Garrison@dtaa.com,,,Hiroko.Kiona.Faulkner@dtaa.com,16357,2,
11/08/2010 15:52:26,HKF0831,PC-6215,Priscilla_Vinson@comcast.net,,,Hiroko_Faulkner@netzero.com,31735,0,
11/09/2010 14:25:09,HKF0831,PC-6215,Amy.Lucy.Chen@dtaa.com;Lionel.Omar.Fisher@dtaa.com,,,Hiroko.Kiona.Faulkner@dtaa.com,43176,2,
11/10/2010 10:55:29,HKF0831,PC-6215,Shea_J_Franks@earthlink.net,,,Hiroko_Faulkner@netzero.com,22158,2,
11/11/2010 18:52:57,HKF0831,PC-6215,Addison-E-Snyder@earthlink.net,,,Hiroko_Faulkner@netzero.com,20753,0,
11/12/2010 08:50:39,HKF0831,PC-6215,Hunter-Jocelyn@northropgrumman.com,,,Hiroko.Kiona.Faulkner@dtaa.com,20958,0,
11/15/2010 08:57:44,HKF0831,PC-6215,LJB915@yahoo.com,,,Hiroko_Faulkner@netzero.com,22647,0,
11/16/2010 17:39:56,HKF0831,PC-6215,Anne_Carey@juno.com,,,Hiroko_Faulkner@netzero.com,18860,0,
11/17/2010 19:26:01,HKF0831,PC-6215,Ivan.Levi.Craig@dtaa.com;Emmanuel.Lawrence.Briggs@dtaa.com;Cameran.Madonna.Shepard@dtaa.com,Ivor.Jelani.Robbins@dtaa.com;Peter.Tad.Hartman@dtaa.com,,Hiroko.Kiona.Faulkner@dtaa.com,24479,3,
11/18/2010 16:14:12,HKF0831,PC-6215,Jessica.Rachel.Freeman@dtaa.com,,,Hiroko.Kiona.Faulkner@dtaa.com,27429,0,
11/19/2010 16:22:12,HKF0831,PC-6215,Aladdin.H.Day@cox.net,,,Hiroko_Faulkner@netzero.com,24015,0,
11/22/2010 13:08:04,HKF0831,PC-6215,Forrest.Rashad.Richards@dtaa.com,,,Hiroko.Kiona.Faulkner@dtaa.com,30831,0,
11/23/2010 17:16:00,HKF0831,PC-6215,William.Graham.Rowe@dtaa.com,Dominic.Calvin.Hewitt@dtaa.com,,Hiroko.Kiona.Faulkner@dtaa.com,49382,1,
11/24/2010 18:57:40,HKF0831,PC-6215,William-Rowe@optonline.net,,,Hiroko_Faulkner@netzero.com,36516,4,
11/29/2010 09:41:22,HKF0831,PC-6215,Ella.Cassandra.Rivera@dtaa.com,,,Hiroko.Kiona.Faulkner@dtaa.com,34749,1,
11/30/2010 15:42:57,HKF0831,PC-6215,Davenport_Akeem@earthlink.net,,,Hiroko_Faulkner@netzero.com,28814,0,
12/01/2010 18:58:56,HKF0831,PC-6215,Malcolm.Sebastian.Garrison@dtaa.com,,,Hiroko.Kiona.Faulkner@dtaa.com,37040,6,
12/02/2010 10:08:04,HKF0831,PC-6215,Dominic.Calvin.Hewitt@dtaa.com;Addison.Edward.Snyder@dtaa.com;Jessica.Rachel.Freeman@dtaa.com;Anne.Jane.Carey@dtaa.com,Aretha.Dorothy.Deleon@dtaa.com,,Hiroko.Kiona.Faulkner@dtaa.com,27637,1,
12/03/2010 17:27:14,HKF0831,PC-6215,Isadora.Blaine.Shepherd@dtaa.com;Ivor.Herrod.Kaufman@dtaa.com,,,Hiroko.Kiona.Faulkner@dtaa.com,26639,1,
12/06/2010 17:53:16,HKF0831,PC-6215,Ariel.Bertha.Murphy@dtaa.com;Jaquelyn.Angelica.Jimenez@dtaa.com,Amy.Lucy.Chen@dtaa.com;Isadora.Blaine.Shepherd@dtaa.com,,Hiroko.Kiona.Faulkner@dtaa.com,40895,1,
12/07/2010 16:24:29,HKF0831,PC-6215,Fallon.Harriet.Shelton@dtaa.com,,,Hiroko.Kiona.Faulkner@dtaa.com,24735,0,
12/08/2010 13:24:19,HKF0831,PC-6215,Fallon.Harriet.Shelton@dtaa.com,,,Hiroko.Kiona.Faulkner@dtaa.com,70233,0,
12/09/2010 14:35:59,HKF0831,PC-6215,Dominic.Calvin.Hewitt@dtaa.com;Jaquelyn.Angelica.Jimenez@dtaa.com,,,Hiroko.Kiona.Faulkner@dtaa.com,28660,1,
12/10/2010 14:07:30,HKF0831,PC-6215,LJB915@yahoo.com;Jaquelyn.A.Jimenez@optonline.net,,,Hiroko_Faulkner@netzero.com,31070,3,
12/13/2010 19:08:53,HKF0831,PC-6215,Fallon.Harriet.Shelton@dtaa.com;Jessica.Rachel.Freeman@dtaa.com,Meredith.Ainsley.Wolf@dtaa.com;Payne-Thomas@boeing.com,,Hiroko.Kiona.Faulkner@dtaa.com,26737,2,
12/14/2010 15:22:31,HKF0831,PC-6215,Anthony.Aidan.Nixon@dtaa.com,,,Hiroko.Kiona.Faulkner@dtaa.com,15575,0,
12/15/2010 09:18:00,HKF0831,PC-6215,Addison-E-Snyder@earthlink.net,,,Hiroko_Faulkner@netzero.com,29229,1,
12/16/2010 11:28:06,HKF0831,PC-6215,Jessica_Freeman@cox.net,,,Hiroko_Faulkner@netzero.com,27054,1,
12/17/2010 10:17:32,HKF0831,PC-6215,Emmanuel.Lawrence.Briggs@dtaa.com;Forrest.Rashad.Richards@dtaa.com,,,Hiroko.Kiona.Faulkner@dtaa.com,31689,0,
12/21/2010 14:21:31,HKF0831,PC-6215,Armand.O.Key@aol.com;Jaquelyn.A.Jimenez@optonline.net;William-Rowe@optonline.net;TaShya.D.Lane@hotmail.com,ILC5@hotmail.com,,Hiroko_Faulkner@netzero.com,27384,2,
12/22/2010 18:45:55,HKF0831,PC-6215,Forrest.Rashad.Richards@dtaa.com;Chadwick.Armand.Nunez@dtaa.com;Peter.Tad.Hartman@dtaa.com,Anthony.Aidan.Nixon@dtaa.com,,Hiroko.Kiona.Faulkner@dtaa.com,49868,2,
12/27/2010 14:17:16,HKF0831,PC-6215,Dominic.Calvin.Hewitt@dtaa.com,,,Hiroko.Kiona.Faulkner@dtaa.com,33983,0,
12/28/2010 09:24:07,HKF0831,PC-6215,Anthony.Aidan.Nixon@dtaa.com,,,Hiroko.Kiona.Faulkner@dtaa.com,13144,0,
12/29/2010 15:25:12,HKF0831,PC-6215,Chadwick.Armand.Nunez@dtaa.com,,,Hiroko.Kiona.Faulkner@dtaa.com,46246,0,
12/30/2010 11:30:16,HKF0831,PC-6215,Maryam.Nelle.Ruiz@dtaa.com;Ella.Cassandra.Rivera@dtaa.com;Joseph_Martin@northropgrumman.com,,,Hiroko.Kiona.Faulkner@dtaa.com,19395,2,
01/03/2011 09:49:38,HKF0831,PC-6215,William.Graham.Rowe@dtaa.com,,,Hiroko.Kiona.Faulkner@dtaa.com,25307,0,
01/04/2011 16:10:19,HKF0831,PC-6215,Fallon.Harriet.Shelton@dtaa.com,Emmanuel.Lawrence.Briggs@dtaa.com,,Hiroko.Kiona.Faulkner@dtaa.com,34532,0,
01/05/2011 16:06:59,HKF0831,PC-6215,Armand.O.Key@aol.com,,,Hiroko_Faulkner@netzero.com,27146,0,
01/06/2011 14:05:17,HKF0831,PC-6215,Peter.T.Hartman@optonline.net;Anne_Carey@juno.com;Malcolm_Garrison@gmail.com;LOM415@juno.com,,,Hiroko_Faulkner@netzero.com,30037,1,
01/07/2011 08:54:52,HKF0831,PC-6215,Addison-E-Snyder@earthlink.net,,,Hiroko_Faulkner@netzero.com,30672,0,
01/11/2011 12:32:30,HKF0831,PC-6215,Emmanuel.L.Briggs@optonline.net,,,Hiroko_Faulkner@netzero.com,28037,0,
01/12/2011 19:04:38,HKF0831,PC-6215,Amy.L.Chen@verizon.net;FSC5@bellsouth.net;Ivor.J.Robbins@netzero.com;Bryar_Sweet@bellsouth.net,LJB915@yahoo.com,,Hiroko_Faulkner@netzero.com,21075,2,
01/13/2011 12:12:04,HKF0831,PC-6215,Ella.Cassandra.Rivera@dtaa.com,,,Hiroko.Kiona.Faulkner@dtaa.com,30686,0,
01/14/2011 10:47:34,HKF0831,PC-6215,Aretha_Deleon@optonline.net,,,Hiroko_Faulkner@netzero.com,27962,0,
01/17/2011 15:15:24,HKF0831,PC-6215,Galena_Ashley@msn.com,,,Hiroko_Faulkner@netzero.com,30884,0,
01/18/2011 17:05:10,HKF0831,PC-6215,Dominic.Calvin.Hewitt@dtaa.com;Armand.Odysseus.Key@dtaa.com;Chadwick.Armand.Nunez@dtaa.com;Ivan.Levi.Craig@dtaa.com,,,Hiroko.Kiona.Faulkner@dtaa.com,38507,2,
01/19/2011 15:54:59,HKF0831,PC-6215,Kirby.Ruby.Lyons@dtaa.com,,,Hiroko.Kiona.Faulkner@dtaa.com,31862,0,
01/20/2011 10:59:46,HKF0831,PC-6215,Carla_Shannon@optonline.net,,,Hiroko_Faulkner@netzero.com,17499,0,
01/21/2011 18:21:55,HKF0831,PC-6215,Carter.Harrison.Maldonado@dtaa.com,,,Hiroko.Kiona.Faulkner@dtaa.com,23178,0,
01/24/2011 16:10:35,HKF0831,PC-6215,Barclay.Eaton.Hensley@dtaa.com,,,Hiroko.Kiona.Faulkner@dtaa.com,13361,1,
01/25/2011 09:14:23,HKF0831,PC-6215,Aladdin.Hu.Day@dtaa.com,,,Hiroko.Kiona.Faulkner@dtaa.com,43499,2,
01/26/2011 11:04:27,HKF0831,PC-6215,Eliana_Oneal@comcast.net,,,Hiroko_Faulkner@netzero.com,32873,1,
01/27/2011 19:24:17,HKF0831,PC-6215,Jessica.Rachel.Freeman@dtaa.com,Addison.Edward.Snyder@dtaa.com,,Hiroko.Kiona.Faulkner@dtaa.com,27775,0,
01/28/2011 17:01:19,HKF0831,PC-6215,Zachary.Myles.Cardenas@dtaa.com,,,Hiroko.Kiona.Faulkner@dtaa.com,28432,0,
01/31/2011 10:10:23,HKF0831,PC-6215,Priscilla_Vinson@comcast.net;Addison-E-Snyder@earthlink.net,,,Hiroko_Faulkner@netzero.com,40007,1,
02/01/2011 14:13:30,HKF0831,PC-6215,Malcolm_Garrison@gmail.com,,,Hiroko_Faulkner@netzero.com,17229,0,
02/02/2011 19:40:31,HKF0831,PC-6215,Chadwick.Armand.Nunez@dtaa.com,,,Hiroko.Kiona.Faulkner@dtaa.com,40423,0,
02/03/2011 12:20:25,HKF0831,PC-6215,Isadora-Shepherd@sbcglobal.net;Malcolm_Garrison@gmail.com;MNR95@charter.net;Ella.Rivera@hotmail.com;CHM782@comcast.net,,,Hiroko_Faulkner@netzero.com,19407,0,
02/04/2011 10:17:47,HKF0831,PC-6215,IAW4@charter.net,,,Hiroko_Faulkner@netzero.com,43027,0,
02/07/2011 18:11:56,HKF0831,PC-6215,Nero.Uriel.Little@dtaa.com,,,Hiroko.Kiona.Faulkner@dtaa.com,23623,0,
02/08/2011 13:16:30,HKF0831,PC-6215,AAN2553@aol.com,,,Hiroko_Faulkner@netzero.com,37088,0,
02/09/2011 16:46:05,HKF0831,PC-6215,Minerva.Emerald.Solomon@dtaa.com;Colt.Walter.Reynolds@dtaa.com;Ivor.Jelani.Robbins@dtaa.com;Aretha.Dorothy.Deleon@dtaa.com,,,Hiroko.Kiona.Faulkner@dtaa.com,19819,0,
02/10/2011 11:09:24,HKF0831,PC-6215,Dominic.Calvin.Hewitt@dtaa.com,Upton.Sebastian.Holt@dtaa.com;Jaquelyn.Angelica.Jimenez@dtaa.com;Ivor.Jelani.Robbins@dtaa.com,,Hiroko.Kiona.Faulkner@dtaa.com,21746,1,
02/11/2011 18:02:41,HKF0831,PC-6215,Dominic-Hewitt@verizon.net;Isadora-Shepherd@sbcglobal.net,,,Hiroko_Faulkner@netzero.com,28628,1,
02/14/2011 18:46:37,HKF0831,PC-6215,William.C.Becker@juno.com,,,Hiroko_Faulkner@netzero.com,22690,2,
02/15/2011 12:05:34,HKF0831,PC-6215,Aladdin.H.Day@cox.net;Aretha_Deleon@optonline.net,,,Hiroko_Faulkner@netzero.com,27105,1,
02/16/2011 19:12:28,HKF0831,PC-6215,William-Rowe@optonline.net,MNR95@charter.net;Iris.R.Terrell@comcast.net;Amy.L.Chen@verizon.net,,Hiroko_Faulkner@netzero.com,30898,3,
02/17/2011 13:20:58,HKF0831,PC-6215,Ella_N_Lewis@charter.net;Emmanuel.L.Briggs@optonline.net,,,Hiroko_Faulkner@netzero.com,24600,1,
02/18/2011 19:12:24,HKF0831,PC-6215,IAW4@charter.net,,,Hiroko_Faulkner@netzero.com,38034,0,
02/21/2011 12:01:50,HKF0831,PC-6215,Ella.Cassandra.Rivera@dtaa.com;Priscilla.Martha.Vinson@dtaa.com,,,Hiroko.Kiona.Faulkner@dtaa.com,20210,2,
02/22/2011 14:40:35,HKF0831,PC-6215,Chadwick.Armand.Nunez@dtaa.com,,,Hiroko.Kiona.Faulkner@dtaa.com,25841,0,
02/23/2011 12:50:13,HKF0831,PC-6215,Amy.L.Chen@verizon.net,LJB915@yahoo.com,,Hiroko_Faulkner@netzero.com,25564,4,
02/24/2011 15:57:44,HKF0831,PC-6215,Priscilla.Martha.Vinson@dtaa.com;Emmanuel.Lawrence.Briggs@dtaa.com,Lucas.Ahmed.Ferrell@dtaa.com,,Hiroko.Kiona.Faulkner@dtaa.com,35173,1,
02/25/2011 08:36:17,HKF0831,PC-6215,Jessica.Rachel.Freeman@dtaa.com,,,Hiroko.Kiona.Faulkner@dtaa.com,28522,0,
02/28/2011 09:10:42,HKF0831,PC-6215,Anne.Jane.Carey@dtaa.com,,,Hiroko.Kiona.Faulkner@dtaa.com,17315,0,
03/01/2011 12:28:45,HKF0831,PC-6215,Priscilla.Martha.Vinson@dtaa.com,Chadwick.Armand.Nunez@dtaa.com,,Hiroko.Kiona.Faulkner@dtaa.com,35819,0,
03/03/2011 09:55:58,HKF0831,PC-6215,Priscilla.Martha.Vinson@dtaa.com;Chantale_Foley@hp.com,,,Hiroko.Kiona.Faulkner@dtaa.com,21715,0,
03/04/2011 08:51:56,HKF0831,PC-6215,Ramona.Alma.Moses@dtaa.com,,,Hiroko.Kiona.Faulkner@dtaa.com,48610,0,
03/07/2011 08:44:54,HKF0831,PC-6215,Fallon.Harriet.Shelton@dtaa.com,,,Hiroko.Kiona.Faulkner@dtaa.com,30804,1,
03/08/2011 14:47:20,HKF0831,PC-6215,April_A_Levy@sbcglobal.net,,,Hiroko_Faulkner@netzero.com,31373,0,
03/09/2011 16:31:57,HKF0831,PC-6215,Blaze.Trevor.Stone@dtaa.com,,,Hiroko.Kiona.Faulkner@dtaa.com,23472,0,
03/10/2011 09:51:31,HKF0831,PC-6215,Fallon.Harriet.Shelton@dtaa.com,,,Hiroko.Kiona.Faulkner@dtaa.com,32494,0,
03/11/2011 19:30:46,HKF0831,PC-6215,Maryam.Nelle.Ruiz@dtaa.com;Carter.Harrison.Maldonado@dtaa.com;Priscilla.Martha.Vinson@dtaa.com;Chadwick.Armand.Nunez@dtaa.com,Amy.Lucy.Chen@dtaa.com,,Hiroko.Kiona.Faulkner@dtaa.com,21062,0,
03/14/2011 08:38:11,HKF0831,PC-6215,Ella.Rivera@hotmail.com,,,Hiroko_Faulkner@netzero.com,36157,0,
03/15/2011 17:03:11,HKF0831,PC-6215,Amy.L.Chen@verizon.net,,,Hiroko_Faulkner@netzero.com,30468,0,
03/16/2011 10:26:47,HKF0831,PC-6215,Ivan.Levi.Craig@dtaa.com,,,Hiroko.Kiona.Faulkner@dtaa.com,23207,0,
03/17/2011 17:05:33,HKF0831,PC-6215,Addison-E-Snyder@earthlink.net;Nunez-Chadwick@bellsouth.net;Priscilla_Vinson@comcast.net,,,Hiroko_Faulkner@netzero.com,42179,1,
03/18/2011 08:25:34,HKF0831,PC-6215,ILC5@hotmail.com,,,Hiroko_Faulkner@netzero.com,28827,0,
03/21/2011 15:42:37,HKF0831,PC-6215,William.Graham.Rowe@dtaa.com,,,Hiroko.Kiona.Faulkner@dtaa.com,20936,0,
03/22/2011 08:17:06,HKF0831,PC-6215,Addison.Edward.Snyder@dtaa.com;Jaquelyn.Angelica.Jimenez@dtaa.com;Brock.Aladdin.Joyce@dtaa.com;Chadwick.Armand.Nunez@dtaa.com,Emmanuel.Lawrence.Briggs@dtaa.com,,Hiroko.Kiona.Faulkner@dtaa.com,20761,0,
03/23/2011 11:40:13,HKF0831,PC-6215,Chadwick.Armand.Nunez@dtaa.com,Anne.Jane.Carey@dtaa.com,,Hiroko.Kiona.Faulkner@dtaa.com,20848,0,
03/24/2011 14:39:14,HKF0831,PC-6215,Aretha.Dorothy.Deleon@dtaa.com,,,Hiroko.Kiona.Faulkner@dtaa.com,30602,0,
03/25/2011 18:04:42,HKF0831,PC-6215,Ariel.Bertha.Murphy@dtaa.com;Ivor.Jelani.Robbins@dtaa.com,Malcolm.Sebastian.Garrison@dtaa.com,,Hiroko.Kiona.Faulkner@dtaa.com,29279,3,
03/28/2011 12:48:14,HKF0831,PC-6215,Sanders-Sylvester@bellsouth.net,,,Hiroko_Faulkner@netzero.com,15494,0,
03/29/2011 12:17:22,HKF0831,PC-6215,Ivor.Jelani.Robbins@dtaa.com;Anne.Jane.Carey@dtaa.com;William.Graham.Rowe@dtaa.com;Jaquelyn.Angelica.Jimenez@dtaa.com,,,Hiroko.Kiona.Faulkner@dtaa.com,23402,3,
03/30/2011 16:00:17,HKF0831,PC-6215,Todd-Laith@bellsouth.net,,,Hiroko_Faulkner@netzero.com,35700,1,
03/31/2011 16:28:56,HKF0831,PC-6215,Fallon.Harriet.Shelton@dtaa.com,,,Hiroko.Kiona.Faulkner@dtaa.com,28149,0,
04/01/2011 17:41:23,HKF0831,PC-6215,Madaline.S.Everett@msn.com,,,Hiroko_Faulkner@netzero.com,22753,1,
04/04/2011 09:23:15,HKF0831,PC-6215,Ivor.Herrod.Kaufman@dtaa.com,,,Hiroko.Kiona.Faulkner@dtaa.com,40607,0,
04/05/2011 08:46:55,HKF0831,PC-6215,Ivor.Herrod.Kaufman@dtaa.com,,,Hiroko.Kiona.Faulkner@dtaa.com,29056,0,
04/06/2011 11:26:23,HKF0831,PC-6215,Priscilla_Vinson@comcast.net,,,Hiroko_Faulkner@netzero.com,33462,0,
04/07/2011 19:28:11,HKF0831,PC-6215,Jessica.Rachel.Freeman@dtaa.com;Anthony.Aidan.Nixon@dtaa.com,Ivor.Herrod.Kaufman@dtaa.com,,Hiroko.Kiona.Faulkner@dtaa.com,25536,1,
04/08/2011 11:10:19,HKF0831,PC-6215,Amy.Lucy.Chen@dtaa.com;Hunter-Jocelyn@northropgrumman.com,Ivan.Levi.Craig@dtaa.com;Hedwig.Dai.Duffy@dtaa.com,,Hiroko.Kiona.Faulkner@dtaa.com,29441,1,
04/11/2011 13:30:35,HKF0831,PC-6215,Yardley.Ezra.Vang@dtaa.com;Carter.Harrison.Maldonado@dtaa.com,Addison.Edward.Snyder@dtaa.com;Ivor.Herrod.Kaufman@dtaa.com,,Hiroko.Kiona.Faulkner@dtaa.com,34590,1,
04/12/2011 17:47:42,HKF0831,PC-6215,Ivor.Herrod.Kaufman@dtaa.com,,,Hiroko.Kiona.Faulkner@dtaa.com,33041,0,
04/13/2011 18:27:59,HKF0831,PC-6215,AAN2553@aol.com;Ivor.J.Robbins@netzero.com,,,Hiroko_Faulkner@netzero.com,25445,0,
04/14/2011 17:26:05,HKF0831,PC-6215,Jaquelyn.Angelica.Jimenez@dtaa.com,Hadley.Willa.Hill@dtaa.com;Jessica.Rachel.Freeman@dtaa.com;Priscilla.Martha.Vinson@dtaa.com,,Hiroko.Kiona.Faulkner@dtaa.com,17282,1,
04/15/2011 10:35:54,HKF0831,PC-6215,Iona.Brenda.Payne@dtaa.com;Anne.Jane.Carey@dtaa.com;Jessica.Rachel.Freeman@dtaa.com,,,Hiroko.Kiona.Faulkner@dtaa.com,42342,1,
04/18/2011 19:11:30,HKF0831,PC-6215,Fallon.Harriet.Shelton@dtaa.com,Peter.Tad.Hartman@dtaa.com;Jaquelyn.Angelica.Jimenez@dtaa.com,,Hiroko.Kiona.Faulkner@dtaa.com,25633,1,
04/19/2011 19:21:38,HKF0831,PC-6215,Priscilla.Martha.Vinson@dtaa.com,Aretha.Dorothy.Deleon@dtaa.com;Charity.Uta.Daniels@dtaa.com,,Hiroko.Kiona.Faulkner@dtaa.com,23164,1,
04/20/2011 13:43:17,HKF0831,PC-6215,Medge.Nichole.Sims@dtaa.com,,,Hiroko.Kiona.Faulkner@dtaa.com,28895,0,
04/21/2011 12:31:30,HKF0831,PC-6215,Amy.L.Chen@verizon.net,,,Hiroko_Faulkner@netzero.com,28387,0,
04/25/2011 16:28:52,HKF0831,PC-6215,Richards-Beck@juno.com,,,Hiroko_Faulkner@netzero.com,26334,0,
04/26/2011 10:02:05,HKF0831,PC-6215,Ivor.Jelani.Robbins@dtaa.com,,,Hiroko.Kiona.Faulkner@dtaa.com,36423,0,
04/27/2011 10:23:28,HKF0831,PC-6215,Carter.Harrison.Maldonado@dtaa.com,,,Hiroko.Kiona.Faulkner@dtaa.com,22497,0,
04/28/2011 15:32:19,HKF0831,PC-6215,Anthony.Aidan.Nixon@dtaa.com,,,Hiroko.Kiona.Faulkner@dtaa.com,24259,0,
04/29/2011 10:32:20,HKF0831,PC-6215,Amy.Lucy.Chen@dtaa.com;William.Graham.Rowe@dtaa.com,,,Hiroko.Kiona.Faulkner@dtaa.com,17775,0,
05/02/2011 16:24:55,HKF0831,PC-6215,Forrest.Rashad.Richards@dtaa.com,,,Hiroko.Kiona.Faulkner@dtaa.com,37173,0,
05/03/2011 18:38:20,HKF0831,PC-6215,Priscilla_Vinson@comcast.net;Ella.Rivera@hotmail.com;Fallon_H_Shelton@charter.net,,,Hiroko_Faulkner@netzero.com,34367,1,
05/04/2011 16:19:53,HKF0831,PC-6215,Carter.Harrison.Maldonado@dtaa.com,,,Hiroko.Kiona.Faulkner@dtaa.com,17701,0,
05/06/2011 18:15:06,HKF0831,PC-6215,IHK9@optonline.net,,,Hiroko_Faulkner@netzero.com,16489,0,
05/09/2011 15:13:09,HKF0831,PC-6215,Amy.Lucy.Chen@dtaa.com;Laith.Jason.Britt@dtaa.com;Forrest.Rashad.Richards@dtaa.com,,,Hiroko.Kiona.Faulkner@dtaa.com,38406,1,
05/10/2011 14:15:46,HKF0831,PC-6215,Ariel.Bertha.Murphy@dtaa.com;Ivor.Herrod.Kaufman@dtaa.com,,,Hiroko.Kiona.Faulkner@dtaa.com,25795,0,
05/11/2011 17:49:55,HKF0831,PC-6215,Joseph_Martin@northropgrumman.com,,,Hiroko.Kiona.Faulkner@dtaa.com,41989,2,
05/12/2011 14:21:01,HKF0831,PC-6215,Aretha_Deleon@optonline.net;MNR95@charter.net,,,Hiroko_Faulkner@netzero.com,24420,0,
05/13/2011 15:16:27,HKF0831,PC-6215,Amy.L.Chen@verizon.net,,,Hiroko_Faulkner@netzero.com,36669,0,
05/16/2011 11:49:27,HKF0831,PC-6215,Ella.Cassandra.Rivera@dtaa.com,,,Hiroko.Kiona.Faulkner@dtaa.com,23896,0,
