01/04/2010 11:00:00,KPP0452,PC-3989,Geoffrey.Harlan.Lara@dtaa.com;Brett.Damian.Beck@dtaa.com,Ethan.Arden.Hays@dtaa.com,,Kai.Penelope.Peck@dtaa.com,27657,2,
01/05/2010 17:45:56,KPP0452,PC-3989,Sharon.Jemima.Whitehead@dtaa.com,,,Kai.Penelope.Peck@dtaa.com,29179,0,
01/06/2010 08:22:21,KPP0452,PC-3989,Teagan.Briar.Townsend@dtaa.com,,,Kai.Penelope.Peck@dtaa.com,19025,1,
01/07/2010 12:24:01,KPP0452,PC-3989,Ariel.Ina.Barrett@dtaa.com,,,Kai.Penelope.Peck@dtaa.com,20181,0,
01/08/2010 13:40:04,KPP0452,PC-3989,Melodie.Lee.Glenn@dtaa.com,,,Kai.Penelope.Peck@dtaa.com,20562,0,
01/11/2010 17:51:03,KPP0452,PC-3989,Hope.Dawn.Jensen@dtaa.com;Armando.Albert.Walter@dtaa.com,,,Kai.Penelope.Peck@dtaa.com,24089,1,
01/12/2010 13:31:30,KPP0452,PC-3989,Alfreda.Morgan.Holloway@dtaa.com;Herrera-Hector@lockheedmartin.com,,,Kai.Penelope.Peck@dtaa.com,29945,0,
01/13/2010 09:08:43,KPP0452,PC-3989,Sharon.Jemima.Whitehead@dtaa.com,,,Kai.Penelope.Peck@dtaa.com,36322,0,
01/14/2010 09:01:17,KPP0452,PC-3989,Melodie.Lee.Glenn@dtaa.com;Nero.Uriel.Little@dtaa.com,Herrera-Hector@lockheedmartin.com,,Kai.Penelope.Peck@dtaa.com,38057,1,
01/15/2010 12:01:08,KPP0452,PC-3989,THD99@netzero.com,,,Kai.P.Peck@earthlink.net,25343,0,
01/18/2010 09:19:55,KPP0452,PC-3989,Zenia.Freya.Macias@dtaa.com;Hollee.Shannon.Dudley@dtaa.com;Herrera-Hector@lockheedmartin.com,,,Kai.Penelope.Peck@dtaa.com,23213,1,
01/19/2010 11:55:08,KPP0452,PC-3989,Ivana.Kaitlin.Parsons@dtaa.com,Lacota.Dahlia.Good@dtaa.com,,Kai.Penelope.Peck@dtaa.com,20348,0,
01/20/2010 15:03:27,KPP0452,PC-3989,Callum.Jasper.Gilmore@dtaa.com;Tad.Patrick.Hardin@dtaa.com,,,Kai.Penelope.Peck@dtaa.com,46463,0,
01/21/2010 16:46:29,KPP0452,PC-3989,Herrera-Hector@lockheedmartin.com,,,Kai.Penelope.Peck@dtaa.com,46360,0,
01/22/2010 14:17:12,KPP0452,PC-3989,Cameran_Shepard@optonline.net;Zenia_Macias@verizon.net,Whitehead_Sharon@bellsouth.net;Brock-Daryl@optonline.net,,Kai.P.Peck@earthlink.net,33745,4,
01/25/2010 11:31:19,KPP0452,PC-3989,Jonah.Merritt.Wilder@dtaa.com;Cameran.Madonna.Shepard@dtaa.com,Herrera-Hector@lockheedmartin.com,,Kai.Penelope.Peck@dtaa.com,32507,1,
01/26/2010 10:39:25,KPP0452,PC-3989,Ella.Rachel.Hess@dtaa.com,,,Kai.Penelope.Peck@dtaa.com,29016,0,
01/27/2010 12:39:24,KPP0452,PC-3989,Callum.Jasper.Gilmore@dtaa.com;Teagan.Briar.Townsend@dtaa.com,Bruno.Stewart.Silva@dtaa.com;Beau.Hall.Watts@dtaa.com,,Kai.Penelope.Peck@dtaa.com,35835,1,
01/28/2010 13:38:33,KPP0452,PC-3989,Geoffrey.Harlan.Lara@dtaa.com;Aspen.Amber.Vinson@dtaa.com;Hope.Dawn.Jensen@dtaa.com,Lacota.Dahlia.Good@dtaa.com,,Kai.Penelope.Peck@dtaa.com,37871,0,
01/29/2010 17:20:03,KPP0452,PC-3989,ORB5853@aol.com,,,Kai.P.Peck@earthlink.net,19904,0,
02/01/2010 17:59:21,KPP0452,PC-3989,Herrera-Hector@lockheedmartin.com,,,Kai.Penelope.Peck@dtaa.com,46502,8,
02/02/2010 10:04:41,KPP0452,PC-3989,Hollee.Shannon.Dudley@dtaa.com,,,Kai.Penelope.Peck@dtaa.com,23857,0,
02/03/2010 16:41:50,KPP0452,PC-3989,Ethan.Arden.Hays@dtaa.com,,,Kai.Penelope.Peck@dtaa.com,23993,0,
02/04/2010 14:15:32,KPP0452,PC-3989,Geoffrey-Lara@optonline.net,,,Kai.P.Peck@earthlink.net,43208,0,
02/05/2010 15:40:38,KPP0452,PC-3989,Jerry.Kennan.Fischer@dtaa.com,,,Kai.Penelope.Peck@dtaa.com,16826,0,
02/08/2010 14:35:23,KPP0452,PC-3989,Cade.Rajah.Patterson@dtaa.com;Alea.Tana.Ferrell@dtaa.com;Nero.Uriel.Little@dtaa.com;Ivana.Kaitlin.Parsons@dtaa.com,,,Kai.Penelope.Peck@dtaa.com,28194,0,
02/09/2010 08:04:05,KPP0452,PC-3989,CCM7@bellsouth.net,,,Kai.P.Peck@earthlink.net,17927,0,
02/10/2010 16:22:33,KPP0452,PC-3989,Felicia.Rhona.Butler@dtaa.com,,,Kai.Penelope.Peck@dtaa.com,43987,0,
02/11/2010 09:25:59,KPP0452,PC-3989,Aspen.Amber.Vinson@dtaa.com;Chester.Caldwell.Mendoza@dtaa.com;Geoffrey.Harlan.Lara@dtaa.com,Ivana.Kaitlin.Parsons@dtaa.com,,Kai.Penelope.Peck@dtaa.com,21150,0,
02/12/2010 16:08:06,KPP0452,PC-3989,THD99@netzero.com,,,Kai.P.Peck@earthlink.net,30491,0,
02/15/2010 09:45:25,KPP0452,PC-3989,Beau.Hall.Watts@dtaa.com;Zenia.Freya.Macias@dtaa.com;Callum.Jasper.Gilmore@dtaa.com,Brett.Damian.Beck@dtaa.com,,Kai.Penelope.Peck@dtaa.com,35188,1,
02/16/2010 17:10:00,KPP0452,PC-3989,George.Zachery.Burch@dtaa.com,,,Kai.Penelope.Peck@dtaa.com,37322,0,
02/17/2010 11:38:38,KPP0452,PC-3989,Beck.Troy.Richards@dtaa.com;Herrera-Hector@lockheedmartin.com,Lacota.Dahlia.Good@dtaa.com,,Kai.Penelope.Peck@dtaa.com,18354,0,
02/18/2010 14:13:23,KPP0452,PC-3989,Hope.Dawn.Jensen@dtaa.com,Ramona.Alma.Moses@dtaa.com,,Kai.Penelope.Peck@dtaa.com,20273,0,
02/19/2010 17:04:13,KPP0452,PC-3989,SOB8@sbcglobal.net;Cameran_Shepard@optonline.net,,,Kai.P.Peck@earthlink.net,18404,0,
02/22/2010 08:51:58,KPP0452,PC-3989,Ivana.Kaitlin.Parsons@dtaa.com,Lacota.Dahlia.Good@dtaa.com,,Kai.Penelope.Peck@dtaa.com,42971,0,
02/23/2010 17:38:12,KPP0452,PC-3989,Akeem.William.Mayer@dtaa.com;Akeem.Jerry.Lopez@dtaa.com;Cade.Rajah.Patterson@dtaa.com;Owen.Ross.Burks@dtaa.com,Jeremy.Rooney.Henderson@dtaa.com,,Kai.Penelope.Peck@dtaa.com,23720,1,
02/24/2010 11:31:58,KPP0452,PC-3989,Owen.Ross.Burks@dtaa.com,,,Kai.Penelope.Peck@dtaa.com,20873,0,
02/25/2010 14:23:38,KPP0452,PC-3989,THD99@netzero.com,,,Kai.P.Peck@earthlink.net,29945,0,
02/26/2010 14:48:17,KPP0452,PC-3989,Armando.Albert.Walter@dtaa.com,Beau.Hall.Watts@dtaa.com,,Kai.Penelope.Peck@dtaa.com,24236,0,
03/01/2010 09:26:06,KPP0452,PC-3989,Aspen.Amber.Vinson@dtaa.com;Ella.Rachel.Hess@dtaa.com,Geoffrey.Harlan.Lara@dtaa.com,,Kai.Penelope.Peck@dtaa.com,38430,0,
03/02/2010 08:45:07,KPP0452,PC-3989,NUL53@gmail.com,,,Kai.P.Peck@earthlink.net,23240,0,
03/03/2010 11:57:29,KPP0452,PC-3989,Nero.Uriel.Little@dtaa.com;Melodie.Lee.Glenn@dtaa.com,,,Kai.Penelope.Peck@dtaa.com,25201,0,
03/04/2010 09:44:28,KPP0452,PC-3989,Melodie.Lee.Glenn@dtaa.com;Latifah_Price@boeing.com,Chester.Caldwell.Mendoza@dtaa.com,,Kai.Penelope.Peck@dtaa.com,28926,0,
03/05/2010 17:24:45,KPP0452,PC-3989,Hope.Dawn.Jensen@dtaa.com,,,Kai.Penelope.Peck@dtaa.com,30875,2,
03/08/2010 11:49:44,KPP0452,PC-3989,Ella.R.Hess@cox.net,,,Kai.P.Peck@earthlink.net,31428,2,
03/09/2010 17:50:39,KPP0452,PC-3989,Bruno.Stewart.Silva@dtaa.com;Tad.Harlan.Duncan@dtaa.com,,,Kai.Penelope.Peck@dtaa.com,35580,1,
03/10/2010 08:21:46,KPP0452,PC-3989,Ira.Brendan.Ball@dtaa.com,Ella.Rachel.Hess@dtaa.com;Hollee.Shannon.Dudley@dtaa.com,,Kai.Penelope.Peck@dtaa.com,37085,0,
03/11/2010 15:15:52,KPP0452,PC-3989,Jerry.Kennan.Fischer@dtaa.com,,,Kai.Penelope.Peck@dtaa.com,44732,0,
03/12/2010 15:04:13,KPP0452,PC-3989,Hardin-Tad@optonline.net;Walter-Armando@comcast.net;Herrera.Hector@juno.com,Ramona_Moses@juno.com,,Kai.P.Peck@earthlink.net,51154,0,
03/15/2010 08:48:57,KPP0452,PC-3989,Beau.Hall.Watts@dtaa.com;Lacota.Dahlia.Good@dtaa.com,,,Kai.Penelope.Peck@dtaa.com,27511,0,
03/16/2010 10:06:24,KPP0452,PC-3989,Zenia_Smith@raytheon.com,,,Kai.Penelope.Peck@dtaa.com,14146,0,
03/17/2010 12:18:21,KPP0452,PC-3989,Beau.Hall.Watts@dtaa.com;Bruno.Stewart.Silva@dtaa.com,,,Kai.Penelope.Peck@dtaa.com,22285,0,
03/18/2010 16:28:46,KPP0452,PC-3989,Erich.Harding.Bryant@dtaa.com;Alfreda.Morgan.Holloway@dtaa.com;Herrera-Hector@lockheedmartin.com,Lacota.Dahlia.Good@dtaa.com,,Kai.Penelope.Peck@dtaa.com,36887,0,
03/19/2010 14:32:43,KPP0452,PC-3989,Patterson-Cade@sbcglobal.net,,,Kai.P.Peck@earthlink.net,32736,0,
03/22/2010 17:09:07,KPP0452,PC-3989,George.Zachery.Burch@dtaa.com,Ivana.Kaitlin.Parsons@dtaa.com;Cameran.Madonna.Shepard@dtaa.com,,Kai.Penelope.Peck@dtaa.com,19170,3,
03/23/2010 12:58:44,KPP0452,PC-3989,Owen.Ross.Burks@dtaa.com;Geoffrey.Harlan.Lara@dtaa.com;Rhiannon.L.Velasquez@harris.com,Tyrone.Damian.Garner@dtaa.com;Callum.Jasper.Gilmore@dtaa.com,,Kai.Penelope.Peck@dtaa.com,38278,2,
03/24/2010 18:01:09,KPP0452,PC-3989,Ivana.Kaitlin.Parsons@dtaa.com;Bruno.Stewart.Silva@dtaa.com,Herrera-Hector@lockheedmartin.com,,Kai.Penelope.Peck@dtaa.com,47703,1,
03/25/2010 15:59:15,KPP0452,PC-3989,Tad.Patrick.Hardin@dtaa.com,,,Kai.Penelope.Peck@dtaa.com,19010,0,
03/26/2010 14:30:37,KPP0452,PC-3989,George.Zachery.Burch@dtaa.com,,,Kai.Penelope.Peck@dtaa.com,27590,0,
03/29/2010 14:44:23,KPP0452,PC-3989,Nero.Uriel.Little@dtaa.com,Ella.Rachel.Hess@dtaa.com,,Kai.Penelope.Peck@dtaa.com,14210,3,
03/30/2010 16:29:49,KPP0452,PC-3989,Chester.Caldwell.Mendoza@dtaa.com,,,Kai.Penelope.Peck@dtaa.com,30079,0,
03/31/2010 15:29:41,KPP0452,PC-3989,Ivana_Parsons@charter.net,,,Kai.P.Peck@earthlink.net,22895,0,
04/01/2010 16:21:08,KPP0452,PC-3989,Owen.Ross.Burks@dtaa.com,,,Kai.Penelope.Peck@dtaa.com,22581,0,
04/05/2010 13:46:55,KPP0452,PC-3989,Nero.Uriel.Little@dtaa.com;Aspen.Amber.Vinson@dtaa.com,Bruno.Stewart.Silva@dtaa.com,,Kai.Penelope.Peck@dtaa.com,34861,4,
04/06/2010 09:49:01,KPP0452,PC-3989,Brett.Damian.Beck@dtaa.com;Sharon.Jemima.Whitehead@dtaa.com;Zenia.Freya.Macias@dtaa.com,,,Kai.Penelope.Peck@dtaa.com,22082,1,
04/07/2010 14:50:09,KPP0452,PC-3989,Zenia.Freya.Macias@dtaa.com;Connor.Phelan.Guerra@dtaa.com;Herrera-Hector@lockheedmartin.com,,,Kai.Penelope.Peck@dtaa.com,26762,0,
04/08/2010 15:02:28,KPP0452,PC-3989,Nero.Uriel.Little@dtaa.com,,,Kai.Penelope.Peck@dtaa.com,54830,0,
04/09/2010 09:28:32,KPP0452,PC-3989,Ivana_Parsons@charter.net,,,Kai.P.Peck@earthlink.net,46347,0,
04/12/2010 17:11:16,KPP0452,PC-3989,Brett.Damian.Beck@dtaa.com,,,Kai.Penelope.Peck@dtaa.com,20941,8,
04/13/2010 17:18:43,KPP0452,PC-3989,Brett.Damian.Beck@dtaa.com;Cameran.Madonna.Shepard@dtaa.com,Salvador.Herman.Raymond@dtaa.com,,Kai.Penelope.Peck@dtaa.com,37283,0,
04/14/2010 14:50:18,KPP0452,PC-3989,NUL53@gmail.com,Dawson-Tiger@earthlink.net;Herrera.Hector@juno.com,,Kai.P.Peck@earthlink.net,16936,0,
04/15/2010 17:20:30,KPP0452,PC-3989,Ivana.Kaitlin.Parsons@dtaa.com,,,Kai.Penelope.Peck@dtaa.com,37080,0,
04/16/2010 13:23:41,KPP0452,PC-3989,Beau.Hall.Watts@dtaa.com;Ramona.Alma.Moses@dtaa.com;Hope.Dawn.Jensen@dtaa.com,Hollee.Shannon.Dudley@dtaa.com,,Kai.Penelope.Peck@dtaa.com,36883,0,
04/19/2010 17:59:49,KPP0452,PC-3989,Jerry_Fischer@verizon.net;Aspen_Vinson@cox.net;Herrera.Hector@juno.com,,,Kai.P.Peck@earthlink.net,23786,0,
04/20/2010 17:56:30,KPP0452,PC-3989,Cade.Rajah.Patterson@dtaa.com,,,Kai.Penelope.Peck@dtaa.com,28537,0,
04/21/2010 16:59:14,KPP0452,PC-3989,FRR127@earthlink.net,Ella.R.Hess@cox.net,,Kai.P.Peck@earthlink.net,23713,0,
04/22/2010 10:00:45,KPP0452,PC-3989,NUL53@gmail.com;SOF69@netzero.com,,,Kai.P.Peck@earthlink.net,23798,0,
04/23/2010 11:30:26,KPP0452,PC-3989,George.Zachery.Burch@dtaa.com,,,Kai.Penelope.Peck@dtaa.com,31001,0,
04/26/2010 09:07:51,KPP0452,PC-3989,NUL53@gmail.com,,,Kai.P.Peck@earthlink.net,28303,0,
04/27/2010 16:14:10,KPP0452,PC-3989,Hope.Dawn.Jensen@dtaa.com;Ramona.Alma.Moses@dtaa.com;Bruno.Stewart.Silva@dtaa.com,Beau.Hall.Watts@dtaa.com,,Kai.Penelope.Peck@dtaa.com,26865,1,
04/28/2010 08:50:33,KPP0452,PC-3989,THD99@netzero.com;George_Burch@yahoo.com,,,Kai.P.Peck@earthlink.net,25763,0,
04/29/2010 17:26:31,KPP0452,PC-3989,Hollee_Dudley@comcast.net,,,Kai.P.Peck@earthlink.net,18474,0,
04/30/2010 12:36:28,KPP0452,PC-3989,Hadley.Leandra.May@dtaa.com;Owen.Ross.Burks@dtaa.com;Cameran.Madonna.Shepard@dtaa.com,,,Kai.Penelope.Peck@dtaa.com,28885,1,
05/03/2010 11:33:49,KPP0452,PC-3989,Ivana.Kaitlin.Parsons@dtaa.com,,,Kai.Penelope.Peck@dtaa.com,25485,0,
05/04/2010 10:00:05,KPP0452,PC-3989,Akeem.Jerry.Lopez@dtaa.com,,,Kai.Penelope.Peck@dtaa.com,28256,0,
05/05/2010 14:05:15,KPP0452,PC-3989,Pate-Carl@cox.net,,,Kai.P.Peck@earthlink.net,43760,0,
05/06/2010 10:18:21,KPP0452,PC-3989,Pate-Carl@cox.net,,,Kai.P.Peck@earthlink.net,21038,0,
05/07/2010 14:32:08,KPP0452,PC-3989,Ivana_Parsons@charter.net,Melodie_L_Glenn@gmail.com;Akeem-Lopez@netzero.com;Patterson-Cade@sbcglobal.net;Whitehead_Sharon@bellsouth.net,,Kai.P.Peck@earthlink.net,37506,1,
05/10/2010 17:56:21,KPP0452,PC-3989,Alfreda.Morgan.Holloway@dtaa.com,,,Kai.Penelope.Peck@dtaa.com,31750,0,
05/11/2010 08:00:35,KPP0452,PC-3989,Ella.Rachel.Hess@dtaa.com,Xandra.Briar.Nielsen@dtaa.com,,Kai.Penelope.Peck@dtaa.com,37236,0,
05/12/2010 13:34:30,KPP0452,PC-3989,THD99@netzero.com,BCB2818@cox.net,,Kai.P.Peck@earthlink.net,23472,0,
05/13/2010 08:45:59,KPP0452,PC-3989,Jerry.Kennan.Fischer@dtaa.com;Ella.Rachel.Hess@dtaa.com;Zenia_Smith@raytheon.com,Brett.Damian.Beck@dtaa.com,,Kai.Penelope.Peck@dtaa.com,20192,7,
05/14/2010 13:41:24,KPP0452,PC-3989,Armando.Albert.Walter@dtaa.com,Aspen.Amber.Vinson@dtaa.com;Ivana.Kaitlin.Parsons@dtaa.com,,Kai.Penelope.Peck@dtaa.com,46410,0,
05/17/2010 17:10:31,KPP0452,PC-3989,Alfreda.Morgan.Holloway@dtaa.com,,,Kai.Penelope.Peck@dtaa.com,56649,0,
05/18/2010 11:00:31,KPP0452,PC-3989,Sharon.Jemima.Whitehead@dtaa.com;Nero.Uriel.Little@dtaa.com;Hope.Dawn.Jensen@dtaa.com;RHC87@boeing.com,Herrera-Hector@lockheedmartin.com,,Kai.Penelope.Peck@dtaa.com,57438,0,
05/19/2010 09:23:32,KPP0452,PC-3989,Wing.Noah.Bonner@dtaa.com,,,Kai.Penelope.Peck@dtaa.com,27113,0,
05/20/2010 07:56:04,KPP0452,PC-3989,Nero.Uriel.Little@dtaa.com,Owen.Ross.Burks@dtaa.com;HKL8654@harris.com;Herrera-Hector@lockheedmartin.com,,Kai.Penelope.Peck@dtaa.com,20276,1,
05/21/2010 11:19:18,KPP0452,PC-3989,Owen.Ross.Burks@dtaa.com,,,Kai.Penelope.Peck@dtaa.com,34277,0,
05/24/2010 12:24:06,KPP0452,PC-3989,Owen.Ross.Burks@dtaa.com;Akeem.Jerry.Lopez@dtaa.com,,,Kai.Penelope.Peck@dtaa.com,41861,0,
05/25/2010 12:48:39,KPP0452,PC-3989,NUL53@gmail.com,,,Kai.P.Peck@earthlink.net,58883,0,
05/26/2010 15:46:11,KPP0452,PC-3989,Jin.Jonathan.Buckley@dtaa.com,,,Kai.Penelope.Peck@dtaa.com,20581,0,
05/27/2010 11:40:59,KPP0452,PC-3989,Tad.Harlan.Duncan@dtaa.com;Tad.Patrick.Hardin@dtaa.com,Herrera-Hector@lockheedmartin.com,,Kai.Penelope.Peck@dtaa.com,51211,1,
05/28/2010 08:52:47,KPP0452,PC-3989,Blaine.Jelani.Weeks@dtaa.com;Ramona.Alma.Moses@dtaa.com,,,Kai.Penelope.Peck@dtaa.com,24254,0,
06/01/2010 14:20:11,KPP0452,PC-3989,Tad.Patrick.Hardin@dtaa.com;Alfreda.Morgan.Holloway@dtaa.com;RHC87@boeing.com,Melodie.Lee.Glenn@dtaa.com,,Kai.Penelope.Peck@dtaa.com,22473,0,
06/02/2010 10:25:26,KPP0452,PC-3989,Jerry_Fischer@verizon.net;Latifah_A_Price@netzero.com;JBA559@juno.com,Hollee_Dudley@comcast.net,,Kai.P.Peck@earthlink.net,33879,0,
06/03/2010 15:20:05,KPP0452,PC-3989,Fletcher.Perry.Cantu@dtaa.com,,,Kai.Penelope.Peck@dtaa.com,29841,0,
06/04/2010 09:34:00,KPP0452,PC-3989,Zenia.Freya.Macias@dtaa.com;Hahn-Alexander@harris.com,,,Kai.Penelope.Peck@dtaa.com,26551,0,
06/07/2010 15:47:37,KPP0452,PC-3989,Ramona.Alma.Moses@dtaa.com;Ella.Rachel.Hess@dtaa.com,Lacota.Dahlia.Good@dtaa.com;Melodie.Lee.Glenn@dtaa.com,,Kai.Penelope.Peck@dtaa.com,40915,0,
06/08/2010 11:45:53,KPP0452,PC-3989,Tad.Patrick.Hardin@dtaa.com,,,Kai.Penelope.Peck@dtaa.com,40928,0,
06/09/2010 13:46:53,KPP0452,PC-3989,Jerry_Fischer@verizon.net;Colin.E.Brown@bellsouth.net,,,Kai.P.Peck@earthlink.net,20427,0,
06/10/2010 10:04:13,KPP0452,PC-3989,Carter.Harrison.Maldonado@dtaa.com;Tad.Patrick.Hardin@dtaa.com,Geoffrey.Harlan.Lara@dtaa.com,,Kai.Penelope.Peck@dtaa.com,39240,0,
06/11/2010 13:01:08,KPP0452,PC-3989,THD99@netzero.com,Herrera.Hector@juno.com,,Kai.P.Peck@earthlink.net,27096,0,
06/14/2010 10:22:24,KPP0452,PC-3989,Ella.Rachel.Hess@dtaa.com;Alfreda.Morgan.Holloway@dtaa.com;Maryam.Nelle.Ruiz@dtaa.com;Callum.Jasper.Gilmore@dtaa.com,,,Kai.Penelope.Peck@dtaa.com,22259,1,
06/15/2010 16:09:35,KPP0452,PC-3989,Teagan.Briar.Townsend@dtaa.com,Bruno.Stewart.Silva@dtaa.com,,Kai.Penelope.Peck@dtaa.com,17440,0,
06/16/2010 10:33:45,KPP0452,PC-3989,Lacota.Hilda.Lindsey@dtaa.com,,,Kai.Penelope.Peck@dtaa.com,26190,0,
06/17/2010 08:11:12,KPP0452,PC-3989,Chester.Caldwell.Mendoza@dtaa.com,,,Kai.Penelope.Peck@dtaa.com,25696,0,
06/18/2010 10:45:29,KPP0452,PC-3989,Ramona_Moses@juno.com,,,Kai.P.Peck@earthlink.net,25879,0,
06/21/2010 17:14:27,KPP0452,PC-3989,Melodie.Lee.Glenn@dtaa.com;Sharon.Jemima.Whitehead@dtaa.com;Aspen.Amber.Vinson@dtaa.com,,,Kai.Penelope.Peck@dtaa.com,48472,1,
06/22/2010 13:25:30,KPP0452,PC-3989,Teagan.Briar.Townsend@dtaa.com;Ella.Rachel.Hess@dtaa.com,,,Kai.Penelope.Peck@dtaa.com,43634,0,
06/23/2010 17:16:06,KPP0452,PC-3989,Ivana.Kaitlin.Parsons@dtaa.com;Ramona.Alma.Moses@dtaa.com;Lacota.Dahlia.Good@dtaa.com,,,Kai.Penelope.Peck@dtaa.com,22305,1,
06/24/2010 12:48:32,KPP0452,PC-3989,Nero.Uriel.Little@dtaa.com;NHG812@harris.com,,,Kai.Penelope.Peck@dtaa.com,25542,0,
06/25/2010 14:14:17,KPP0452,PC-3989,Hollee.Shannon.Dudley@dtaa.com;Rhoda.K.Estrada@boeing.com,,,Kai.Penelope.Peck@dtaa.com,23291,0,
06/28/2010 08:33:59,KPP0452,PC-3989,Ramona.Alma.Moses@dtaa.com;Zenia.Freya.Macias@dtaa.com,Teagan.Briar.Townsend@dtaa.com,,Kai.Penelope.Peck@dtaa.com,28347,4,
06/29/2010 14:28:30,KPP0452,PC-3989,Cade.Rajah.Patterson@dtaa.com,,,Kai.Penelope.Peck@dtaa.com,26861,0,
06/30/2010 15:05:13,KPP0452,PC-3989,Jerry.Kennan.Fischer@dtaa.com,,,Kai.Penelope.Peck@dtaa.com,35280,0,
07/01/2010 16:51:15,KPP0452,PC-3989,Aspen.Amber.Vinson@dtaa.com;Chester.Caldwell.Mendoza@dtaa.com,,,Kai.Penelope.Peck@dtaa.com,19440,0,
07/02/2010 14:00:20,KPP0452,PC-3989,Ivana.Kaitlin.Parsons@dtaa.com;Melodie.Lee.Glenn@dtaa.com,Kyla.Jocelyn.Porter@dtaa.com;JAP353@boeing.com,,Kai.Penelope.Peck@dtaa.com,33322,1,
07/06/2010 14:33:18,KPP0452,PC-3989,EJR47@hotmail.com,,,Kai.P.Peck@earthlink.net,43418,0,
07/07/2010 14:23:10,KPP0452,PC-3989,Ivana.Kaitlin.Parsons@dtaa.com,,,Kai.Penelope.Peck@dtaa.com,23599,0,
07/08/2010 09:42:50,KPP0452,PC-3989,Ella.R.Hess@cox.net;NUL53@gmail.com;Herrera.Hector@juno.com;Rhoda_K_Estrada@aol.com,,,Kai.P.Peck@earthlink.net,28975,0,
07/09/2010 13:35:34,KPP0452,PC-3989,Cameran_Shepard@optonline.net,,,Kai.P.Peck@earthlink.net,34881,0,
07/12/2010 13:45:46,KPP0452,PC-3989,Brett.Damian.Beck@dtaa.com,,,Kai.Penelope.Peck@dtaa.com,17332,0,
07/13/2010 12:10:20,KPP0452,PC-3989,CDP436@raytheon.com,,,Kai.Penelope.Peck@dtaa.com,18760,0,
07/14/2010 14:35:50,KPP0452,PC-3989,Tad.Patrick.Hardin@dtaa.com,,,Kai.Penelope.Peck@dtaa.com,46704,0,
07/15/2010 11:57:24,KPP0452,PC-3989,Bruno.Stewart.Silva@dtaa.com;Cameran.Madonna.Shepard@dtaa.com;Zenia.Freya.Macias@dtaa.com,Nero.Uriel.Little@dtaa.com;JAP353@boeing.com,,Kai.Penelope.Peck@dtaa.com,32919,0,
07/16/2010 09:17:12,KPP0452,PC-3989,Jerry.Kennan.Fischer@dtaa.com,,,Kai.Penelope.Peck@dtaa.com,48157,0,
07/19/2010 16:37:28,KPP0452,PC-3989,Ramona.Alma.Moses@dtaa.com,,,Kai.Penelope.Peck@dtaa.com,16711,0,
07/20/2010 14:24:25,KPP0452,PC-3989,Nero.Uriel.Little@dtaa.com;Ella.Rachel.Hess@dtaa.com;George.Zachery.Burch@dtaa.com;Ivana.Kaitlin.Parsons@dtaa.com,Jerry.Kennan.Fischer@dtaa.com,,Kai.Penelope.Peck@dtaa.com,49095,0,
07/22/2010 16:16:42,KPP0452,PC-3989,Chandler_Norris@harris.com,,,Kai.Penelope.Peck@dtaa.com,31895,0,
07/23/2010 17:10:26,KPP0452,PC-3989,Cameran.Madonna.Shepard@dtaa.com;George.Zachery.Burch@dtaa.com;Geoffrey.Harlan.Lara@dtaa.com;Hope.Dawn.Jensen@dtaa.com,,,Kai.Penelope.Peck@dtaa.com,40197,2,
07/26/2010 16:10:33,KPP0452,PC-3989,Owen.Ross.Burks@dtaa.com,Daryl.Ocean.Patel@dtaa.com,,Kai.Penelope.Peck@dtaa.com,28671,0,
07/27/2010 08:43:13,KPP0452,PC-3989,Chester.Caldwell.Mendoza@dtaa.com;Tad.Harlan.Duncan@dtaa.com,,,Kai.Penelope.Peck@dtaa.com,29677,0,
07/28/2010 11:39:31,KPP0452,PC-3989,Beau.Hall.Watts@dtaa.com,,,Kai.Penelope.Peck@dtaa.com,24086,0,
07/29/2010 15:57:21,KPP0452,PC-3989,Aspen.Amber.Vinson@dtaa.com,,,Kai.Penelope.Peck@dtaa.com,26244,0,
07/30/2010 08:48:04,KPP0452,PC-3989,Cameran.Madonna.Shepard@dtaa.com;George.Zachery.Burch@dtaa.com,Owen.Ross.Burks@dtaa.com,,Kai.Penelope.Peck@dtaa.com,22235,0,
08/02/2010 14:16:55,KPP0452,PC-3989,Nero.Uriel.Little@dtaa.com,,,Kai.Penelope.Peck@dtaa.com,44831,0,
08/03/2010 08:05:11,KPP0452,PC-3989,Armando.Albert.Walter@dtaa.com;Hahn-Alexander@harris.com,Anne.Jane.Carey@dtaa.com;Sharon.Jemima.Whitehead@dtaa.com,,Kai.Penelope.Peck@dtaa.com,19030,0,
08/04/2010 15:00:25,KPP0452,PC-3989,Akeem.Jerry.Lopez@dtaa.com,Callum.Jasper.Gilmore@dtaa.com,,Kai.Penelope.Peck@dtaa.com,37562,0,
08/05/2010 10:15:02,KPP0452,PC-3989,George.Zachery.Burch@dtaa.com;Hollee.Shannon.Dudley@dtaa.com;Lacota.Dahlia.Good@dtaa.com,,,Kai.Penelope.Peck@dtaa.com,41172,0,
08/06/2010 10:20:26,KPP0452,PC-3989,Hollee.Shannon.Dudley@dtaa.com;Alfreda.Morgan.Holloway@dtaa.com,,,Kai.Penelope.Peck@dtaa.com,17201,0,
08/09/2010 11:41:45,KPP0452,PC-3989,Zenia_Macias@verizon.net,,,Kai.P.Peck@earthlink.net,22660,0,
08/10/2010 09:55:04,KPP0452,PC-3989,Ella.Rachel.Hess@dtaa.com,,,Kai.Penelope.Peck@dtaa.com,15782,0,
08/11/2010 08:58:03,KPP0452,PC-3989,Ella.Rachel.Hess@dtaa.com,,,Kai.Penelope.Peck@dtaa.com,29509,0,
08/12/2010 09:26:32,KPP0452,PC-3989,Melodie_L_Glenn@gmail.com;Patterson-Cade@sbcglobal.net,,,Kai.P.Peck@earthlink.net,20035,0,
08/13/2010 17:04:29,KPP0452,PC-3989,Geoffrey.Harlan.Lara@dtaa.com;Jerry.Kennan.Fischer@dtaa.com;Owen.Ross.Burks@dtaa.com;Cade.Rajah.Patterson@dtaa.com,,,Kai.Penelope.Peck@dtaa.com,27219,1,
08/17/2010 16:34:41,KPP0452,PC-3989,Hope.Dawn.Jensen@dtaa.com;Ramona.Alma.Moses@dtaa.com,Jerry.Kennan.Fischer@dtaa.com;Hollee.Shannon.Dudley@dtaa.com,,Kai.Penelope.Peck@dtaa.com,46795,1,
08/18/2010 13:24:54,KPP0452,PC-3989,Alfreda.Morgan.Holloway@dtaa.com,,,Kai.Penelope.Peck@dtaa.com,31582,0,
08/19/2010 10:11:53,KPP0452,PC-3989,CCM7@bellsouth.net;Lacota_Good@cox.net;Melodie_L_Glenn@gmail.com,Ramona_Moses@juno.com;Regina_Thompson@bellsouth.net,,Kai.P.Peck@earthlink.net,22160,1,
08/20/2010 10:14:38,KPP0452,PC-3989,Whitehead_Sharon@bellsouth.net,Lacota_Good@cox.net;Regina_Thompson@bellsouth.net,,Kai.P.Peck@earthlink.net,27967,0,
08/23/2010 13:25:19,KPP0452,PC-3989,Alfreda.Morgan.Holloway@dtaa.com,,,Kai.Penelope.Peck@dtaa.com,8714,0,
08/24/2010 17:52:11,KPP0452,PC-3989,Ella.Rachel.Hess@dtaa.com;Kenyon.Raja.Galloway@dtaa.com;JAP353@boeing.com,,,Kai.Penelope.Peck@dtaa.com,32975,0,
08/25/2010 09:14:06,KPP0452,PC-3989,Hope.Dawn.Jensen@dtaa.com,,,Kai.Penelope.Peck@dtaa.com,18286,0,
08/26/2010 15:03:41,KPP0452,PC-3989,George.Zachery.Burch@dtaa.com,,,Kai.Penelope.Peck@dtaa.com,33060,0,
08/30/2010 16:15:12,KPP0452,PC-3989,Ella.Rachel.Hess@dtaa.com,,,Kai.Penelope.Peck@dtaa.com,33410,0,
08/31/2010 10:47:14,KPP0452,PC-3989,Beau.Hall.Watts@dtaa.com,,,Kai.Penelope.Peck@dtaa.com,27750,0,
09/01/2010 12:08:46,KPP0452,PC-3989,Tad.Harlan.Duncan@dtaa.com,,,Kai.Penelope.Peck@dtaa.com,51281,0,
09/02/2010 15:01:18,KPP0452,PC-3989,Chester.Caldwell.Mendoza@dtaa.com,,,Kai.Penelope.Peck@dtaa.com,34697,0,
09/03/2010 09:11:24,KPP0452,PC-3989,Akeem-Lopez@netzero.com,,,Kai.P.Peck@earthlink.net,27581,0,
09/07/2010 14:52:53,KPP0452,PC-3989,Sharon.Jemima.Whitehead@dtaa.com,,,Kai.Penelope.Peck@dtaa.com,26505,0,
09/08/2010 12:33:12,KPP0452,PC-3989,Yasir.Dexter.Nelson@dtaa.com;Aspen.Amber.Vinson@dtaa.com;Lacota.Dahlia.Good@dtaa.com;Cade.Rajah.Patterson@dtaa.com,,,Kai.Penelope.Peck@dtaa.com,47612,5,
09/09/2010 16:16:43,KPP0452,PC-3989,Aspen_Vinson@cox.net;JAP42@sbcglobal.net,,,Kai.P.Peck@earthlink.net,29652,0,
09/10/2010 16:08:22,KPP0452,PC-3989,Lacota.Dahlia.Good@dtaa.com;Hope.Dawn.Jensen@dtaa.com,,,Kai.Penelope.Peck@dtaa.com,18054,0,
09/14/2010 11:44:48,KPP0452,PC-3989,Ivana_Parsons@charter.net;Patterson-Cade@sbcglobal.net,NUL53@gmail.com,,Kai.P.Peck@earthlink.net,25934,0,
09/15/2010 12:26:37,KPP0452,PC-3989,Zenia.Freya.Macias@dtaa.com,George.Zachery.Burch@dtaa.com;Ivana.Kaitlin.Parsons@dtaa.com,,Kai.Penelope.Peck@dtaa.com,45322,0,
09/16/2010 13:49:45,KPP0452,PC-3989,THD99@netzero.com,,,Kai.P.Peck@earthlink.net,13129,1,
09/17/2010 17:33:52,KPP0452,PC-3989,Lacota_Good@cox.net,,,Kai.P.Peck@earthlink.net,22215,0,
09/20/2010 10:46:51,KPP0452,PC-3989,Armando.Albert.Walter@dtaa.com,Vernon.Samuel.Sawyer@dtaa.com,,Kai.Penelope.Peck@dtaa.com,24177,0,
09/21/2010 09:12:04,KPP0452,PC-3989,Walter-Armando@comcast.net;Akeem-Lopez@netzero.com,,,Kai.P.Peck@earthlink.net,34018,0,
09/22/2010 10:46:50,KPP0452,PC-3989,Callum.Jasper.Gilmore@dtaa.com;Ivana.Kaitlin.Parsons@dtaa.com,Ella.Rachel.Hess@dtaa.com,,Kai.Penelope.Peck@dtaa.com,51329,0,
09/23/2010 15:37:48,KPP0452,PC-3989,Aspen.Amber.Vinson@dtaa.com,,,Kai.Penelope.Peck@dtaa.com,21971,1,
09/24/2010 08:08:59,KPP0452,PC-3989,Callum.Jasper.Gilmore@dtaa.com,,,Kai.Penelope.Peck@dtaa.com,29374,0,
09/27/2010 17:57:54,KPP0452,PC-3989,Dai.Keely.Bullock@dtaa.com,,,Kai.Penelope.Peck@dtaa.com,32840,0,
09/28/2010 18:00:03,KPP0452,PC-3989,Ivana.Kaitlin.Parsons@dtaa.com;Alfreda.Morgan.Holloway@dtaa.com;Lillian_A_Morris@northropgrumman.com;Kylan-Mcgee@raytheon.com,Callum.Jasper.Gilmore@dtaa.com,,Kai.Penelope.Peck@dtaa.com,33830,1,
09/29/2010 09:32:47,KPP0452,PC-3989,Armando.Albert.Walter@dtaa.com;Bruno.Stewart.Silva@dtaa.com,,,Kai.Penelope.Peck@dtaa.com,27082,0,
09/30/2010 12:30:27,KPP0452,PC-3989,Ella.R.Hess@cox.net,Zenia_Macias@verizon.net;Whitehead_Sharon@bellsouth.net;FJW685@hotmail.com,,Kai.P.Peck@earthlink.net,23211,2,
10/01/2010 17:01:25,KPP0452,PC-3989,Hardin-Tad@optonline.net,Patterson-Cade@sbcglobal.net;Hollee_Dudley@comcast.net,,Kai.P.Peck@earthlink.net,36855,0,
10/04/2010 11:48:27,KPP0452,PC-3989,Tad.Harlan.Duncan@dtaa.com;Barry.Martin.Mason@dtaa.com;Ella.Rachel.Hess@dtaa.com;George.Zachery.Burch@dtaa.com,,,Kai.Penelope.Peck@dtaa.com,46440,0,
10/05/2010 13:22:54,KPP0452,PC-3989,Brett.Damian.Beck@dtaa.com,Alfreda.Morgan.Holloway@dtaa.com,,Kai.Penelope.Peck@dtaa.com,25824,0,
10/06/2010 12:14:30,KPP0452,PC-3989,THD99@netzero.com,ORB5853@aol.com,,Kai.P.Peck@earthlink.net,19647,0,
10/07/2010 17:07:57,KPP0452,PC-3989,Armando.Albert.Walter@dtaa.com,,,Kai.Penelope.Peck@dtaa.com,24627,0,
10/08/2010 11:33:30,KPP0452,PC-3989,Lacota.Dahlia.Good@dtaa.com;Ramona.Alma.Moses@dtaa.com,Brett.Damian.Beck@dtaa.com,,Kai.Penelope.Peck@dtaa.com,32417,0,
10/11/2010 16:36:45,KPP0452,PC-3989,Dale.Benjamin.Sharpe@dtaa.com,,,Kai.Penelope.Peck@dtaa.com,35293,0,
10/12/2010 17:54:56,KPP0452,PC-3989,CCM7@bellsouth.net,,,Kai.P.Peck@earthlink.net,20019,0,
10/13/2010 14:46:01,KPP0452,PC-3989,Rama.Vielka.Clayton@dtaa.com,,,Kai.Penelope.Peck@dtaa.com,29767,0,
10/14/2010 15:21:07,KPP0452,PC-3989,Ella.Rachel.Hess@dtaa.com;Bruno.Stewart.Silva@dtaa.com;Geoffrey.Harlan.Lara@dtaa.com;Brett.Damian.Beck@dtaa.com,Chester.Caldwell.Mendoza@dtaa.com,,Kai.Penelope.Peck@dtaa.com,36182,1,
10/15/2010 10:43:05,KPP0452,PC-3989,Ivana.Kaitlin.Parsons@dtaa.com;Barclay.Eaton.Hensley@dtaa.com,,,Kai.Penelope.Peck@dtaa.com,43374,0,
10/18/2010 12:48:38,KPP0452,PC-3989,Melodie.Lee.Glenn@dtaa.com,Cade.Rajah.Patterson@dtaa.com,,Kai.Penelope.Peck@dtaa.com,24599,0,
10/19/2010 13:57:44,KPP0452,PC-3989,Beck_Brett@bellsouth.net;George_Burch@yahoo.com,Patterson-Cade@sbcglobal.net,,Kai.P.Peck@earthlink.net,21822,0,
10/20/2010 08:19:08,KPP0452,PC-3989,Alfreda.Morgan.Holloway@dtaa.com;Gregory.Curran.Sutton@dtaa.com;Zenia.Freya.Macias@dtaa.com,Hollee.Shannon.Dudley@dtaa.com,,Kai.Penelope.Peck@dtaa.com,38778,0,
10/21/2010 13:45:01,KPP0452,PC-3989,Cade.Rajah.Patterson@dtaa.com;Ella.Rachel.Hess@dtaa.com,Alfreda.Morgan.Holloway@dtaa.com,,Kai.Penelope.Peck@dtaa.com,43543,1,
10/22/2010 16:17:51,KPP0452,PC-3989,Aspen.Amber.Vinson@dtaa.com,,,Kai.Penelope.Peck@dtaa.com,30386,0,
10/25/2010 09:35:14,KPP0452,PC-3989,EJR47@hotmail.com,,,Kai.P.Peck@earthlink.net,22304,0,
10/26/2010 13:22:42,KPP0452,PC-3989,Nero.Uriel.Little@dtaa.com,,,Kai.Penelope.Peck@dtaa.com,31697,0,
10/27/2010 11:15:11,KPP0452,PC-3989,Chester.Caldwell.Mendoza@dtaa.com;Gonzalez-Slade@raytheon.com,Aspen.Amber.Vinson@dtaa.com,,Kai.Penelope.Peck@dtaa.com,31123,0,
10/28/2010 14:49:40,KPP0452,PC-3989,Robles-William@juno.com;Jerry_Fischer@verizon.net,CCM7@bellsouth.net;Obrien-Harper@comcast.net,,Kai.P.Peck@earthlink.net,27822,0,
10/29/2010 15:04:21,KPP0452,PC-3989,Melodie.Lee.Glenn@dtaa.com;Cade.Rajah.Patterson@dtaa.com;Akeem.Jerry.Lopez@dtaa.com;Brett.Damian.Beck@dtaa.com,,,Kai.Penelope.Peck@dtaa.com,34127,5,
11/01/2010 13:30:01,KPP0452,PC-3989,Callum.Jasper.Gilmore@dtaa.com;Tad.Patrick.Hardin@dtaa.com,,,Kai.Penelope.Peck@dtaa.com,26840,0,
11/02/2010 12:55:53,KPP0452,PC-3989,Chester.Caldwell.Mendoza@dtaa.com,,,Kai.Penelope.Peck@dtaa.com,14647,0,
11/03/2010 10:46:53,KPP0452,PC-3989,Owen.Ross.Burks@dtaa.com,Nero.Uriel.Little@dtaa.com;Kylan-Mcgee@raytheon.com,,Kai.Penelope.Peck@dtaa.com,32172,0,
11/04/2010 12:34:46,KPP0452,PC-3989,Leonard.Malachi.Floyd@dtaa.com,,,Kai.Penelope.Peck@dtaa.com,21779,0,
11/05/2010 09:20:13,KPP0452,PC-3989,Callum.Jasper.Gilmore@dtaa.com,,,Kai.Penelope.Peck@dtaa.com,23592,0,
11/08/2010 14:19:24,KPP0452,PC-3989,Zenia.Freya.Macias@dtaa.com,,,Kai.Penelope.Peck@dtaa.com,40870,0,
11/09/2010 12:31:45,KPP0452,PC-3989,Ramona.Alma.Moses@dtaa.com;Zenia.Freya.Macias@dtaa.com;Latifah_Price@boeing.com,Armando.Albert.Walter@dtaa.com,,Kai.Penelope.Peck@dtaa.com,36521,0,
11/10/2010 11:26:31,KPP0452,PC-3989,Alfreda.Morgan.Holloway@dtaa.com,,,Kai.Penelope.Peck@dtaa.com,31567,0,
11/11/2010 16:29:24,KPP0452,PC-3989,Geoffrey.Harlan.Lara@dtaa.com;Alfreda.Morgan.Holloway@dtaa.com,Cade.Rajah.Patterson@dtaa.com;Melodie.Lee.Glenn@dtaa.com,,Kai.Penelope.Peck@dtaa.com,22274,1,
11/12/2010 16:40:32,KPP0452,PC-3989,Tad.Patrick.Hardin@dtaa.com;Chester.Caldwell.Mendoza@dtaa.com,,,Kai.Penelope.Peck@dtaa.com,25991,0,
11/15/2010 13:34:21,KPP0452,PC-3989,Melodie.Lee.Glenn@dtaa.com;Callum.Jasper.Gilmore@dtaa.com;Ramona.Alma.Moses@dtaa.com,Armando.Albert.Walter@dtaa.com,,Kai.Penelope.Peck@dtaa.com,38496,0,
11/16/2010 13:08:57,KPP0452,PC-3989,Chester.Caldwell.Mendoza@dtaa.com,,,Kai.Penelope.Peck@dtaa.com,32567,0,
11/17/2010 17:47:56,KPP0452,PC-3989,Ella.Rachel.Hess@dtaa.com;Owen.Ross.Burks@dtaa.com;Alfreda.Morgan.Holloway@dtaa.com,,,Kai.Penelope.Peck@dtaa.com,25898,0,
11/18/2010 17:23:16,KPP0452,PC-3989,Akeem.Jerry.Lopez@dtaa.com;Alexa.Nadine.Poole@dtaa.com;Tad.Harlan.Duncan@dtaa.com,Bruno.Stewart.Silva@dtaa.com,,Kai.Penelope.Peck@dtaa.com,32488,0,
11/19/2010 12:55:06,KPP0452,PC-3989,Nero.Uriel.Little@dtaa.com;Bruno.Stewart.Silva@dtaa.com;RPT9854@hp.com;Latifah_Price@boeing.com,Chester.Caldwell.Mendoza@dtaa.com,,Kai.Penelope.Peck@dtaa.com,32595,0,
11/22/2010 11:04:21,KPP0452,PC-3989,Brett.Damian.Beck@dtaa.com,,,Kai.Penelope.Peck@dtaa.com,13423,0,
11/23/2010 08:00:04,KPP0452,PC-3989,Ella.R.Hess@cox.net,,,Kai.P.Peck@earthlink.net,46243,1,
11/24/2010 15:07:04,KPP0452,PC-3989,Bruno.Stewart.Silva@dtaa.com;Beau.Hall.Watts@dtaa.com,Geoffrey.Harlan.Lara@dtaa.com,,Kai.Penelope.Peck@dtaa.com,33548,2,
11/29/2010 13:00:18,KPP0452,PC-3989,Camilla.Camille.Leach@dtaa.com;Nero.Uriel.Little@dtaa.com,,,Kai.Penelope.Peck@dtaa.com,35044,0,
11/30/2010 13:52:08,KPP0452,PC-3989,Aspen_Vinson@cox.net,,,Kai.P.Peck@earthlink.net,31203,0,
12/01/2010 12:35:33,KPP0452,PC-3989,Teagan.Briar.Townsend@dtaa.com,,,Kai.Penelope.Peck@dtaa.com,13911,0,
12/02/2010 08:18:42,KPP0452,PC-3989,Ella.Rachel.Hess@dtaa.com,,,Kai.Penelope.Peck@dtaa.com,27408,0,
12/03/2010 17:38:59,KPP0452,PC-3989,Zenia.Freya.Macias@dtaa.com;Paula.Isabelle.Santiago@dtaa.com,,,Kai.Penelope.Peck@dtaa.com,25035,0,
12/06/2010 14:17:45,KPP0452,PC-3989,Tad.Patrick.Hardin@dtaa.com;Cade.Rajah.Patterson@dtaa.com,,,Kai.Penelope.Peck@dtaa.com,19704,0,
12/07/2010 11:12:03,KPP0452,PC-3989,Walter-Armando@comcast.net;Hardin-Tad@optonline.net;THD99@netzero.com,Lacota_Good@cox.net,,Kai.P.Peck@earthlink.net,30166,2,
12/08/2010 12:02:42,KPP0452,PC-3989,Cameran.Madonna.Shepard@dtaa.com,,,Kai.Penelope.Peck@dtaa.com,25494,0,
12/09/2010 08:18:30,KPP0452,PC-3989,Ella.Rachel.Hess@dtaa.com,Beau.Hall.Watts@dtaa.com,,Kai.Penelope.Peck@dtaa.com,20120,0,
12/10/2010 17:25:52,KPP0452,PC-3989,Hollee.Shannon.Dudley@dtaa.com,,,Kai.Penelope.Peck@dtaa.com,23647,0,
12/13/2010 08:05:07,KPP0452,PC-3989,Ella.Rachel.Hess@dtaa.com,,,Kai.Penelope.Peck@dtaa.com,15092,0,
12/14/2010 09:38:36,KPP0452,PC-3989,Cameran.Madonna.Shepard@dtaa.com;Akeem.Jerry.Lopez@dtaa.com;Upton.Sebastian.Holt@dtaa.com;George.Zachery.Burch@dtaa.com,,,Kai.Penelope.Peck@dtaa.com,38454,0,
12/15/2010 17:28:51,KPP0452,PC-3989,Ella.R.Hess@cox.net,Watts-Beau@juno.com;Beck_Brett@bellsouth.net;Sybill_S_Shaw@yahoo.com,,Kai.P.Peck@earthlink.net,14485,1,
12/16/2010 17:09:48,KPP0452,PC-3989,Armando.Albert.Walter@dtaa.com,,,Kai.Penelope.Peck@dtaa.com,52710,0,
12/17/2010 13:25:04,KPP0452,PC-3989,RHC516@charter.net,,,Kai.P.Peck@earthlink.net,25406,0,
12/20/2010 11:27:04,KPP0452,PC-3989,Melodie.Lee.Glenn@dtaa.com,,,Kai.Penelope.Peck@dtaa.com,36493,0,
12/21/2010 16:22:05,KPP0452,PC-3989,Jerry.Kennan.Fischer@dtaa.com;Mallory.Alexis.Daniel@dtaa.com;Bruno.Stewart.Silva@dtaa.com,ZKW27@raytheon.com,,Kai.Penelope.Peck@dtaa.com,28236,0,
12/22/2010 14:47:58,KPP0452,PC-3989,Herrera-Hector@lockheedmartin.com,,,Kai.Penelope.Peck@dtaa.com,18903,2,
12/27/2010 10:04:31,KPP0452,PC-3989,Teagan_Townsend@comcast.net,,,Kai.P.Peck@earthlink.net,13034,0,
12/28/2010 15:50:17,KPP0452,PC-3989,Gregory.Curran.Sutton@dtaa.com,,,Kai.Penelope.Peck@dtaa.com,27812,0,
12/29/2010 13:06:06,KPP0452,PC-3989,Cullen.Gary.Adams@dtaa.com;Callum.Jasper.Gilmore@dtaa.com,Owen.Ross.Burks@dtaa.com,,Kai.Penelope.Peck@dtaa.com,28628,0,
12/30/2010 13:33:49,KPP0452,PC-3989,Zenia.Freya.Macias@dtaa.com,,,Kai.Penelope.Peck@dtaa.com,33486,0,
01/03/2011 10:22:41,KPP0452,PC-3989,Zenia.Freya.Macias@dtaa.com,,,Kai.Penelope.Peck@dtaa.com,23341,0,
01/04/2011 14:41:52,KPP0452,PC-3989,Bruno.Stewart.Silva@dtaa.com,Hope.Dawn.Jensen@dtaa.com;Cantrell-Bruce@northropgrumman.com;EJR125@boeing.com,,Kai.Penelope.Peck@dtaa.com,31624,0,
01/05/2011 08:53:40,KPP0452,PC-3989,Chaim.Grant.Fernandez@dtaa.com,,,Kai.Penelope.Peck@dtaa.com,34909,0,
01/06/2011 10:07:03,KPP0452,PC-3989,Chester.Caldwell.Mendoza@dtaa.com,,,Kai.Penelope.Peck@dtaa.com,33905,0,
01/07/2011 11:10:24,KPP0452,PC-3989,George.Zachery.Burch@dtaa.com,,,Kai.Penelope.Peck@dtaa.com,40911,0,
01/10/2011 12:29:32,KPP0452,PC-3989,Cailin.Casey.Mckee@dtaa.com;Ivana.Kaitlin.Parsons@dtaa.com;Hope.Dawn.Jensen@dtaa.com,,,Kai.Penelope.Peck@dtaa.com,22113,2,
01/11/2011 08:17:24,KPP0452,PC-3989,Cade.Rajah.Patterson@dtaa.com,,,Kai.Penelope.Peck@dtaa.com,34193,0,
01/12/2011 15:33:24,KPP0452,PC-3989,Cameran.Madonna.Shepard@dtaa.com,,,Kai.Penelope.Peck@dtaa.com,23866,0,
01/13/2011 12:54:53,KPP0452,PC-3989,Buckminster.Benjamin.Swanson@dtaa.com,,,Kai.Penelope.Peck@dtaa.com,26565,0,
01/14/2011 15:34:37,KPP0452,PC-3989,Melodie.Lee.Glenn@dtaa.com,,,Kai.Penelope.Peck@dtaa.com,27711,1,
01/17/2011 10:57:44,KPP0452,PC-3989,Melodie.Lee.Glenn@dtaa.com,,,Kai.Penelope.Peck@dtaa.com,28896,0,
01/18/2011 10:43:52,KPP0452,PC-3989,CTA5@optonline.net;Margaret_Burch@hotmail.com;Hollee_Dudley@comcast.net;Alfreda_Holloway@msn.com,,,Kai.P.Peck@earthlink.net,24655,0,
01/19/2011 13:42:38,KPP0452,PC-3989,Scarlet.Pearl.Ashley@dtaa.com,Sandra.Beverly.Diaz@dtaa.com,,Kai.Penelope.Peck@dtaa.com,29066,0,
01/20/2011 09:33:50,KPP0452,PC-3989,Hollee.Shannon.Dudley@dtaa.com,,,Kai.Penelope.Peck@dtaa.com,21778,0,
01/21/2011 15:55:00,KPP0452,PC-3989,Cade.Rajah.Patterson@dtaa.com;Zenia_Smith@raytheon.com,,,Kai.Penelope.Peck@dtaa.com,27400,0,
01/24/2011 12:28:59,KPP0452,PC-3989,Ramona_Moses@juno.com,,,Kai.P.Peck@earthlink.net,19954,0,
01/25/2011 15:23:32,KPP0452,PC-3989,George.Zachery.Burch@dtaa.com,,,Kai.Penelope.Peck@dtaa.com,24287,0,
01/26/2011 17:21:19,KPP0452,PC-3989,Cameran.Madonna.Shepard@dtaa.com;Hope.Dawn.Jensen@dtaa.com;Bruno.Stewart.Silva@dtaa.com;Aspen.Amber.Vinson@dtaa.com,Akeem.Jerry.Lopez@dtaa.com,,Kai.Penelope.Peck@dtaa.com,21734,0,
01/27/2011 13:06:51,KPP0452,PC-3989,Ramona.Alma.Moses@dtaa.com,,,Kai.Penelope.Peck@dtaa.com,19268,0,
01/28/2011 14:12:49,KPP0452,PC-3989,Jerry_Fischer@verizon.net,,,Kai.P.Peck@earthlink.net,38597,0,
01/31/2011 14:47:10,KPP0452,PC-3989,Melodie.Lee.Glenn@dtaa.com,,,Kai.Penelope.Peck@dtaa.com,25655,0,
02/01/2011 14:23:36,KPP0452,PC-3989,Robert.Aristotle.Stevenson@dtaa.com;Kessie.Vielka.Trevino@dtaa.com;Hope.Dawn.Jensen@dtaa.com,,,Kai.Penelope.Peck@dtaa.com,26722,1,
02/02/2011 10:19:42,KPP0452,PC-3989,Chester.Caldwell.Mendoza@dtaa.com,,,Kai.Penelope.Peck@dtaa.com,21778,3,
02/03/2011 15:57:07,KPP0452,PC-3989,Teagan_Townsend@comcast.net;Melodie_L_Glenn@gmail.com,,,Kai.P.Peck@earthlink.net,22103,0,
02/04/2011 13:59:11,KPP0452,PC-3989,George.Zachery.Burch@dtaa.com;Ella.Rachel.Hess@dtaa.com;Brett.Damian.Beck@dtaa.com;Owen.Ross.Burks@dtaa.com;Ramirez_Jaquelyn@hp.com,,,Kai.Penelope.Peck@dtaa.com,18658,1,
02/07/2011 10:32:18,KPP0452,PC-3989,Akeem.Jerry.Lopez@dtaa.com;Armando.Albert.Walter@dtaa.com,,,Kai.Penelope.Peck@dtaa.com,24951,0,
02/08/2011 14:56:15,KPP0452,PC-3989,Teagan.Briar.Townsend@dtaa.com;Hollee.Shannon.Dudley@dtaa.com,Jerry.Kennan.Fischer@dtaa.com,,Kai.Penelope.Peck@dtaa.com,20487,2,
02/09/2011 12:29:07,KPP0452,PC-3989,Sharon.Jemima.Whitehead@dtaa.com;Veda.Martina.Jacobson@dtaa.com,,,Kai.Penelope.Peck@dtaa.com,45506,0,
02/10/2011 16:36:49,KPP0452,PC-3989,Lucas.Ahmed.Ferrell@dtaa.com,,,Kai.Penelope.Peck@dtaa.com,22141,0,
02/11/2011 12:46:00,KPP0452,PC-3989,Owen.Ross.Burks@dtaa.com;Brett.Damian.Beck@dtaa.com,,,Kai.Penelope.Peck@dtaa.com,18762,0,
02/14/2011 07:55:31,KPP0452,PC-3989,NUL53@gmail.com;Jerry_Fischer@verizon.net,,,Kai.P.Peck@earthlink.net,42857,0,
02/15/2011 17:11:32,KPP0452,PC-3989,Cameran.Madonna.Shepard@dtaa.com;Owen.Ross.Burks@dtaa.com,Brett.Damian.Beck@dtaa.com,,Kai.Penelope.Peck@dtaa.com,28653,0,
02/16/2011 14:17:44,KPP0452,PC-3989,Chester.Caldwell.Mendoza@dtaa.com;Hope.Dawn.Jensen@dtaa.com;Tad.Harlan.Duncan@dtaa.com;Tad.Patrick.Hardin@dtaa.com,Jerry.Kennan.Fischer@dtaa.com,,Kai.Penelope.Peck@dtaa.com,12495,5,
02/17/2011 12:20:15,KPP0452,PC-3989,BSS769@cox.net,,,Kai.P.Peck@earthlink.net,25482,0,
02/18/2011 13:43:57,KPP0452,PC-3989,Ivana.Kaitlin.Parsons@dtaa.com,,,Kai.Penelope.Peck@dtaa.com,34876,0,
02/21/2011 09:42:27,KPP0452,PC-3989,Alfreda.Morgan.Holloway@dtaa.com;Melodie.Lee.Glenn@dtaa.com,,,Kai.Penelope.Peck@dtaa.com,34342,0,
02/22/2011 11:39:39,KPP0452,PC-3989,Cameran.Madonna.Shepard@dtaa.com,,,Kai.Penelope.Peck@dtaa.com,30937,0,
02/23/2011 08:38:41,KPP0452,PC-3989,Wang.Dean.Vasquez@dtaa.com;Beau.Hall.Watts@dtaa.com;Brett.Damian.Beck@dtaa.com;Aspen.Amber.Vinson@dtaa.com,Tobias.Dakota.Jacobs@dtaa.com,,Kai.Penelope.Peck@dtaa.com,18929,0,
02/24/2011 10:34:20,KPP0452,PC-3989,Ramona.Alma.Moses@dtaa.com,,,Kai.Penelope.Peck@dtaa.com,48320,0,
02/25/2011 10:37:18,KPP0452,PC-3989,Hollee.Shannon.Dudley@dtaa.com;Moana_Heath@boeing.com,,,Kai.Penelope.Peck@dtaa.com,29165,0,
02/28/2011 13:29:10,KPP0452,PC-3989,Melyssa.Deirdre.Morgan@dtaa.com,,,Kai.Penelope.Peck@dtaa.com,13714,0,
03/01/2011 13:24:33,KPP0452,PC-3989,Teagan.Briar.Townsend@dtaa.com,,,Kai.Penelope.Peck@dtaa.com,21875,0,
03/02/2011 16:33:38,KPP0452,PC-3989,George.Zachery.Burch@dtaa.com;Ramona.Alma.Moses@dtaa.com;Jerry.Kennan.Fischer@dtaa.com,Bruno.Stewart.Silva@dtaa.com;Gonzalez-Slade@raytheon.com,,Kai.Penelope.Peck@dtaa.com,35129,0,
03/03/2011 16:47:46,KPP0452,PC-3989,Ivana_Parsons@charter.net,,,Kai.P.Peck@earthlink.net,26211,0,
03/04/2011 14:54:32,KPP0452,PC-3989,ORB5853@aol.com,,,Kai.P.Peck@earthlink.net,34419,0,
03/07/2011 12:43:46,KPP0452,PC-3989,Ella.Rachel.Hess@dtaa.com,,,Kai.Penelope.Peck@dtaa.com,27389,0,
03/08/2011 12:39:34,KPP0452,PC-3989,Kylie_E_Santos@comcast.net,Aspen_Vinson@cox.net;Akeem-Lopez@netzero.com;Ivana_Parsons@charter.net,,Kai.P.Peck@earthlink.net,31765,3,
03/09/2011 12:49:01,KPP0452,PC-3989,Keane.Nicholas.Blevins@dtaa.com,,,Kai.Penelope.Peck@dtaa.com,35456,0,
03/10/2011 14:12:10,KPP0452,PC-3989,Kenyon.Raja.Galloway@dtaa.com;CDP436@raytheon.com;Sybill_Henson@harris.com;Zenia_Smith@raytheon.com,,,Kai.Penelope.Peck@dtaa.com,12187,0,
03/11/2011 17:31:34,KPP0452,PC-3989,Cade.Rajah.Patterson@dtaa.com;Hope.Dawn.Jensen@dtaa.com;Nero.Uriel.Little@dtaa.com;Owen.Ross.Burks@dtaa.com,,,Kai.Penelope.Peck@dtaa.com,34608,0,
03/14/2011 11:43:42,KPP0452,PC-3989,Jerry.Kennan.Fischer@dtaa.com,,,Kai.Penelope.Peck@dtaa.com,25495,0,
03/15/2011 12:48:25,KPP0452,PC-3989,Zenia_Macias@verizon.net,,,Kai.P.Peck@earthlink.net,40179,0,
03/16/2011 16:15:17,KPP0452,PC-3989,Sara.Gail.George@dtaa.com;Akeem.Jerry.Lopez@dtaa.com;Aspen.Amber.Vinson@dtaa.com;Bullock-Eric@hp.com,,,Kai.Penelope.Peck@dtaa.com,34969,0,
03/17/2011 08:03:45,KPP0452,PC-3989,Ramona.Alma.Moses@dtaa.com,,,Kai.Penelope.Peck@dtaa.com,33546,0,
03/18/2011 14:20:53,KPP0452,PC-3989,Zenia.Freya.Macias@dtaa.com;Akeem.Jerry.Lopez@dtaa.com;Callum.Jasper.Gilmore@dtaa.com,,,Kai.Penelope.Peck@dtaa.com,38862,1,
03/21/2011 13:56:30,KPP0452,PC-3989,Akeem.Jerry.Lopez@dtaa.com,,,Kai.Penelope.Peck@dtaa.com,27632,2,
03/22/2011 09:52:15,KPP0452,PC-3989,Callum.Jasper.Gilmore@dtaa.com,,,Kai.Penelope.Peck@dtaa.com,46688,0,
03/23/2011 11:11:54,KPP0452,PC-3989,Ramona.Alma.Moses@dtaa.com,,,Kai.Penelope.Peck@dtaa.com,33567,0,
03/24/2011 09:12:51,KPP0452,PC-3989,Zenia.Freya.Macias@dtaa.com;JAP353@boeing.com,Alfreda.Morgan.Holloway@dtaa.com;Callum.Jasper.Gilmore@dtaa.com;Cantrell-Bruce@northropgrumman.com,,Kai.Penelope.Peck@dtaa.com,30546,0,
03/25/2011 11:00:04,KPP0452,PC-3989,Brett.Damian.Beck@dtaa.com;Zenia.Freya.Macias@dtaa.com,,,Kai.Penelope.Peck@dtaa.com,24052,0,
03/28/2011 14:38:09,KPP0452,PC-3989,Alfreda.Morgan.Holloway@dtaa.com,,,Kai.Penelope.Peck@dtaa.com,34670,0,
03/29/2011 13:45:54,KPP0452,PC-3989,Chester.Caldwell.Mendoza@dtaa.com;Bruno.Stewart.Silva@dtaa.com;Melodie.Lee.Glenn@dtaa.com,,,Kai.Penelope.Peck@dtaa.com,21279,0,
03/30/2011 09:55:05,KPP0452,PC-3989,Hollee_Dudley@comcast.net;CCM7@bellsouth.net;Watts-Beau@juno.com,Teagan_Townsend@comcast.net;Aspen_Vinson@cox.net,,Kai.P.Peck@earthlink.net,24591,0,
03/31/2011 12:43:41,KPP0452,PC-3989,Hollee.Shannon.Dudley@dtaa.com;Cora.Aurora.Buckner@dtaa.com,Jerry.Kennan.Fischer@dtaa.com,,Kai.Penelope.Peck@dtaa.com,32361,3,
04/01/2011 11:39:25,KPP0452,PC-3989,Tad.Harlan.Duncan@dtaa.com,,,Kai.Penelope.Peck@dtaa.com,31540,0,
04/04/2011 17:01:32,KPP0452,PC-3989,Sharon.Jemima.Whitehead@dtaa.com,,,Kai.Penelope.Peck@dtaa.com,25227,0,
04/05/2011 08:23:11,KPP0452,PC-3989,Zenia.Freya.Macias@dtaa.com;Chester.Caldwell.Mendoza@dtaa.com;Alfreda.Morgan.Holloway@dtaa.com,Jerry.Kennan.Fischer@dtaa.com;George.Zachery.Burch@dtaa.com,,Kai.Penelope.Peck@dtaa.com,24185,1,
04/06/2011 13:08:08,KPP0452,PC-3989,Akeem.Jerry.Lopez@dtaa.com;Sharon.Jemima.Whitehead@dtaa.com,Hollee.Shannon.Dudley@dtaa.com,,Kai.Penelope.Peck@dtaa.com,30961,0,
04/08/2011 12:57:52,KPP0452,PC-3989,Teagan.Briar.Townsend@dtaa.com,Alfreda.Morgan.Holloway@dtaa.com;Lacota.Dahlia.Good@dtaa.com,,Kai.Penelope.Peck@dtaa.com,13710,0,
04/11/2011 10:46:02,KPP0452,PC-3989,Hope.Dawn.Jensen@dtaa.com;Cade.Rajah.Patterson@dtaa.com,,,Kai.Penelope.Peck@dtaa.com,30270,1,
04/12/2011 08:13:01,KPP0452,PC-3989,Bruno.Donovan.Ingram@dtaa.com,,,Kai.Penelope.Peck@dtaa.com,31889,0,
04/13/2011 12:46:55,KPP0452,PC-3989,Ella.R.Hess@cox.net,,,Kai.P.Peck@earthlink.net,15870,0,
04/14/2011 13:16:20,KPP0452,PC-3989,Beau.Hall.Watts@dtaa.com,,,Kai.Penelope.Peck@dtaa.com,19317,0,
04/15/2011 16:20:50,KPP0452,PC-3989,Philip.Keith.Barron@dtaa.com,Beau.Hall.Watts@dtaa.com,,Kai.Penelope.Peck@dtaa.com,49868,0,
04/18/2011 08:03:48,KPP0452,PC-3989,Watts-Beau@juno.com,,,Kai.P.Peck@earthlink.net,35121,0,
04/19/2011 10:14:40,KPP0452,PC-3989,Hope_Jensen@netzero.com,,,Kai.P.Peck@earthlink.net,21069,0,
04/20/2011 09:29:23,KPP0452,PC-3989,Teagan.Briar.Townsend@dtaa.com;DOH536@harris.com,,,Kai.Penelope.Peck@dtaa.com,24340,0,
04/21/2011 08:04:29,KPP0452,PC-3989,Tad.Harlan.Duncan@dtaa.com,,,Kai.Penelope.Peck@dtaa.com,17683,0,
04/25/2011 14:45:07,KPP0452,PC-3989,Lacota.Dahlia.Good@dtaa.com;Isadora.Blaine.Shepherd@dtaa.com;RHC87@boeing.com,,,Kai.Penelope.Peck@dtaa.com,44448,0,
04/26/2011 10:34:11,KPP0452,PC-3989,Ella.Rachel.Hess@dtaa.com,,,Kai.Penelope.Peck@dtaa.com,18290,0,
04/27/2011 14:39:06,KPP0452,PC-3989,Cameran.Madonna.Shepard@dtaa.com,,,Kai.Penelope.Peck@dtaa.com,26047,0,
04/28/2011 15:11:06,KPP0452,PC-3989,Tad.Patrick.Hardin@dtaa.com,Charde.Cynthia.Rasmussen@dtaa.com;Sharon.Jemima.Whitehead@dtaa.com,,Kai.Penelope.Peck@dtaa.com,37826,0,
04/29/2011 17:59:51,KPP0452,PC-3989,Hollee.Shannon.Dudley@dtaa.com;Ivana.Kaitlin.Parsons@dtaa.com,,,Kai.Penelope.Peck@dtaa.com,27379,0,
05/02/2011 09:11:48,KPP0452,PC-3989,Armando.Albert.Walter@dtaa.com;Bruno.Stewart.Silva@dtaa.com,,,Kai.Penelope.Peck@dtaa.com,42748,0,
05/03/2011 14:54:02,KPP0452,PC-3989,Teagan.Briar.Townsend@dtaa.com;Hollee.Shannon.Dudley@dtaa.com;Cantrell-Bruce@northropgrumman.com,,,Kai.Penelope.Peck@dtaa.com,14702,0,
05/04/2011 17:56:57,KPP0452,PC-3989,Lacota_Good@cox.net,,,Kai.P.Peck@earthlink.net,20556,0,
05/05/2011 15:04:05,KPP0452,PC-3989,CNB5227@juno.com,,,Kai.P.Peck@earthlink.net,42348,0,
05/06/2011 16:15:13,KPP0452,PC-3989,Armando.Albert.Walter@dtaa.com;Ramona.Alma.Moses@dtaa.com;Tad.Harlan.Duncan@dtaa.com,,,Kai.Penelope.Peck@dtaa.com,37396,0,
05/09/2011 08:17:00,KPP0452,PC-3989,Hope_Jensen@netzero.com,,,Kai.P.Peck@earthlink.net,28069,1,
05/10/2011 09:40:14,KPP0452,PC-3989,Tad.Harlan.Duncan@dtaa.com,,,Kai.Penelope.Peck@dtaa.com,37663,0,
05/11/2011 13:04:21,KPP0452,PC-3989,Ella.Rachel.Hess@dtaa.com,,,Kai.Penelope.Peck@dtaa.com,28014,0,
05/12/2011 12:04:28,KPP0452,PC-3989,Norman.Jackson.Beck@dtaa.com;Callum.Jasper.Gilmore@dtaa.com,,,Kai.Penelope.Peck@dtaa.com,20967,0,
05/13/2011 09:03:52,KPP0452,PC-3989,Hollee.Shannon.Dudley@dtaa.com,Teagan.Briar.Townsend@dtaa.com,,Kai.Penelope.Peck@dtaa.com,28683,0,
05/16/2011 12:53:46,KPP0452,PC-3989,Aspen.Amber.Vinson@dtaa.com;Cameran.Madonna.Shepard@dtaa.com;Beau.Hall.Watts@dtaa.com;Chester.Caldwell.Mendoza@dtaa.com;Ivana.Kaitlin.Parsons@dtaa.com,,,Kai.Penelope.Peck@dtaa.com,23634,3,
