01/04/2010 07:14:31,NMB0972,PC-8330,Grant.Camden.Gay@dtaa.com,Alice.Sierra.Valenzuela@dtaa.com,,Naomi.Meredith.Baxter@dtaa.com,17963,0,
01/05/2010 15:22:03,NMB0972,PC-8330,Lilah.R.Wagner@bellsouth.net,,,Naomi_M_Baxter@cox.net,50308,0,
01/06/2010 07:31:23,NMB0972,PC-8330,Holly.Xerxes.Lara@dtaa.com;Cameron.Shay.Lester@dtaa.com;YGP325@lockheedmartin.com,George.Cade.Chen@dtaa.com,,Naomi.Meredith.Baxter@dtaa.com,42488,2,
01/07/2010 08:25:21,NMB0972,PC-8330,Emerald.Lysandra.Hodges@dtaa.com,,,Naomi.Meredith.Baxter@dtaa.com,43294,0,
01/08/2010 07:38:19,NMB0972,PC-8330,Nicholson_Selma@bellsouth.net;Naida.I.Hughes@juno.com,,,Naomi_M_Baxter@cox.net,18693,0,
01/11/2010 14:50:36,NMB0972,PC-8330,Basia.Nevada.Riggs@dtaa.com,George.Cade.Chen@dtaa.com;Madison.Lydia.Morrison@dtaa.com,,Naomi.Meredith.Baxter@dtaa.com,43366,1,
01/12/2010 14:15:20,NMB0972,PC-8330,Porter-Kenneth@optonline.net;YRM2@msn.com,,,Naomi_M_Baxter@cox.net,14014,0,
01/13/2010 13:39:56,NMB0972,PC-8330,Holly_Lara@msn.com,,,Naomi_M_Baxter@cox.net,26952,0,
01/14/2010 15:47:57,NMB0972,PC-8330,Ayanna.Vivian.Murray@dtaa.com;Brenden.W.Compton@boeing.com,Sandra.Beverly.Diaz@dtaa.com;Yvette.R.Mendez@harris.com,,Naomi.Meredith.Baxter@dtaa.com,24031,1,
01/15/2010 09:40:14,NMB0972,PC-8330,LHB4812@aol.com,,,Naomi_M_Baxter@cox.net,23030,0,
01/18/2010 13:45:53,NMB0972,PC-8330,Leo.Hasad.Byrd@dtaa.com,,,Naomi.Meredith.Baxter@dtaa.com,23105,0,
01/19/2010 10:41:07,NMB0972,PC-8330,Cassidy.Florence.Gibbs@dtaa.com,Leo.Hasad.Byrd@dtaa.com,,Naomi.Meredith.Baxter@dtaa.com,42867,0,
01/20/2010 10:36:10,NMB0972,PC-8330,Nicholson_Selma@bellsouth.net;Hodges-Emerald@gmail.com,,,Naomi_M_Baxter@cox.net,35919,0,
01/21/2010 12:03:40,NMB0972,PC-8330,Cody.J.Potter@optonline.net;MDD4@earthlink.net,,,Naomi_M_Baxter@cox.net,22903,0,
01/22/2010 07:40:14,NMB0972,PC-8330,ASV38@optonline.net,Madison_L_Morrison@netzero.com;Chen-George@hotmail.com,,Naomi_M_Baxter@cox.net,17641,0,
01/25/2010 12:12:43,NMB0972,PC-8330,Lilah.R.Wagner@bellsouth.net;Basia_N_Riggs@aol.com;Cameron.Lester@aol.com,Felicia_Farley@hotmail.com,,Naomi_M_Baxter@cox.net,32186,0,
01/26/2010 07:35:26,NMB0972,PC-8330,Wynter.Rose.Mercer@dtaa.com;YGP325@lockheedmartin.com,,,Naomi.Meredith.Baxter@dtaa.com,38595,0,
01/27/2010 10:55:18,NMB0972,PC-8330,Irene.Lacota.Huffman@dtaa.com;Akeem.Quamar.Davenport@dtaa.com,Emerald.Lysandra.Hodges@dtaa.com,,Naomi.Meredith.Baxter@dtaa.com,22578,0,
01/28/2010 16:23:42,NMB0972,PC-8330,Wynter.Rose.Mercer@dtaa.com,,,Naomi.Meredith.Baxter@dtaa.com,19102,0,
01/29/2010 11:17:04,NMB0972,PC-8330,Graiden.Nehru.Zimmerman@dtaa.com,,,Naomi.Meredith.Baxter@dtaa.com,33031,0,
02/01/2010 13:43:14,NMB0972,PC-8330,Basia.Nevada.Riggs@dtaa.com;Fletcher.Perry.Cantu@dtaa.com;Benjamin.Tyrone.Norman@dtaa.com;Brenden.W.Compton@boeing.com,,,Naomi.Meredith.Baxter@dtaa.com,34470,1,
02/02/2010 10:48:41,NMB0972,PC-8330,Naida.I.Hughes@juno.com,,,Naomi_M_Baxter@cox.net,19112,0,
02/03/2010 10:19:09,NMB0972,PC-8330,Graiden_Zimmerman@cox.net,,,Naomi_M_Baxter@cox.net,20582,0,
02/04/2010 07:58:11,NMB0972,PC-8330,Benjamin.T.Norman@cox.net,,,Naomi_M_Baxter@cox.net,59764,0,
02/05/2010 09:31:04,NMB0972,PC-8330,Barrett_Ariel@comcast.net,,,Naomi_M_Baxter@cox.net,19398,0,
02/08/2010 12:54:51,NMB0972,PC-8330,Felicia.Xantha.Farley@dtaa.com,,,Naomi.Meredith.Baxter@dtaa.com,24194,1,
02/09/2010 13:53:24,NMB0972,PC-8330,George.Cade.Chen@dtaa.com,,,Naomi.Meredith.Baxter@dtaa.com,43326,0,
02/10/2010 09:26:14,NMB0972,PC-8330,Teegan.Jillian.Burris@dtaa.com,,,Naomi.Meredith.Baxter@dtaa.com,26094,0,
02/11/2010 15:32:02,NMB0972,PC-8330,Gannon_Robbins@bellsouth.net,,,Naomi_M_Baxter@cox.net,29241,2,
02/12/2010 08:01:40,NMB0972,PC-8330,Gay.Grant@earthlink.net,,,Naomi_M_Baxter@cox.net,26316,0,
02/15/2010 13:27:35,NMB0972,PC-8330,SBD478@verizon.net;ASV38@optonline.net;BWC6@cox.net,TNM1759@juno.com,,Naomi_M_Baxter@cox.net,34201,1,
02/16/2010 09:00:58,NMB0972,PC-8330,WDD6532@optonline.net,,,Naomi_M_Baxter@cox.net,22222,0,
02/17/2010 10:14:35,NMB0972,PC-8330,Alice.Sierra.Valenzuela@dtaa.com;Octavia.May.Maddox@dtaa.com;George.Cade.Chen@dtaa.com;Allegra.Bree.Coffey@dtaa.com,Felicia.Xantha.Farley@dtaa.com,,Naomi.Meredith.Baxter@dtaa.com,42814,1,
02/18/2010 10:59:27,NMB0972,PC-8330,Lilah.R.Wagner@bellsouth.net,ASV38@optonline.net,,Naomi_M_Baxter@cox.net,26226,0,
02/19/2010 15:20:47,NMB0972,PC-8330,Alice.Sierra.Valenzuela@dtaa.com;Jane.Justina.Hunt@dtaa.com,,,Naomi.Meredith.Baxter@dtaa.com,27570,0,
02/23/2010 10:45:02,NMB0972,PC-8330,Sandra.Beverly.Diaz@dtaa.com;Troy.Nicolas.Molina@dtaa.com,,,Naomi.Meredith.Baxter@dtaa.com,25441,0,
02/24/2010 14:47:52,NMB0972,PC-8330,Tyrone.Damian.Garner@dtaa.com;Ayanna.Vivian.Murray@dtaa.com,Micah.Abdul.Rojas@dtaa.com,,Naomi.Meredith.Baxter@dtaa.com,17260,0,
02/25/2010 09:57:59,NMB0972,PC-8330,TDG5986@yahoo.com,,,Naomi_M_Baxter@cox.net,18025,0,
02/26/2010 15:12:48,NMB0972,PC-8330,TNM1759@juno.com,,,Naomi_M_Baxter@cox.net,14643,0,
03/01/2010 14:45:50,NMB0972,PC-8330,Octavia.May.Maddox@dtaa.com;Wynter.Rose.Mercer@dtaa.com,,,Naomi.Meredith.Baxter@dtaa.com,27221,0,
03/02/2010 08:36:03,NMB0972,PC-8330,Otto.H.Chase@netzero.com;Cameron.Lester@aol.com,Madison_L_Morrison@netzero.com;MDD4@earthlink.net,,Naomi_M_Baxter@cox.net,16772,0,
03/03/2010 07:49:06,NMB0972,PC-8330,Ariel.Ina.Barrett@dtaa.com,,,Naomi.Meredith.Baxter@dtaa.com,43078,0,
03/04/2010 15:47:20,NMB0972,PC-8330,CFG395@earthlink.net,,,Naomi_M_Baxter@cox.net,23173,0,
03/05/2010 10:37:21,NMB0972,PC-8330,Otto.Hedley.Chase@dtaa.com;Lilah.Renee.Wagner@dtaa.com;Leo.Hasad.Byrd@dtaa.com;Emerald.Lysandra.Hodges@dtaa.com,Wynter.Rose.Mercer@dtaa.com,,Naomi.Meredith.Baxter@dtaa.com,29005,0,
03/08/2010 14:38:02,NMB0972,PC-8330,Fletcher.P.Cantu@comcast.net,,,Naomi_M_Baxter@cox.net,40623,0,
03/09/2010 14:42:19,NMB0972,PC-8330,Fletcher.Perry.Cantu@dtaa.com,,,Naomi.Meredith.Baxter@dtaa.com,18379,0,
03/10/2010 15:36:24,NMB0972,PC-8330,Cameron.Shay.Lester@dtaa.com;Ariel.Ina.Barrett@dtaa.com,Tyrone.Damian.Garner@dtaa.com,,Naomi.Meredith.Baxter@dtaa.com,18630,0,
03/11/2010 11:56:12,NMB0972,PC-8330,Ella_N_Lewis@charter.net,Barrett_Ariel@comcast.net,,Naomi_M_Baxter@cox.net,29496,0,
03/12/2010 12:21:45,NMB0972,PC-8330,Tara.Echo.Myers@dtaa.com;Cody.Jonathan.Potter@dtaa.com,,,Naomi.Meredith.Baxter@dtaa.com,37288,0,
03/15/2010 07:35:47,NMB0972,PC-8330,Alice.Sierra.Valenzuela@dtaa.com;Ariel.Ina.Barrett@dtaa.com,Sandra.Beverly.Diaz@dtaa.com,,Naomi.Meredith.Baxter@dtaa.com,23745,0,
03/16/2010 16:20:49,NMB0972,PC-8330,Kenneth.Steel.Porter@dtaa.com;Beatrice.Alexis.Kidd@dtaa.com,,,Naomi.Meredith.Baxter@dtaa.com,20264,0,
03/17/2010 11:47:21,NMB0972,PC-8330,Lilah.Renee.Wagner@dtaa.com,,,Naomi.Meredith.Baxter@dtaa.com,27138,0,
03/18/2010 12:37:33,NMB0972,PC-8330,Glenna.C.Sharpe@aol.com,,,Naomi_M_Baxter@cox.net,30723,0,
03/19/2010 07:30:58,NMB0972,PC-8330,Troy.Nicolas.Molina@dtaa.com;Selma.Barbara.Nicholson@dtaa.com;Yvette.R.Mendez@harris.com,Graiden.Nehru.Zimmerman@dtaa.com,,Naomi.Meredith.Baxter@dtaa.com,19347,0,
03/22/2010 08:35:45,NMB0972,PC-8330,Hall.Colorado.Morin@dtaa.com,,,Naomi.Meredith.Baxter@dtaa.com,32476,0,
03/23/2010 10:07:15,NMB0972,PC-8330,Xander-Doyle@juno.com;Montana_Arnold@gmail.com,TNM1759@juno.com,,Naomi_M_Baxter@cox.net,29030,0,
03/24/2010 07:07:27,NMB0972,PC-8330,Cassidy.Florence.Gibbs@dtaa.com,,,Naomi.Meredith.Baxter@dtaa.com,17154,0,
03/25/2010 11:25:13,NMB0972,PC-8330,Cody.Jonathan.Potter@dtaa.com;Graiden.Nehru.Zimmerman@dtaa.com,Octavia.May.Maddox@dtaa.com;Gannon-Robbins@raytheon.com,,Naomi.Meredith.Baxter@dtaa.com,27952,5,
03/26/2010 12:15:09,NMB0972,PC-8330,Felicia.Xantha.Farley@dtaa.com,,,Naomi.Meredith.Baxter@dtaa.com,20089,0,
03/29/2010 07:03:06,NMB0972,PC-8330,Ivy.Charissa.Solis@dtaa.com,,,Naomi.Meredith.Baxter@dtaa.com,46636,0,
03/30/2010 11:00:14,NMB0972,PC-8330,Ivy.Charissa.Solis@dtaa.com,Madison.Lydia.Morrison@dtaa.com;Graiden.Nehru.Zimmerman@dtaa.com,,Naomi.Meredith.Baxter@dtaa.com,51809,0,
03/31/2010 12:51:53,NMB0972,PC-8330,Lilah.R.Wagner@bellsouth.net,,,Naomi_M_Baxter@cox.net,41473,0,
04/01/2010 15:46:34,NMB0972,PC-8330,Wynter_Mercer@earthlink.net,Naida.I.Hughes@juno.com,,Naomi_M_Baxter@cox.net,31593,0,
04/05/2010 10:53:06,NMB0972,PC-8330,Raven.Deirdre.Morrison@dtaa.com;Felicia.Xantha.Farley@dtaa.com,George.Cade.Chen@dtaa.com,,Naomi.Meredith.Baxter@dtaa.com,45346,0,
04/06/2010 09:00:34,NMB0972,PC-8330,Micah.Abdul.Rojas@dtaa.com,Basia.Nevada.Riggs@dtaa.com;Beatrice.Alexis.Kidd@dtaa.com,,Naomi.Meredith.Baxter@dtaa.com,40025,0,
04/07/2010 07:39:05,NMB0972,PC-8330,Irene.Lacota.Huffman@dtaa.com;Cassidy.Florence.Gibbs@dtaa.com;Ivy.Charissa.Solis@dtaa.com,Grant.Camden.Gay@dtaa.com,,Naomi.Meredith.Baxter@dtaa.com,36900,0,
04/08/2010 12:58:02,NMB0972,PC-8330,TNM1759@juno.com;Barrett_Ariel@comcast.net,,,Naomi_M_Baxter@cox.net,34848,0,
04/09/2010 14:22:32,NMB0972,PC-8330,Otto.H.Chase@netzero.com,,,Naomi_M_Baxter@cox.net,22930,0,
04/12/2010 13:18:07,NMB0972,PC-8330,Buck-Allen@verizon.net,,,Naomi_M_Baxter@cox.net,26521,0,
04/14/2010 07:38:52,NMB0972,PC-8330,CFG395@earthlink.net;Holly_Lara@msn.com,Ivy_Solis@msn.com;Otto.H.Chase@netzero.com;YRM2@msn.com,,Naomi_M_Baxter@cox.net,27732,0,
04/15/2010 07:20:15,NMB0972,PC-8330,Octavia_M_Maddox@cox.net;Wynter_Mercer@earthlink.net,,,Naomi_M_Baxter@cox.net,31442,0,
04/16/2010 11:52:54,NMB0972,PC-8330,Ivy.Charissa.Solis@dtaa.com;Basia.Nevada.Riggs@dtaa.com;Lilah.Renee.Wagner@dtaa.com,,,Naomi.Meredith.Baxter@dtaa.com,42410,0,
04/19/2010 11:44:32,NMB0972,PC-8330,Troy.Nicolas.Molina@dtaa.com,,,Naomi.Meredith.Baxter@dtaa.com,29917,0,
04/20/2010 13:39:47,NMB0972,PC-8330,Lilah.Renee.Wagner@dtaa.com;Ivy.Charissa.Solis@dtaa.com;Ayanna.Vivian.Murray@dtaa.com;Dawn.S.Gallegos@raytheon.com,Alice.Sierra.Valenzuela@dtaa.com,,Naomi.Meredith.Baxter@dtaa.com,31115,0,
04/21/2010 15:29:23,NMB0972,PC-8330,Wynter.Rose.Mercer@dtaa.com;Hadley.Sonya.Bowen@dtaa.com,Macy_Bowers@raytheon.com,,Naomi.Meredith.Baxter@dtaa.com,30988,0,
04/22/2010 10:53:32,NMB0972,PC-8330,Porter-Kenneth@optonline.net,,,Naomi_M_Baxter@cox.net,25524,0,
04/23/2010 15:23:13,NMB0972,PC-8330,Felicia_Farley@hotmail.com;Diaz-Elijah@earthlink.net,,,Naomi_M_Baxter@cox.net,39665,0,
04/26/2010 08:06:24,NMB0972,PC-8330,Irene.L.Huffman@hotmail.com;Felicia_Farley@hotmail.com,,,Naomi_M_Baxter@cox.net,15761,0,
04/27/2010 12:49:28,NMB0972,PC-8330,Cody.J.Potter@optonline.net,,,Naomi_M_Baxter@cox.net,28986,0,
04/28/2010 11:08:08,NMB0972,PC-8330,Cameron.Shay.Lester@dtaa.com,,,Naomi.Meredith.Baxter@dtaa.com,26541,0,
04/29/2010 12:52:57,NMB0972,PC-8330,Wynter.Rose.Mercer@dtaa.com,,,Naomi.Meredith.Baxter@dtaa.com,48674,0,
04/30/2010 12:17:42,NMB0972,PC-8330,Alice.Sierra.Valenzuela@dtaa.com;Irene.Lacota.Huffman@dtaa.com,,,Naomi.Meredith.Baxter@dtaa.com,21112,0,
05/03/2010 07:25:27,NMB0972,PC-8330,Wynter_Mercer@earthlink.net,,,Naomi_M_Baxter@cox.net,34862,0,
05/04/2010 12:45:43,NMB0972,PC-8330,Ariel.Ina.Barrett@dtaa.com;Cassidy.Florence.Gibbs@dtaa.com;Yvette.R.Mendez@harris.com,,,Naomi.Meredith.Baxter@dtaa.com,42203,0,
05/05/2010 15:56:11,NMB0972,PC-8330,MAR56@msn.com,,,Naomi_M_Baxter@cox.net,24117,0,
05/06/2010 15:24:39,NMB0972,PC-8330,Emerald.Lysandra.Hodges@dtaa.com,,,Naomi.Meredith.Baxter@dtaa.com,29865,0,
05/07/2010 15:40:42,NMB0972,PC-8330,Tyrone.Damian.Garner@dtaa.com,,,Naomi.Meredith.Baxter@dtaa.com,27831,0,
05/10/2010 10:24:12,NMB0972,PC-8330,Davis-Merritt@raytheon.com,,,Naomi.Meredith.Baxter@dtaa.com,17358,0,
05/11/2010 07:15:49,NMB0972,PC-8330,Naida.Imelda.Hughes@dtaa.com;Leo.Hasad.Byrd@dtaa.com,Selma.Barbara.Nicholson@dtaa.com,,Naomi.Meredith.Baxter@dtaa.com,43550,1,
05/12/2010 11:09:34,NMB0972,PC-8330,Gay.Grant@earthlink.net,,,Naomi_M_Baxter@cox.net,56540,1,
05/13/2010 07:42:33,NMB0972,PC-8330,Ivy.Charissa.Solis@dtaa.com;Cameron.Shay.Lester@dtaa.com,Basia.Nevada.Riggs@dtaa.com,,Naomi.Meredith.Baxter@dtaa.com,21516,0,
05/14/2010 07:44:56,NMB0972,PC-8330,Otto.Hedley.Chase@dtaa.com,Troy.Nicolas.Molina@dtaa.com,,Naomi.Meredith.Baxter@dtaa.com,27300,0,
05/17/2010 11:48:04,NMB0972,PC-8330,Tyrone.Damian.Garner@dtaa.com;Ariel.Ina.Barrett@dtaa.com,Blair_Hobbs@boeing.com;French-Castor@raytheon.com,,Naomi.Meredith.Baxter@dtaa.com,18228,0,
05/18/2010 09:06:25,NMB0972,PC-8330,Otto.H.Chase@netzero.com;TDG5986@yahoo.com;Ivy_Solis@msn.com,,,Naomi_M_Baxter@cox.net,17949,0,
05/19/2010 08:57:13,NMB0972,PC-8330,Tyrone.Damian.Garner@dtaa.com;Micah.Abdul.Rojas@dtaa.com,,,Naomi.Meredith.Baxter@dtaa.com,17639,0,
05/20/2010 10:12:30,NMB0972,PC-8330,Nicholson_Selma@bellsouth.net;Felicia_Farley@hotmail.com;Fletcher.P.Cantu@comcast.net,Buck-Allen@verizon.net,,Naomi_M_Baxter@cox.net,30248,0,
05/21/2010 13:11:14,NMB0972,PC-8330,Selma.Barbara.Nicholson@dtaa.com,Frances.Alisa.Wiggins@dtaa.com,,Naomi.Meredith.Baxter@dtaa.com,40417,0,
05/24/2010 10:00:41,NMB0972,PC-8330,Clio.Ocean.Faulkner@dtaa.com;Selma.Barbara.Nicholson@dtaa.com,George.Cade.Chen@dtaa.com;Lilah.Renee.Wagner@dtaa.com,,Naomi.Meredith.Baxter@dtaa.com,34719,2,
05/25/2010 12:53:28,NMB0972,PC-8330,Octavia.May.Maddox@dtaa.com;Troy.Nicolas.Molina@dtaa.com,,,Naomi.Meredith.Baxter@dtaa.com,36792,0,
05/26/2010 11:29:02,NMB0972,PC-8330,Chen-George@hotmail.com,,,Naomi_M_Baxter@cox.net,19785,0,
05/27/2010 14:22:38,NMB0972,PC-8330,Felicia.Xantha.Farley@dtaa.com,,,Naomi.Meredith.Baxter@dtaa.com,33465,0,
05/28/2010 15:57:22,NMB0972,PC-8330,Wynter_Mercer@earthlink.net,,,Naomi_M_Baxter@cox.net,16683,0,
06/01/2010 14:48:15,NMB0972,PC-8330,Buck-Allen@verizon.net,,,Naomi_M_Baxter@cox.net,55100,0,
06/02/2010 15:12:40,NMB0972,PC-8330,Octavia_M_Maddox@cox.net,Naida.I.Hughes@juno.com,,Naomi_M_Baxter@cox.net,28471,0,
06/03/2010 15:36:17,NMB0972,PC-8330,GTD1@bellsouth.net;Cody.J.Potter@optonline.net;Blythe_Shepard@charter.net,TNM1759@juno.com;Ayanna_Murray@optonline.net,,Naomi_M_Baxter@cox.net,22040,1,
06/04/2010 14:18:42,NMB0972,PC-8330,Chen-George@hotmail.com;Allegra_Coffey@optonline.net;Fletcher.P.Cantu@comcast.net;Gannon_Robbins@bellsouth.net,TDG5986@yahoo.com,,Naomi_M_Baxter@cox.net,22260,0,
06/07/2010 13:27:41,NMB0972,PC-8330,Ivy.Charissa.Solis@dtaa.com;French-Castor@raytheon.com,,,Naomi.Meredith.Baxter@dtaa.com,20016,0,
06/08/2010 15:57:14,NMB0972,PC-8330,George.Cade.Chen@dtaa.com,Cody.Jonathan.Potter@dtaa.com,,Naomi.Meredith.Baxter@dtaa.com,28753,0,
06/09/2010 11:27:12,NMB0972,PC-8330,Madison.Lydia.Morrison@dtaa.com,Emerald.Lysandra.Hodges@dtaa.com;Cassidy.Florence.Gibbs@dtaa.com,,Naomi.Meredith.Baxter@dtaa.com,28712,0,
06/10/2010 16:06:08,NMB0972,PC-8330,Fletcher.P.Cantu@comcast.net,,,Naomi_M_Baxter@cox.net,34808,0,
06/11/2010 10:15:17,NMB0972,PC-8330,Lilah.R.Wagner@bellsouth.net;MDD4@earthlink.net,,,Naomi_M_Baxter@cox.net,22511,0,
06/14/2010 16:19:51,NMB0972,PC-8330,Avery-Fulton@yahoo.com,Irene.L.Huffman@hotmail.com,,Naomi_M_Baxter@cox.net,17570,0,
06/15/2010 07:29:12,NMB0972,PC-8330,Otto.H.Chase@netzero.com,,,Naomi_M_Baxter@cox.net,17326,0,
06/16/2010 07:41:17,NMB0972,PC-8330,YRM2@msn.com,,,Naomi_M_Baxter@cox.net,34947,0,
06/17/2010 07:42:34,NMB0972,PC-8330,William.Graham.Rowe@dtaa.com,,,Naomi.Meredith.Baxter@dtaa.com,23587,0,
06/21/2010 07:09:08,NMB0972,PC-8330,Beatrice.Alexis.Kidd@dtaa.com,,,Naomi.Meredith.Baxter@dtaa.com,39761,0,
06/22/2010 10:54:47,NMB0972,PC-8330,Cameron.Shay.Lester@dtaa.com,,,Naomi.Meredith.Baxter@dtaa.com,45508,0,
06/23/2010 11:36:39,NMB0972,PC-8330,Ivy_Solis@msn.com,,,Naomi_M_Baxter@cox.net,34806,0,
06/24/2010 08:42:03,NMB0972,PC-8330,Kenneth.Steel.Porter@dtaa.com;Graiden.Nehru.Zimmerman@dtaa.com;Buck-Allen@northropgrumman.com,Naida.Imelda.Hughes@dtaa.com,,Naomi.Meredith.Baxter@dtaa.com,50360,1,
06/25/2010 08:18:21,NMB0972,PC-8330,Irene.Lacota.Huffman@dtaa.com;Fletcher.Perry.Cantu@dtaa.com,,,Naomi.Meredith.Baxter@dtaa.com,44620,0,
06/28/2010 14:58:15,NMB0972,PC-8330,MAR56@msn.com,Beatrice.A.Kidd@sbcglobal.net;Gay.Grant@earthlink.net,,Naomi_M_Baxter@cox.net,29740,0,
06/29/2010 16:09:43,NMB0972,PC-8330,Irene.L.Huffman@hotmail.com,,,Naomi_M_Baxter@cox.net,29165,0,
06/30/2010 14:09:31,NMB0972,PC-8330,Leo.Hasad.Byrd@dtaa.com;Nicolas.Brandon.Hendrix@dtaa.com,,,Naomi.Meredith.Baxter@dtaa.com,34905,0,
07/01/2010 12:28:42,NMB0972,PC-8330,Leo.Hasad.Byrd@dtaa.com;Sandra.Beverly.Diaz@dtaa.com;Felicia.Xantha.Farley@dtaa.com;Gannon-Robbins@raytheon.com,,,Naomi.Meredith.Baxter@dtaa.com,27196,0,
07/02/2010 14:42:50,NMB0972,PC-8330,Otto.H.Chase@netzero.com,,,Naomi_M_Baxter@cox.net,33919,0,
07/06/2010 14:34:00,NMB0972,PC-8330,BWC6@cox.net,,,Naomi_M_Baxter@cox.net,29759,0,
07/07/2010 08:05:00,NMB0972,PC-8330,Irene.Lacota.Huffman@dtaa.com;Holly.Xerxes.Lara@dtaa.com,,,Naomi.Meredith.Baxter@dtaa.com,28973,0,
07/08/2010 09:01:37,NMB0972,PC-8330,Ayanna.Vivian.Murray@dtaa.com;Tyrone.Damian.Garner@dtaa.com;Buck-Allen@northropgrumman.com,,,Naomi.Meredith.Baxter@dtaa.com,14698,0,
07/09/2010 09:00:31,NMB0972,PC-8330,TDG5986@yahoo.com,,,Naomi_M_Baxter@cox.net,31427,0,
07/12/2010 12:57:19,NMB0972,PC-8330,Wynter.Rose.Mercer@dtaa.com,,,Naomi.Meredith.Baxter@dtaa.com,30397,0,
07/13/2010 12:05:09,NMB0972,PC-8330,Ivy_Solis@msn.com;Porter-Kenneth@optonline.net;MDD4@earthlink.net,Felicia_Farley@hotmail.com,,Naomi_M_Baxter@cox.net,46981,7,
07/14/2010 08:06:36,NMB0972,PC-8330,Cameron.Lester@aol.com,,,Naomi_M_Baxter@cox.net,49960,0,
07/15/2010 11:36:39,NMB0972,PC-8330,Yvette.R.Mendez@harris.com,,,Naomi.Meredith.Baxter@dtaa.com,24788,0,
07/16/2010 07:53:32,NMB0972,PC-8330,Octavia.May.Maddox@dtaa.com,,,Naomi.Meredith.Baxter@dtaa.com,29632,0,
07/19/2010 09:59:56,NMB0972,PC-8330,Brewer-Armand@hotmail.com,,,Naomi_M_Baxter@cox.net,28439,0,
07/20/2010 09:30:05,NMB0972,PC-8330,Hodges-Emerald@gmail.com;TDG5986@yahoo.com;Graiden_Zimmerman@cox.net,Chen-George@hotmail.com,,Naomi_M_Baxter@cox.net,27634,2,
07/21/2010 07:26:34,NMB0972,PC-8330,Barrett_Ariel@comcast.net,,,Naomi_M_Baxter@cox.net,24516,0,
07/22/2010 09:27:01,NMB0972,PC-8330,Blythe_Cooke@charter.net,,,Naomi_M_Baxter@cox.net,23225,0,
07/23/2010 11:14:20,NMB0972,PC-8330,Fletcher.P.Cantu@comcast.net,,,Naomi_M_Baxter@cox.net,34548,0,
07/26/2010 07:22:42,NMB0972,PC-8330,Felicia_Farley@hotmail.com,,,Naomi_M_Baxter@cox.net,17308,0,
07/27/2010 15:06:22,NMB0972,PC-8330,Naida.Imelda.Hughes@dtaa.com;Basia.Nevada.Riggs@dtaa.com;Beatrice.Alexis.Kidd@dtaa.com,,,Naomi.Meredith.Baxter@dtaa.com,16282,0,
07/28/2010 10:39:17,NMB0972,PC-8330,Ayanna_Murray@optonline.net,,,Naomi_M_Baxter@cox.net,55585,0,
07/29/2010 14:33:47,NMB0972,PC-8330,Holly_Lara@msn.com,,,Naomi_M_Baxter@cox.net,14650,0,
07/30/2010 12:40:16,NMB0972,PC-8330,Octavia_M_Maddox@cox.net,,,Naomi_M_Baxter@cox.net,31603,0,
08/02/2010 07:48:51,NMB0972,PC-8330,CFG395@earthlink.net,,,Naomi_M_Baxter@cox.net,28432,0,
08/03/2010 14:33:27,NMB0972,PC-8330,Troy.Nicolas.Molina@dtaa.com,,,Naomi.Meredith.Baxter@dtaa.com,25419,0,
08/04/2010 16:06:56,NMB0972,PC-8330,Basia_N_Riggs@aol.com,,,Naomi_M_Baxter@cox.net,30469,0,
08/05/2010 07:51:19,NMB0972,PC-8330,Madison.Lydia.Morrison@dtaa.com;Kenneth.Steel.Porter@dtaa.com;Rhona.S.Fleming@northropgrumman.com,Micah.Abdul.Rojas@dtaa.com,,Naomi.Meredith.Baxter@dtaa.com,24861,1,
08/06/2010 10:31:09,NMB0972,PC-8330,George.Cade.Chen@dtaa.com,,,Naomi.Meredith.Baxter@dtaa.com,22228,0,
08/09/2010 12:39:40,NMB0972,PC-8330,Holly.Xerxes.Lara@dtaa.com;Ariel.Ina.Barrett@dtaa.com,Irene.Lacota.Huffman@dtaa.com;Lilah.Renee.Wagner@dtaa.com,,Naomi.Meredith.Baxter@dtaa.com,21068,0,
08/10/2010 12:23:18,NMB0972,PC-8330,Porter-Kenneth@optonline.net,,,Naomi_M_Baxter@cox.net,22975,0,
08/11/2010 09:34:03,NMB0972,PC-8330,Irene.L.Huffman@hotmail.com,,,Naomi_M_Baxter@cox.net,28640,0,
08/12/2010 14:01:20,NMB0972,PC-8330,Beatrice.Alexis.Kidd@dtaa.com;Graiden.Nehru.Zimmerman@dtaa.com;George.Cade.Chen@dtaa.com;Lilah.Renee.Wagner@dtaa.com;Leo.Hasad.Byrd@dtaa.com,,,Naomi.Meredith.Baxter@dtaa.com,31137,0,
08/13/2010 13:07:17,NMB0972,PC-8330,Selma.Barbara.Nicholson@dtaa.com;Naida.Imelda.Hughes@dtaa.com,,,Naomi.Meredith.Baxter@dtaa.com,31130,0,
08/16/2010 07:13:24,NMB0972,PC-8330,ASV38@optonline.net,Hines-Dean@hotmail.com,,Naomi_M_Baxter@cox.net,35102,0,
08/17/2010 11:43:41,NMB0972,PC-8330,Ayanna.Vivian.Murray@dtaa.com;Naida.Imelda.Hughes@dtaa.com;Troy.Nicolas.Molina@dtaa.com;Davis-Merritt@raytheon.com,,,Naomi.Meredith.Baxter@dtaa.com,34996,3,
08/18/2010 07:08:16,NMB0972,PC-8330,LHB4812@aol.com,,,Naomi_M_Baxter@cox.net,18727,0,
08/19/2010 07:36:36,NMB0972,PC-8330,Irene.Lacota.Huffman@dtaa.com;George.Cade.Chen@dtaa.com,Emerald.Lysandra.Hodges@dtaa.com;Holly.Xerxes.Lara@dtaa.com;Graiden.Nehru.Zimmerman@dtaa.com,,Naomi.Meredith.Baxter@dtaa.com,36211,0,
08/23/2010 13:21:25,NMB0972,PC-8330,Fletcher.P.Cantu@comcast.net,,,Naomi_M_Baxter@cox.net,21554,0,
08/24/2010 15:32:10,NMB0972,PC-8330,George.Cade.Chen@dtaa.com;Fletcher.Perry.Cantu@dtaa.com;Sandra.Beverly.Diaz@dtaa.com,,,Naomi.Meredith.Baxter@dtaa.com,32332,0,
08/25/2010 14:29:03,NMB0972,PC-8330,SBD478@verizon.net;CFG395@earthlink.net;TNM1759@juno.com,,,Naomi_M_Baxter@cox.net,32321,0,
08/26/2010 15:14:43,NMB0972,PC-8330,Grant.Camden.Gay@dtaa.com,,,Naomi.Meredith.Baxter@dtaa.com,28214,0,
08/27/2010 15:15:23,NMB0972,PC-8330,Lilah.Renee.Wagner@dtaa.com;Leo.Hasad.Byrd@dtaa.com;Naida.Imelda.Hughes@dtaa.com,,,Naomi.Meredith.Baxter@dtaa.com,25268,3,
08/30/2010 11:37:03,NMB0972,PC-8330,Irene.Lacota.Huffman@dtaa.com,,,Naomi.Meredith.Baxter@dtaa.com,25502,0,
08/31/2010 14:53:30,NMB0972,PC-8330,Felicia_Farley@hotmail.com,,,Naomi_M_Baxter@cox.net,35928,0,
09/01/2010 14:20:17,NMB0972,PC-8330,Holly.Xerxes.Lara@dtaa.com,,,Naomi.Meredith.Baxter@dtaa.com,27232,0,
09/02/2010 09:22:17,NMB0972,PC-8330,French-Castor@optonline.net,,,Naomi_M_Baxter@cox.net,22962,0,
09/03/2010 07:27:59,NMB0972,PC-8330,Hodges-Emerald@gmail.com,,,Naomi_M_Baxter@cox.net,20922,0,
09/07/2010 07:29:02,NMB0972,PC-8330,Naida.I.Hughes@juno.com,,,Naomi_M_Baxter@cox.net,24958,0,
09/08/2010 12:08:36,NMB0972,PC-8330,Sonia.Karly.Goodwin@dtaa.com,,,Naomi.Meredith.Baxter@dtaa.com,35992,0,
09/09/2010 13:33:35,NMB0972,PC-8330,Cameron.Shay.Lester@dtaa.com;Echo.Leandra.Torres@dtaa.com;Yvette.R.Mendez@harris.com,Emerald.Lysandra.Hodges@dtaa.com,,Naomi.Meredith.Baxter@dtaa.com,19201,0,
09/10/2010 10:35:44,NMB0972,PC-8330,Holly.Xerxes.Lara@dtaa.com;Ayanna.Leandra.Dunlap@dtaa.com,,,Naomi.Meredith.Baxter@dtaa.com,44942,0,
09/13/2010 15:48:35,NMB0972,PC-8330,Felicia.Xantha.Farley@dtaa.com;Ayanna.Vivian.Murray@dtaa.com;Cassidy.Florence.Gibbs@dtaa.com;YGP325@lockheedmartin.com,,,Naomi.Meredith.Baxter@dtaa.com,33648,1,
09/14/2010 15:21:29,NMB0972,PC-8330,Basia_N_Riggs@aol.com,,,Naomi_M_Baxter@cox.net,28996,0,
09/15/2010 16:13:21,NMB0972,PC-8330,Fletcher.P.Cantu@comcast.net,Felicia_Farley@hotmail.com,,Naomi_M_Baxter@cox.net,41771,0,
09/16/2010 07:19:46,NMB0972,PC-8330,Hodges-Emerald@gmail.com,,,Naomi_M_Baxter@cox.net,18778,0,
09/17/2010 07:45:12,NMB0972,PC-8330,Gay.Grant@earthlink.net,FDE8847@yahoo.com,,Naomi_M_Baxter@cox.net,23336,0,
09/20/2010 07:35:12,NMB0972,PC-8330,Quintessa.Shana.Vance@dtaa.com;Basia.Nevada.Riggs@dtaa.com;Felicia.Xantha.Farley@dtaa.com;Tyrone.Damian.Garner@dtaa.com,Sandra.Beverly.Diaz@dtaa.com,,Naomi.Meredith.Baxter@dtaa.com,34625,0,
09/21/2010 11:01:27,NMB0972,PC-8330,Gisela_Q_Fischer@charter.net;TDG5986@yahoo.com;Barrett_Ariel@comcast.net;Beatrice.A.Kidd@sbcglobal.net,,,Naomi_M_Baxter@cox.net,17222,3,
09/22/2010 10:23:45,NMB0972,PC-8330,Felicia_Farley@hotmail.com,,,Naomi_M_Baxter@cox.net,18790,0,
09/23/2010 16:00:44,NMB0972,PC-8330,Basia_N_Riggs@aol.com;Ayanna_Murray@optonline.net,,,Naomi_M_Baxter@cox.net,29042,0,
09/24/2010 11:35:04,NMB0972,PC-8330,Octavia.May.Maddox@dtaa.com,Holly.Xerxes.Lara@dtaa.com,,Naomi.Meredith.Baxter@dtaa.com,28627,0,
09/27/2010 08:16:36,NMB0972,PC-8330,Chen-George@hotmail.com,TDG5986@yahoo.com,,Naomi_M_Baxter@cox.net,37021,0,
09/28/2010 07:19:43,NMB0972,PC-8330,SBD478@verizon.net,,,Naomi_M_Baxter@cox.net,17871,0,
09/29/2010 08:00:02,NMB0972,PC-8330,Naida.I.Hughes@juno.com,,,Naomi_M_Baxter@cox.net,22902,0,
09/30/2010 16:01:41,NMB0972,PC-8330,NNS2@comcast.net,,,Naomi_M_Baxter@cox.net,24496,0,
10/01/2010 07:24:02,NMB0972,PC-8330,Holly.Xerxes.Lara@dtaa.com,,,Naomi.Meredith.Baxter@dtaa.com,23133,1,
10/04/2010 07:14:02,NMB0972,PC-8330,Barrett_Ariel@comcast.net;TDG5986@yahoo.com,Madison_L_Morrison@netzero.com,,Naomi_M_Baxter@cox.net,23676,0,
10/05/2010 16:28:23,NMB0972,PC-8330,Selma.Barbara.Nicholson@dtaa.com;Ivy.Charissa.Solis@dtaa.com;George.Cade.Chen@dtaa.com,Troy.Nicolas.Molina@dtaa.com;Declan.Lester.Moss@dtaa.com,,Naomi.Meredith.Baxter@dtaa.com,24014,0,
10/07/2010 12:36:15,NMB0972,PC-8330,Selma.Barbara.Nicholson@dtaa.com,Brenden.W.Compton@boeing.com,,Naomi.Meredith.Baxter@dtaa.com,38498,0,
10/08/2010 11:35:38,NMB0972,PC-8330,Kenneth.Steel.Porter@dtaa.com;Leo.Hasad.Byrd@dtaa.com;Graiden.Nehru.Zimmerman@dtaa.com,,,Naomi.Meredith.Baxter@dtaa.com,27587,0,
10/11/2010 07:24:51,NMB0972,PC-8330,Octavia.May.Maddox@dtaa.com,,,Naomi.Meredith.Baxter@dtaa.com,25004,0,
10/12/2010 07:24:58,NMB0972,PC-8330,CFG395@earthlink.net;MCT8@gmail.com,SBD478@verizon.net,,Naomi_M_Baxter@cox.net,19612,0,
10/13/2010 10:49:59,NMB0972,PC-8330,Octavia_M_Maddox@cox.net,,,Naomi_M_Baxter@cox.net,18547,0,
10/14/2010 12:21:31,NMB0972,PC-8330,Atkinson-Cyrus@charter.net;Bond-Chadwick@yahoo.com,Holly_Lara@msn.com,,Naomi_M_Baxter@cox.net,35309,0,
10/15/2010 15:06:05,NMB0972,PC-8330,Graiden.Nehru.Zimmerman@dtaa.com,,,Naomi.Meredith.Baxter@dtaa.com,37527,0,
10/18/2010 08:43:12,NMB0972,PC-8330,MDD4@earthlink.net,,,Naomi_M_Baxter@cox.net,48539,0,
10/19/2010 12:46:47,NMB0972,PC-8330,Cassidy.Florence.Gibbs@dtaa.com,,,Naomi.Meredith.Baxter@dtaa.com,14698,0,
10/20/2010 13:17:51,NMB0972,PC-8330,Ivy_Solis@msn.com,,,Naomi_M_Baxter@cox.net,28560,1,
10/21/2010 13:09:37,NMB0972,PC-8330,Lilah.R.Wagner@bellsouth.net,ASV38@optonline.net;Ivy_Solis@msn.com,,Naomi_M_Baxter@cox.net,29595,0,
10/22/2010 13:51:15,NMB0972,PC-8330,Mari_Shaw@verizon.net,,,Naomi_M_Baxter@cox.net,21230,0,
10/25/2010 09:59:33,NMB0972,PC-8330,George.Cade.Chen@dtaa.com;Selma.Barbara.Nicholson@dtaa.com,Emerald.Lysandra.Hodges@dtaa.com;Octavia.May.Maddox@dtaa.com,,Naomi.Meredith.Baxter@dtaa.com,23569,0,
10/26/2010 09:55:53,NMB0972,PC-8330,Sandra.Beverly.Diaz@dtaa.com;Ariel.Ina.Barrett@dtaa.com;Whilemina.Pandora.England@dtaa.com,,,Naomi.Meredith.Baxter@dtaa.com,35641,0,
10/27/2010 11:38:14,NMB0972,PC-8330,Holly.Xerxes.Lara@dtaa.com;Leo.Hasad.Byrd@dtaa.com,Dawn.S.Gallegos@raytheon.com,,Naomi.Meredith.Baxter@dtaa.com,35027,1,
10/28/2010 11:23:30,NMB0972,PC-8330,Alice.Sierra.Valenzuela@dtaa.com;Cassidy.Florence.Gibbs@dtaa.com;Lilah.Renee.Wagner@dtaa.com;Shaine.M.Gillespie@hp.com,,,Naomi.Meredith.Baxter@dtaa.com,25762,0,
10/29/2010 12:39:58,NMB0972,PC-8330,Barrett_Ariel@comcast.net,,,Naomi_M_Baxter@cox.net,32851,0,
11/01/2010 16:11:40,NMB0972,PC-8330,Barrett_Ariel@comcast.net,,,Naomi_M_Baxter@cox.net,14798,0,
11/02/2010 13:24:52,NMB0972,PC-8330,Fletcher.P.Cantu@comcast.net;Otto.H.Chase@netzero.com,,,Naomi_M_Baxter@cox.net,26804,0,
11/03/2010 15:00:05,NMB0972,PC-8330,Selma.Barbara.Nicholson@dtaa.com;Fletcher.Perry.Cantu@dtaa.com;Leo.Hasad.Byrd@dtaa.com;Carrillo-August@lockheedmartin.com,,,Naomi.Meredith.Baxter@dtaa.com,31387,0,
11/04/2010 08:09:59,NMB0972,PC-8330,Otto.H.Chase@netzero.com;Beatrice.A.Kidd@sbcglobal.net,SEB11@gmail.com,,Naomi_M_Baxter@cox.net,24842,0,
11/05/2010 08:52:04,NMB0972,PC-8330,Basia_N_Riggs@aol.com;ASV38@optonline.net,,,Naomi_M_Baxter@cox.net,19496,0,
11/08/2010 14:56:45,NMB0972,PC-8330,Buck-Allen@verizon.net,,,Naomi_M_Baxter@cox.net,27887,0,
11/09/2010 10:53:26,NMB0972,PC-8330,Graiden.Nehru.Zimmerman@dtaa.com;Teagan.Raven.Kennedy@dtaa.com,Lilah.Renee.Wagner@dtaa.com,,Naomi.Meredith.Baxter@dtaa.com,25036,0,
11/10/2010 11:47:43,NMB0972,PC-8330,Irene.Lacota.Huffman@dtaa.com,,,Naomi.Meredith.Baxter@dtaa.com,21595,1,
11/11/2010 10:52:52,NMB0972,PC-8330,Alfonso.Colin.Cooley@dtaa.com,,,Naomi.Meredith.Baxter@dtaa.com,19475,0,
11/12/2010 16:18:13,NMB0972,PC-8330,Gay.Grant@earthlink.net;Basia_N_Riggs@aol.com,Octavia_M_Maddox@cox.net;MDD4@earthlink.net,,Naomi_M_Baxter@cox.net,22955,0,
11/15/2010 12:36:10,NMB0972,PC-8330,Emerald.Lysandra.Hodges@dtaa.com,,,Naomi.Meredith.Baxter@dtaa.com,18156,0,
11/16/2010 08:18:42,NMB0972,PC-8330,Beatrice.A.Kidd@sbcglobal.net,,,Naomi_M_Baxter@cox.net,19587,0,
11/17/2010 07:34:34,NMB0972,PC-8330,Hodges-Emerald@gmail.com;Stephanie_Lyons@charter.net;Felicia_Farley@hotmail.com,ASV38@optonline.net,,Naomi_M_Baxter@cox.net,25418,0,
11/18/2010 14:08:16,NMB0972,PC-8330,Barrett_Ariel@comcast.net,,,Naomi_M_Baxter@cox.net,30299,0,
11/19/2010 09:24:30,NMB0972,PC-8330,Cameron.Shay.Lester@dtaa.com;Felicia.Xantha.Farley@dtaa.com;Grant.Camden.Gay@dtaa.com;Rhona.S.Fleming@northropgrumman.com,Troy.Nicolas.Molina@dtaa.com,,Naomi.Meredith.Baxter@dtaa.com,21625,0,
11/22/2010 13:54:00,NMB0972,PC-8330,Cody.Jonathan.Potter@dtaa.com,,,Naomi.Meredith.Baxter@dtaa.com,50186,1,
11/23/2010 11:07:02,NMB0972,PC-8330,Grant.Camden.Gay@dtaa.com;George.Cade.Chen@dtaa.com,Hernandez-Griffin@harris.com,,Naomi.Meredith.Baxter@dtaa.com,38623,0,
11/24/2010 09:44:49,NMB0972,PC-8330,Lilah.Renee.Wagner@dtaa.com,Micah.Abdul.Rojas@dtaa.com,,Naomi.Meredith.Baxter@dtaa.com,36951,1,
11/29/2010 09:31:26,NMB0972,PC-8330,Kenneth.Steel.Porter@dtaa.com;Octavia.May.Maddox@dtaa.com;Naida.Imelda.Hughes@dtaa.com;Yvette.R.Mendez@harris.com,Alice.Sierra.Valenzuela@dtaa.com,,Naomi.Meredith.Baxter@dtaa.com,34254,0,
11/30/2010 09:28:52,NMB0972,PC-8330,Madison_L_Morrison@netzero.com,,,Naomi_M_Baxter@cox.net,23067,0,
12/01/2010 13:13:50,NMB0972,PC-8330,Lilah.Renee.Wagner@dtaa.com;Basia.Nevada.Riggs@dtaa.com,Irene.Lacota.Huffman@dtaa.com;Octavia.May.Maddox@dtaa.com,,Naomi.Meredith.Baxter@dtaa.com,36325,0,
12/02/2010 14:21:33,NMB0972,PC-8330,Ariel.Ina.Barrett@dtaa.com;Kenneth.Steel.Porter@dtaa.com;Naida.Imelda.Hughes@dtaa.com,Beatrice.Alexis.Kidd@dtaa.com,,Naomi.Meredith.Baxter@dtaa.com,33737,0,
12/03/2010 15:14:04,NMB0972,PC-8330,George.Cade.Chen@dtaa.com,Ariel.Ina.Barrett@dtaa.com,,Naomi.Meredith.Baxter@dtaa.com,37337,0,
12/06/2010 07:55:28,NMB0972,PC-8330,Selma.Barbara.Nicholson@dtaa.com;Ivy.Charissa.Solis@dtaa.com;Cody.Jonathan.Potter@dtaa.com,Madison.Lydia.Morrison@dtaa.com,,Naomi.Meredith.Baxter@dtaa.com,28685,0,
12/07/2010 07:44:34,NMB0972,PC-8330,Fletcher.P.Cantu@comcast.net,,,Naomi_M_Baxter@cox.net,14493,0,
12/08/2010 07:42:02,NMB0972,PC-8330,Troy.Nicolas.Molina@dtaa.com,,,Naomi.Meredith.Baxter@dtaa.com,21831,0,
12/09/2010 08:54:22,NMB0972,PC-8330,Fletcher.Perry.Cantu@dtaa.com,,,Naomi.Meredith.Baxter@dtaa.com,24374,0,
12/13/2010 08:08:17,NMB0972,PC-8330,Leo.Hasad.Byrd@dtaa.com;Beatrice.Alexis.Kidd@dtaa.com,,,Naomi.Meredith.Baxter@dtaa.com,31027,0,
12/14/2010 15:17:13,NMB0972,PC-8330,ASV38@optonline.net;Kimberley_Maldonado@msn.com;Otto.H.Chase@netzero.com,,,Naomi_M_Baxter@cox.net,34865,0,
12/15/2010 09:13:17,NMB0972,PC-8330,Graiden_Zimmerman@cox.net,,,Naomi_M_Baxter@cox.net,34613,0,
12/16/2010 16:00:24,NMB0972,PC-8330,Ivy.Charissa.Solis@dtaa.com;Otto.Hedley.Chase@dtaa.com;Irene.Lacota.Huffman@dtaa.com,,,Naomi.Meredith.Baxter@dtaa.com,23227,0,
12/17/2010 15:36:57,NMB0972,PC-8330,Naida.I.Hughes@juno.com,,,Naomi_M_Baxter@cox.net,16659,0,
12/20/2010 07:53:00,NMB0972,PC-8330,Octavia_M_Maddox@cox.net;MAR56@msn.com,,,Naomi_M_Baxter@cox.net,36940,0,
12/21/2010 10:45:03,NMB0972,PC-8330,Fletcher.Perry.Cantu@dtaa.com;Ariel.Ina.Barrett@dtaa.com;Cassidy.Florence.Gibbs@dtaa.com,George.Cade.Chen@dtaa.com,,Naomi.Meredith.Baxter@dtaa.com,23669,0,
12/22/2010 09:25:36,NMB0972,PC-8330,SBD478@verizon.net;ASV38@optonline.net;Porter-Kenneth@optonline.net;Barrett_Ariel@comcast.net,,,Naomi_M_Baxter@cox.net,39513,0,
12/27/2010 07:21:48,NMB0972,PC-8330,Naida.Imelda.Hughes@dtaa.com,,,Naomi.Meredith.Baxter@dtaa.com,29561,0,
12/28/2010 15:33:58,NMB0972,PC-8330,SBD478@verizon.net,,,Naomi_M_Baxter@cox.net,26251,0,
12/29/2010 15:18:13,NMB0972,PC-8330,Ayanna_Murray@optonline.net,,,Naomi_M_Baxter@cox.net,41665,0,
12/30/2010 13:29:48,NMB0972,PC-8330,Cody.Jonathan.Potter@dtaa.com;Alice.Sierra.Valenzuela@dtaa.com;Grant.Camden.Gay@dtaa.com;Blythe_Shepard@lockheedmartin.com,Basia.Nevada.Riggs@dtaa.com,,Naomi.Meredith.Baxter@dtaa.com,44676,0,
01/03/2011 14:12:04,NMB0972,PC-8330,Hodges-Emerald@gmail.com,,,Naomi_M_Baxter@cox.net,30194,0,
01/04/2011 10:42:53,NMB0972,PC-8330,Gay.Grant@earthlink.net,,,Naomi_M_Baxter@cox.net,27957,0,
01/05/2011 15:43:39,NMB0972,PC-8330,Cody.J.Potter@optonline.net,,,Naomi_M_Baxter@cox.net,29131,0,
01/06/2011 13:47:24,NMB0972,PC-8330,Gay.Grant@earthlink.net;MAR56@msn.com,,,Naomi_M_Baxter@cox.net,36329,0,
01/07/2011 08:58:25,NMB0972,PC-8330,UNM37@harris.com,,,Naomi.Meredith.Baxter@dtaa.com,21139,0,
01/10/2011 11:38:11,NMB0972,PC-8330,MAR56@msn.com,,,Naomi_M_Baxter@cox.net,23160,0,
01/11/2011 10:17:53,NMB0972,PC-8330,Emerald.Lysandra.Hodges@dtaa.com;Ayanna.Vivian.Murray@dtaa.com;Alice.Sierra.Valenzuela@dtaa.com;Hernandez-Griffin@harris.com,,,Naomi.Meredith.Baxter@dtaa.com,28535,1,
01/12/2011 12:04:37,NMB0972,PC-8330,Kenneth.Steel.Porter@dtaa.com,,,Naomi.Meredith.Baxter@dtaa.com,21251,0,
01/13/2011 16:03:25,NMB0972,PC-8330,Yvette.R.Mendez@harris.com,,,Naomi.Meredith.Baxter@dtaa.com,35613,0,
01/14/2011 09:43:38,NMB0972,PC-8330,Elaine_Hughes@aol.com,,,Naomi_M_Baxter@cox.net,21792,0,
01/17/2011 08:00:42,NMB0972,PC-8330,Madison.Lydia.Morrison@dtaa.com;Dean.Lester.Figueroa@dtaa.com;Fletcher.Perry.Cantu@dtaa.com,,,Naomi.Meredith.Baxter@dtaa.com,28027,3,
01/18/2011 16:07:01,NMB0972,PC-8330,Leo.Hasad.Byrd@dtaa.com,,,Naomi.Meredith.Baxter@dtaa.com,13724,0,
01/19/2011 12:01:47,NMB0972,PC-8330,Blythe_Shepard@charter.net,,,Naomi_M_Baxter@cox.net,19848,0,
01/20/2011 10:17:08,NMB0972,PC-8330,LHB4812@aol.com,,,Naomi_M_Baxter@cox.net,33072,0,
01/21/2011 13:37:45,NMB0972,PC-8330,Cody.J.Potter@optonline.net;BWC6@cox.net,Madison_L_Morrison@netzero.com;ASV38@optonline.net,,Naomi_M_Baxter@cox.net,37978,0,
01/24/2011 14:36:37,NMB0972,PC-8330,Micah.Abdul.Rojas@dtaa.com,,,Naomi.Meredith.Baxter@dtaa.com,39016,0,
01/25/2011 11:11:58,NMB0972,PC-8330,Leo.Hasad.Byrd@dtaa.com,,,Naomi.Meredith.Baxter@dtaa.com,29785,1,
01/26/2011 15:09:24,NMB0972,PC-8330,Octavia.May.Maddox@dtaa.com,Cody.Jonathan.Potter@dtaa.com,,Naomi.Meredith.Baxter@dtaa.com,27238,0,
01/27/2011 09:19:54,NMB0972,PC-8330,Emerald.Lysandra.Hodges@dtaa.com,,,Naomi.Meredith.Baxter@dtaa.com,32538,0,
01/28/2011 11:12:02,NMB0972,PC-8330,TDG5986@yahoo.com;Shaine_M_Gillespie@aol.com,,,Naomi_M_Baxter@cox.net,35753,0,
01/31/2011 07:57:07,NMB0972,PC-8330,Dawn.S.Gallegos@raytheon.com,,,Naomi.Meredith.Baxter@dtaa.com,23338,0,
02/01/2011 08:27:52,NMB0972,PC-8330,Francis_Buckner@verizon.net,,,Naomi_M_Baxter@cox.net,24560,2,
02/02/2011 10:29:16,NMB0972,PC-8330,Beatrice.Alexis.Kidd@dtaa.com,Felicia.Xantha.Farley@dtaa.com;Micah.Abdul.Rojas@dtaa.com,,Naomi.Meredith.Baxter@dtaa.com,20685,1,
02/03/2011 14:43:21,NMB0972,PC-8330,Porter-Kenneth@optonline.net;Ayanna_Murray@optonline.net;Irene.L.Huffman@hotmail.com;Barrett_Ariel@comcast.net;SSH64@earthlink.net,,,Naomi_M_Baxter@cox.net,57147,0,
02/07/2011 13:08:52,NMB0972,PC-8330,Nicholson_Selma@bellsouth.net,,,Naomi_M_Baxter@cox.net,22898,0,
02/08/2011 14:56:23,NMB0972,PC-8330,Buck-Allen@northropgrumman.com,,,Naomi.Meredith.Baxter@dtaa.com,40197,0,
02/09/2011 16:02:43,NMB0972,PC-8330,George.Cade.Chen@dtaa.com;Micah.Abdul.Rojas@dtaa.com;Octavia.May.Maddox@dtaa.com;Madison.Lydia.Morrison@dtaa.com,Otto.Hedley.Chase@dtaa.com,,Naomi.Meredith.Baxter@dtaa.com,25753,0,
02/10/2011 12:17:40,NMB0972,PC-8330,Leo.Hasad.Byrd@dtaa.com,,,Naomi.Meredith.Baxter@dtaa.com,27131,0,
02/11/2011 15:15:57,NMB0972,PC-8330,Ariel.Ina.Barrett@dtaa.com;Fletcher.Perry.Cantu@dtaa.com,Basia.Nevada.Riggs@dtaa.com,,Naomi.Meredith.Baxter@dtaa.com,33083,0,
02/14/2011 10:59:13,NMB0972,PC-8330,LHB4812@aol.com;CFG395@earthlink.net;Naida.I.Hughes@juno.com;MAR56@msn.com,,,Naomi_M_Baxter@cox.net,51182,0,
02/15/2011 16:09:50,NMB0972,PC-8330,LHB4812@aol.com;Jonah-Bird@verizon.net;Barrett_Ariel@comcast.net,,,Naomi_M_Baxter@cox.net,26363,0,
02/16/2011 12:11:49,NMB0972,PC-8330,Ayanna.Vivian.Murray@dtaa.com;Felicia.Xantha.Farley@dtaa.com;Alice.Sierra.Valenzuela@dtaa.com,,,Naomi.Meredith.Baxter@dtaa.com,28705,0,
02/17/2011 14:29:05,NMB0972,PC-8330,Micah.Abdul.Rojas@dtaa.com;Ayanna.Vivian.Murray@dtaa.com,,,Naomi.Meredith.Baxter@dtaa.com,25323,0,
02/18/2011 09:57:18,NMB0972,PC-8330,Julie.Jaime.Burns@dtaa.com,,,Naomi.Meredith.Baxter@dtaa.com,19754,0,
02/21/2011 08:04:21,NMB0972,PC-8330,Zia.Shelley.Blankenship@dtaa.com,Ariel.Ina.Barrett@dtaa.com,,Naomi.Meredith.Baxter@dtaa.com,43104,0,
02/22/2011 14:27:53,NMB0972,PC-8330,Cameron.Lester@aol.com;Ariel.Murphy@comcast.net,,,Naomi_M_Baxter@cox.net,20747,0,
02/23/2011 12:01:42,NMB0972,PC-8330,Nicholson_Selma@bellsouth.net;Barrett_Ariel@comcast.net;YGP23@aol.com,,,Naomi_M_Baxter@cox.net,28365,0,
02/24/2011 09:00:51,NMB0972,PC-8330,Madison.Lydia.Morrison@dtaa.com;Ayanna.Vivian.Murray@dtaa.com;Naida.Imelda.Hughes@dtaa.com,,,Naomi.Meredith.Baxter@dtaa.com,44246,0,
02/25/2011 11:42:23,NMB0972,PC-8330,Lilah.R.Wagner@bellsouth.net,,,Naomi_M_Baxter@cox.net,19736,0,
02/28/2011 15:28:29,NMB0972,PC-8330,ASV38@optonline.net,,,Naomi_M_Baxter@cox.net,25935,0,
03/01/2011 09:43:34,NMB0972,PC-8330,Basia_N_Riggs@aol.com,Naida.I.Hughes@juno.com,,Naomi_M_Baxter@cox.net,20819,0,
03/02/2011 13:10:54,NMB0972,PC-8330,Otto.H.Chase@netzero.com;LHB4812@aol.com,,,Naomi_M_Baxter@cox.net,19157,0,
03/03/2011 15:08:53,NMB0972,PC-8330,SBD478@verizon.net,,,Naomi_M_Baxter@cox.net,25706,3,
03/04/2011 08:37:42,NMB0972,PC-8330,Lilah.Renee.Wagner@dtaa.com,,,Naomi.Meredith.Baxter@dtaa.com,32951,0,
03/07/2011 12:49:18,NMB0972,PC-8330,Grant.Camden.Gay@dtaa.com,,,Naomi.Meredith.Baxter@dtaa.com,21310,0,
03/08/2011 10:29:20,NMB0972,PC-8330,Lilah.R.Wagner@bellsouth.net,,,Naomi_M_Baxter@cox.net,31166,1,
03/09/2011 15:56:24,NMB0972,PC-8330,Octavia_M_Maddox@cox.net,,,Naomi_M_Baxter@cox.net,39265,0,
03/10/2011 15:57:58,NMB0972,PC-8330,Cameron.Lester@aol.com,,,Naomi_M_Baxter@cox.net,21130,0,
03/11/2011 12:29:28,NMB0972,PC-8330,SBD478@verizon.net,,,Naomi_M_Baxter@cox.net,51465,0,
03/15/2011 09:33:52,NMB0972,PC-8330,Beatrice.Alexis.Kidd@dtaa.com,,,Naomi.Meredith.Baxter@dtaa.com,26143,0,
03/17/2011 11:38:40,NMB0972,PC-8330,Otto.H.Chase@netzero.com,LHB4812@aol.com,,Naomi_M_Baxter@cox.net,25166,0,
03/18/2011 08:17:36,NMB0972,PC-8330,Ayanna.Vivian.Murray@dtaa.com;Otto.Hedley.Chase@dtaa.com;Cameron.Shay.Lester@dtaa.com;Quon_Fischer@raytheon.com,,,Naomi.Meredith.Baxter@dtaa.com,34695,0,
03/21/2011 07:43:53,NMB0972,PC-8330,MDD4@earthlink.net,,,Naomi_M_Baxter@cox.net,40472,0,
03/22/2011 12:40:54,NMB0972,PC-8330,Selma.Barbara.Nicholson@dtaa.com;Tyrone.Damian.Garner@dtaa.com;Naida.Imelda.Hughes@dtaa.com;George.Cade.Chen@dtaa.com;French-Castor@raytheon.com,,,Naomi.Meredith.Baxter@dtaa.com,22608,0,
03/23/2011 13:12:34,NMB0972,PC-8330,CFG395@earthlink.net,,,Naomi_M_Baxter@cox.net,23962,0,
03/24/2011 15:01:39,NMB0972,PC-8330,Felicia_Farley@hotmail.com,Cody.J.Potter@optonline.net,,Naomi_M_Baxter@cox.net,32028,0,
03/25/2011 08:19:05,NMB0972,PC-8330,Sylvia.Velma.Sweet@dtaa.com,,,Naomi.Meredith.Baxter@dtaa.com,37849,0,
03/28/2011 11:56:30,NMB0972,PC-8330,Felicia.Xantha.Farley@dtaa.com;Cameron.Shay.Lester@dtaa.com,Basia.Nevada.Riggs@dtaa.com,,Naomi.Meredith.Baxter@dtaa.com,31771,2,
03/29/2011 15:57:41,NMB0972,PC-8330,Grant.Camden.Gay@dtaa.com,,,Naomi.Meredith.Baxter@dtaa.com,33483,0,
03/30/2011 15:13:36,NMB0972,PC-8330,Chen-George@hotmail.com;Aladdin_Foley@comcast.net,BWC6@cox.net;Christen.F.Cline@gmail.com,,Naomi_M_Baxter@cox.net,35635,0,
03/31/2011 13:17:28,NMB0972,PC-8330,Dawn.S.Gallegos@charter.net,,,Naomi_M_Baxter@cox.net,38476,0,
04/01/2011 13:18:06,NMB0972,PC-8330,TDG5986@yahoo.com,,,Naomi_M_Baxter@cox.net,25355,0,
04/04/2011 16:03:05,NMB0972,PC-8330,Fletcher.P.Cantu@comcast.net,LHB4812@aol.com,,Naomi_M_Baxter@cox.net,30250,0,
04/05/2011 09:11:09,NMB0972,PC-8330,Madonna_Love@hotmail.com,,,Naomi_M_Baxter@cox.net,25084,0,
04/06/2011 11:51:46,NMB0972,PC-8330,SBD478@verizon.net,,,Naomi_M_Baxter@cox.net,50060,0,
04/07/2011 11:28:48,NMB0972,PC-8330,TDG5986@yahoo.com,Garrison-Steel@verizon.net,,Naomi_M_Baxter@cox.net,30866,0,
04/08/2011 15:54:43,NMB0972,PC-8330,Leo.Hasad.Byrd@dtaa.com;Brenden.W.Compton@boeing.com,,,Naomi.Meredith.Baxter@dtaa.com,46253,0,
04/11/2011 13:27:29,NMB0972,PC-8330,Hayley.Carolyn.Cunningham@dtaa.com;George.Cade.Chen@dtaa.com;Selma.Barbara.Nicholson@dtaa.com;Octavia.May.Maddox@dtaa.com,,,Naomi.Meredith.Baxter@dtaa.com,41356,1,
04/13/2011 14:12:25,NMB0972,PC-8330,Cameron.Shay.Lester@dtaa.com;Madison.Lydia.Morrison@dtaa.com;Beatrice.Alexis.Kidd@dtaa.com;Kenneth.Steel.Porter@dtaa.com,,,Naomi.Meredith.Baxter@dtaa.com,22056,1,
04/14/2011 08:44:14,NMB0972,PC-8330,Buck-Allen@northropgrumman.com,,,Naomi.Meredith.Baxter@dtaa.com,14247,0,
04/15/2011 07:19:50,NMB0972,PC-8330,Charity.Stacey.Jennings@dtaa.com,,,Naomi.Meredith.Baxter@dtaa.com,33036,0,
04/18/2011 12:34:27,NMB0972,PC-8330,Alice.Sierra.Valenzuela@dtaa.com,,,Naomi.Meredith.Baxter@dtaa.com,76336,1,
04/19/2011 07:16:20,NMB0972,PC-8330,Basia_N_Riggs@aol.com;Madison_L_Morrison@netzero.com;Lilah.R.Wagner@bellsouth.net;Hodges-Emerald@gmail.com;Porter-Kenneth@optonline.net,,,Naomi_M_Baxter@cox.net,29555,0,
04/20/2011 14:52:53,NMB0972,PC-8330,Basia.Nevada.Riggs@dtaa.com;Grant.Camden.Gay@dtaa.com;Madison.Lydia.Morrison@dtaa.com,Ayanna.Vivian.Murray@dtaa.com,,Naomi.Meredith.Baxter@dtaa.com,21168,0,
04/21/2011 16:12:54,NMB0972,PC-8330,Cameron.Shay.Lester@dtaa.com;Otto.Hedley.Chase@dtaa.com;Irene.Lacota.Huffman@dtaa.com,,,Naomi.Meredith.Baxter@dtaa.com,22296,0,
04/25/2011 15:25:28,NMB0972,PC-8330,Cameron.Shay.Lester@dtaa.com,,,Naomi.Meredith.Baxter@dtaa.com,36648,0,
04/26/2011 10:22:41,NMB0972,PC-8330,Felicia_Farley@hotmail.com,,,Naomi_M_Baxter@cox.net,28284,0,
04/27/2011 08:38:16,NMB0972,PC-8330,Isabelle.Maggie.Benjamin@dtaa.com,,,Naomi.Meredith.Baxter@dtaa.com,36783,0,
04/28/2011 15:41:05,NMB0972,PC-8330,Felicia_Farley@hotmail.com;Nicholson_Selma@bellsouth.net,,,Naomi_M_Baxter@cox.net,31438,0,
04/29/2011 08:36:16,NMB0972,PC-8330,LHB4812@aol.com,,,Naomi_M_Baxter@cox.net,38552,0,
05/02/2011 10:42:28,NMB0972,PC-8330,Basia.Nevada.Riggs@dtaa.com,,,Naomi.Meredith.Baxter@dtaa.com,47529,0,
05/03/2011 11:43:34,NMB0972,PC-8330,Graiden_Zimmerman@cox.net,Beatrice.A.Kidd@sbcglobal.net,,Naomi_M_Baxter@cox.net,15780,0,
05/04/2011 08:19:37,NMB0972,PC-8330,Madison_L_Morrison@netzero.com,,,Naomi_M_Baxter@cox.net,33221,0,
05/05/2011 14:24:08,NMB0972,PC-8330,LHB4812@aol.com,Hodges-Emerald@gmail.com,,Naomi_M_Baxter@cox.net,30003,0,
05/06/2011 07:50:36,NMB0972,PC-8330,Portia.I.David@charter.net,,,Naomi_M_Baxter@cox.net,37053,0,
05/09/2011 11:40:16,NMB0972,PC-8330,Emerald.Lysandra.Hodges@dtaa.com,,,Naomi.Meredith.Baxter@dtaa.com,39502,0,
05/10/2011 08:32:59,NMB0972,PC-8330,Cody.Jonathan.Potter@dtaa.com;Fletcher.Perry.Cantu@dtaa.com;Basia.Nevada.Riggs@dtaa.com,CGH4151@lockheedmartin.com,,Naomi.Meredith.Baxter@dtaa.com,33969,0,
05/11/2011 07:37:14,NMB0972,PC-8330,SBD478@verizon.net;Graiden_Zimmerman@cox.net,,,Naomi_M_Baxter@cox.net,24315,0,
05/12/2011 13:39:17,NMB0972,PC-8330,Felicia_Farley@hotmail.com,Carrillo-August@aol.com,,Naomi_M_Baxter@cox.net,34393,0,
05/13/2011 10:21:47,NMB0972,PC-8330,Scarlet_P_Ashley@yahoo.com,TDG5986@yahoo.com,,Naomi_M_Baxter@cox.net,38112,0,
05/16/2011 09:51:35,NMB0972,PC-8330,Felicia_Farley@hotmail.com,,,Naomi_M_Baxter@cox.net,41829,0,
