01/04/2010 14:22:53,NUL0471,PC-2085,Zenia.Freya.Macias@dtaa.com;Akeem.Jerry.Lopez@dtaa.com;Oliver.Logan.Fowler@dtaa.com;Bruno.Stewart.Silva@dtaa.com,,Nero.Uriel.Little@dtaa.com,Nero.Uriel.Little@dtaa.com,51490,2,
01/05/2010 14:48:34,NUL0471,PC-2085,George.Zachery.Burch@dtaa.com,Nero.Uriel.Little@dtaa.com,,Nero.Uriel.Little@dtaa.com,21764,0,
01/06/2010 11:53:28,NUL0471,PC-2085,Raphael.Benjamin.Bryan@dtaa.com;George.Zachery.Burch@dtaa.com;Ramona.Alma.Moses@dtaa.com,BKM6137@hp.com,Nero.Uriel.Little@dtaa.com,Nero.Uriel.Little@dtaa.com,21951,0,
01/07/2010 08:18:17,NUL0471,PC-2085,Ella.Rachel.Hess@dtaa.com,Nero.Uriel.Little@dtaa.com,,Nero.Uriel.Little@dtaa.com,21288,0,
01/08/2010 17:56:37,NUL0471,PC-2085,Akeem-Lopez@netzero.com;Hope_Jensen@netzero.com,,NUL53@gmail.com,NUL53@gmail.com,21968,0,
01/11/2010 16:15:21,NUL0471,PC-2085,Bruno.Stewart.Silva@dtaa.com;Brett.Damian.Beck@dtaa.com;Jackson.Linus.Wilkerson@dtaa.com,Aspen.Amber.Vinson@dtaa.com,Nero.Uriel.Little@dtaa.com,Nero.Uriel.Little@dtaa.com,43387,1,
01/12/2010 11:45:48,NUL0471,PC-2085,Patterson-Cade@sbcglobal.net,Sonia_Kirkland@msn.com,NUL53@gmail.com,NUL53@gmail.com,25304,0,
01/13/2010 09:36:59,NUL0471,PC-2085,Beau.Hall.Watts@dtaa.com,Nero.Uriel.Little@dtaa.com,,Nero.Uriel.Little@dtaa.com,29660,0,
01/14/2010 10:29:11,NUL0471,PC-2085,Akeem.Jerry.Lopez@dtaa.com,,Nero.Uriel.Little@dtaa.com,Nero.Uriel.Little@dtaa.com,34623,1,
01/15/2010 12:09:35,NUL0471,PC-2085,Lacota_Good@cox.net,NUL53@gmail.com,,NUL53@gmail.com,26656,0,
01/18/2010 12:27:46,NUL0471,PC-2085,Kai.Penelope.Peck@dtaa.com;Bruno.Stewart.Silva@dtaa.com;Ayanna_Jackson@hp.com,Ethan.Arden.Hays@dtaa.com;Nero.Uriel.Little@dtaa.com,,Nero.Uriel.Little@dtaa.com,17455,0,
01/19/2010 17:14:33,NUL0471,PC-2085,Brett.Damian.Beck@dtaa.com,Teagan.Briar.Townsend@dtaa.com;Chastity_Mitchell@northropgrumman.com,Nero.Uriel.Little@dtaa.com,Nero.Uriel.Little@dtaa.com,39656,1,
01/20/2010 15:37:08,NUL0471,PC-2085,Hope.Dawn.Jensen@dtaa.com;Jeremy.Rooney.Henderson@dtaa.com,,Nero.Uriel.Little@dtaa.com,Nero.Uriel.Little@dtaa.com,22651,0,
01/21/2010 13:51:10,NUL0471,PC-2085,Beau.Hall.Watts@dtaa.com,Nero.Uriel.Little@dtaa.com,,Nero.Uriel.Little@dtaa.com,22945,0,
01/22/2010 15:03:01,NUL0471,PC-2085,Sharon.Jemima.Whitehead@dtaa.com;Hope.Dawn.Jensen@dtaa.com;BKM6137@hp.com,Armando.Albert.Walter@dtaa.com,Nero.Uriel.Little@dtaa.com,Nero.Uriel.Little@dtaa.com,28694,1,
01/25/2010 15:00:52,NUL0471,PC-2085,Armando.Albert.Walter@dtaa.com,Amal.Alexander.Shelton@dtaa.com,Nero.Uriel.Little@dtaa.com,Nero.Uriel.Little@dtaa.com,18226,4,
01/26/2010 09:36:54,NUL0471,PC-2085,Jerry.Kennan.Fischer@dtaa.com;Sharon.Jemima.Whitehead@dtaa.com,,Nero.Uriel.Little@dtaa.com,Nero.Uriel.Little@dtaa.com,32567,0,
01/27/2010 10:40:27,NUL0471,PC-2085,Akeem-Lopez@netzero.com;Kai.P.Peck@earthlink.net;Reyes_Matthew@verizon.net,,NUL53@gmail.com,NUL53@gmail.com,25487,1,
01/28/2010 08:35:15,NUL0471,PC-2085,Melodie.Lee.Glenn@dtaa.com;Alfreda.Morgan.Holloway@dtaa.com;Aspen.Amber.Vinson@dtaa.com,Tad.Harlan.Duncan@dtaa.com,Nero.Uriel.Little@dtaa.com,Nero.Uriel.Little@dtaa.com,44904,0,
01/29/2010 09:44:01,NUL0471,PC-2085,Teagan.Briar.Townsend@dtaa.com,Nero.Uriel.Little@dtaa.com,,Nero.Uriel.Little@dtaa.com,23105,0,
02/01/2010 12:43:48,NUL0471,PC-2085,Teagan.Briar.Townsend@dtaa.com,Nero.Uriel.Little@dtaa.com,,Nero.Uriel.Little@dtaa.com,20256,1,
02/02/2010 17:56:26,NUL0471,PC-2085,Baxter.William.Price@dtaa.com,Nero.Uriel.Little@dtaa.com,,Nero.Uriel.Little@dtaa.com,21443,0,
02/03/2010 12:18:53,NUL0471,PC-2085,Zenia.Freya.Macias@dtaa.com,Nero.Uriel.Little@dtaa.com,,Nero.Uriel.Little@dtaa.com,31073,0,
02/04/2010 08:05:32,NUL0471,PC-2085,BSS769@cox.net,NUL53@gmail.com,,NUL53@gmail.com,56298,0,
02/05/2010 10:48:09,NUL0471,PC-2085,Chester.Caldwell.Mendoza@dtaa.com,Nero.Uriel.Little@dtaa.com,,Nero.Uriel.Little@dtaa.com,22215,4,
02/08/2010 15:23:43,NUL0471,PC-2085,Reyes_Matthew@verizon.net,NUL53@gmail.com,,NUL53@gmail.com,56845,0,
02/09/2010 14:25:18,NUL0471,PC-2085,Ayanna_Jackson@hp.com,Nero.Uriel.Little@dtaa.com,,Nero.Uriel.Little@dtaa.com,20345,0,
02/10/2010 09:58:05,NUL0471,PC-2085,Zenia.Freya.Macias@dtaa.com,Nero.Uriel.Little@dtaa.com,,Nero.Uriel.Little@dtaa.com,20980,0,
02/11/2010 16:40:38,NUL0471,PC-2085,Raphael.Benjamin.Bryan@dtaa.com,Nero.Uriel.Little@dtaa.com,,Nero.Uriel.Little@dtaa.com,28053,0,
02/12/2010 11:52:50,NUL0471,PC-2085,BKM6137@hp.com,Nero.Uriel.Little@dtaa.com,,Nero.Uriel.Little@dtaa.com,40691,0,
02/15/2010 15:03:31,NUL0471,PC-2085,Bruno.Stewart.Silva@dtaa.com;Cameran.Madonna.Shepard@dtaa.com;Melodie.Lee.Glenn@dtaa.com,,Nero.Uriel.Little@dtaa.com,Nero.Uriel.Little@dtaa.com,22471,1,
02/16/2010 08:33:02,NUL0471,PC-2085,Kai.P.Peck@earthlink.net,NUL53@gmail.com,,NUL53@gmail.com,43447,0,
02/17/2010 09:32:22,NUL0471,PC-2085,Ella.R.Hess@cox.net;Teagan_Townsend@comcast.net,THD99@netzero.com,NUL53@gmail.com,NUL53@gmail.com,22019,6,
02/18/2010 08:48:32,NUL0471,PC-2085,Ivana_Parsons@charter.net,,NUL53@gmail.com,NUL53@gmail.com,25307,0,
02/19/2010 16:14:08,NUL0471,PC-2085,Lacota.Dahlia.Good@dtaa.com;Ramona.Alma.Moses@dtaa.com,,Nero.Uriel.Little@dtaa.com,Nero.Uriel.Little@dtaa.com,26152,2,
02/22/2010 17:51:13,NUL0471,PC-2085,Cameran.Madonna.Shepard@dtaa.com,Reyes-Matthew@boeing.com,Nero.Uriel.Little@dtaa.com,Nero.Uriel.Little@dtaa.com,45974,1,
02/23/2010 14:52:53,NUL0471,PC-2085,Ivana.Kaitlin.Parsons@dtaa.com;Lacota.Dahlia.Good@dtaa.com,Jeremy.Rooney.Henderson@dtaa.com,Nero.Uriel.Little@dtaa.com,Nero.Uriel.Little@dtaa.com,26808,1,
02/24/2010 13:55:12,NUL0471,PC-2085,CCM7@bellsouth.net,NUL53@gmail.com,,NUL53@gmail.com,21307,0,
02/26/2010 12:35:44,NUL0471,PC-2085,Kai.Penelope.Peck@dtaa.com,Sharon.Jemima.Whitehead@dtaa.com;Alfreda.Morgan.Holloway@dtaa.com;Nero.Uriel.Little@dtaa.com,,Nero.Uriel.Little@dtaa.com,20383,0,
03/01/2010 14:12:12,NUL0471,PC-2085,Akeem.Jerry.Lopez@dtaa.com;Callum.Jasper.Gilmore@dtaa.com;Sasha.Britanney.Quinn@dtaa.com,,Nero.Uriel.Little@dtaa.com,Nero.Uriel.Little@dtaa.com,28696,2,
03/02/2010 14:45:16,NUL0471,PC-2085,Jeremy.Rooney.Henderson@dtaa.com,,Nero.Uriel.Little@dtaa.com,Nero.Uriel.Little@dtaa.com,33313,0,
03/03/2010 12:48:36,NUL0471,PC-2085,Melodie.Lee.Glenn@dtaa.com,Nero.Uriel.Little@dtaa.com,,Nero.Uriel.Little@dtaa.com,22887,0,
03/04/2010 13:27:48,NUL0471,PC-2085,Buffy.V.Nichols@verizon.net;ORB5853@aol.com;Alfreda_Holloway@msn.com;Kai.P.Peck@earthlink.net,Teagan_Townsend@comcast.net;NUL53@gmail.com,,NUL53@gmail.com,32991,3,
03/05/2010 08:08:27,NUL0471,PC-2085,Beau.Hall.Watts@dtaa.com;Hollee.Shannon.Dudley@dtaa.com;Ramona.Alma.Moses@dtaa.com,Teagan.Briar.Townsend@dtaa.com;Ayanna_Jackson@hp.com,Nero.Uriel.Little@dtaa.com,Nero.Uriel.Little@dtaa.com,32306,0,
03/08/2010 13:23:04,NUL0471,PC-2085,Walter-Armando@comcast.net,NUL53@gmail.com,,NUL53@gmail.com,38417,1,
03/09/2010 16:01:02,NUL0471,PC-2085,Cade.Rajah.Patterson@dtaa.com;Cameran.Madonna.Shepard@dtaa.com,Benjamin.Tyrone.Norman@dtaa.com;Nero.Uriel.Little@dtaa.com,,Nero.Uriel.Little@dtaa.com,28321,2,
03/10/2010 10:42:11,NUL0471,PC-2085,Brett.Damian.Beck@dtaa.com,Zenia.Freya.Macias@dtaa.com;GAR39@northropgrumman.com,Nero.Uriel.Little@dtaa.com,Nero.Uriel.Little@dtaa.com,22391,1,
03/11/2010 14:31:14,NUL0471,PC-2085,Teagan.Briar.Townsend@dtaa.com,,Nero.Uriel.Little@dtaa.com,Nero.Uriel.Little@dtaa.com,36787,0,
03/12/2010 15:43:36,NUL0471,PC-2085,George_Burch@yahoo.com;Hollee_Dudley@comcast.net;GAR846@bellsouth.net,,NUL53@gmail.com,NUL53@gmail.com,31262,1,
03/15/2010 08:27:22,NUL0471,PC-2085,Caleb.Mason.Ball@dtaa.com,Chastity_Mitchell@northropgrumman.com,Nero.Uriel.Little@dtaa.com,Nero.Uriel.Little@dtaa.com,30247,0,
03/16/2010 07:57:35,NUL0471,PC-2085,Beau.Hall.Watts@dtaa.com,,Nero.Uriel.Little@dtaa.com,Nero.Uriel.Little@dtaa.com,20005,0,
03/17/2010 08:29:16,NUL0471,PC-2085,Sharon.Jemima.Whitehead@dtaa.com,Nero.Uriel.Little@dtaa.com,,Nero.Uriel.Little@dtaa.com,34531,0,
03/18/2010 09:30:24,NUL0471,PC-2085,Kermit.Coby.Oliver@dtaa.com;Akeem.Jerry.Lopez@dtaa.com,Melodie.Lee.Glenn@dtaa.com,Nero.Uriel.Little@dtaa.com,Nero.Uriel.Little@dtaa.com,20550,0,
03/19/2010 15:10:34,NUL0471,PC-2085,Tad.Patrick.Hardin@dtaa.com;Ivana.Kaitlin.Parsons@dtaa.com;GAR39@northropgrumman.com,Lacota.Dahlia.Good@dtaa.com;Ella.Rachel.Hess@dtaa.com,Nero.Uriel.Little@dtaa.com,Nero.Uriel.Little@dtaa.com,28442,0,
03/22/2010 09:32:13,NUL0471,PC-2085,Hollee.Shannon.Dudley@dtaa.com;Jerry.Kennan.Fischer@dtaa.com,Colt.Kendall.Perez@dtaa.com,Nero.Uriel.Little@dtaa.com,Nero.Uriel.Little@dtaa.com,39178,4,
03/23/2010 15:53:41,NUL0471,PC-2085,Cameran.Madonna.Shepard@dtaa.com;MacKenzie.Kristen.Stewart@dtaa.com;Callum.Jasper.Gilmore@dtaa.com,Geoffrey.Harlan.Lara@dtaa.com,Nero.Uriel.Little@dtaa.com,Nero.Uriel.Little@dtaa.com,22026,1,
03/24/2010 15:08:22,NUL0471,PC-2085,Megan.Simone.Hess@dtaa.com;Cade.Rajah.Patterson@dtaa.com,Geoffrey.Harlan.Lara@dtaa.com;Nero.Uriel.Little@dtaa.com,,Nero.Uriel.Little@dtaa.com,26797,1,
03/25/2010 16:28:46,NUL0471,PC-2085,Geoffrey.Harlan.Lara@dtaa.com,,Nero.Uriel.Little@dtaa.com,Nero.Uriel.Little@dtaa.com,37864,0,
03/26/2010 16:02:19,NUL0471,PC-2085,George.Zachery.Burch@dtaa.com;Fletcher.Perry.Cantu@dtaa.com,Nero.Uriel.Little@dtaa.com,,Nero.Uriel.Little@dtaa.com,19649,0,
03/29/2010 12:09:18,NUL0471,PC-2085,Geoffrey.Harlan.Lara@dtaa.com;Akeem.Jerry.Lopez@dtaa.com,Aspen.Amber.Vinson@dtaa.com,Nero.Uriel.Little@dtaa.com,Nero.Uriel.Little@dtaa.com,32712,1,
03/30/2010 13:39:39,NUL0471,PC-2085,Kai.Penelope.Peck@dtaa.com,,Nero.Uriel.Little@dtaa.com,Nero.Uriel.Little@dtaa.com,28934,1,
03/31/2010 12:59:04,NUL0471,PC-2085,Cade.Rajah.Patterson@dtaa.com;Bruno.Stewart.Silva@dtaa.com,Nero.Uriel.Little@dtaa.com,,Nero.Uriel.Little@dtaa.com,89317,0,
04/01/2010 16:17:03,NUL0471,PC-2085,Owen.Ross.Burks@dtaa.com,Ramona.Alma.Moses@dtaa.com,Nero.Uriel.Little@dtaa.com,Nero.Uriel.Little@dtaa.com,32038,1,
04/05/2010 10:24:09,NUL0471,PC-2085,Alfreda_Holloway@msn.com;Hollee_Dudley@comcast.net,BKM73@aol.com,NUL53@gmail.com,NUL53@gmail.com,15083,1,
04/06/2010 14:38:06,NUL0471,PC-2085,Owen.Ross.Burks@dtaa.com;Ivana.Kaitlin.Parsons@dtaa.com,Tad.Harlan.Duncan@dtaa.com;Teagan.Briar.Townsend@dtaa.com,Nero.Uriel.Little@dtaa.com,Nero.Uriel.Little@dtaa.com,22660,1,
04/07/2010 15:43:54,NUL0471,PC-2085,Kai.Penelope.Peck@dtaa.com;Ayanna_Jackson@hp.com,,Nero.Uriel.Little@dtaa.com,Nero.Uriel.Little@dtaa.com,21892,0,
04/08/2010 17:30:32,NUL0471,PC-2085,Ella.Rachel.Hess@dtaa.com,,Nero.Uriel.Little@dtaa.com,Nero.Uriel.Little@dtaa.com,24508,0,
04/09/2010 09:06:00,NUL0471,PC-2085,Hollee.Shannon.Dudley@dtaa.com,Nero.Uriel.Little@dtaa.com,,Nero.Uriel.Little@dtaa.com,35198,0,
04/12/2010 08:12:40,NUL0471,PC-2085,Kai.Penelope.Peck@dtaa.com;Lacota.Dahlia.Good@dtaa.com;Beau.Hall.Watts@dtaa.com;Callum.Jasper.Gilmore@dtaa.com,Tad.Harlan.Duncan@dtaa.com;Nero.Uriel.Little@dtaa.com,,Nero.Uriel.Little@dtaa.com,30451,1,
04/13/2010 13:37:28,NUL0471,PC-2085,Brett.Damian.Beck@dtaa.com;George.Zachery.Burch@dtaa.com,Reyes-Matthew@boeing.com,Nero.Uriel.Little@dtaa.com,Nero.Uriel.Little@dtaa.com,19871,0,
04/14/2010 08:29:17,NUL0471,PC-2085,Ivana_Parsons@charter.net;Lacota_Good@cox.net;Ayanna_Jackson@aol.com,,NUL53@gmail.com,NUL53@gmail.com,23996,1,
04/15/2010 09:15:31,NUL0471,PC-2085,GAR39@northropgrumman.com,,Nero.Uriel.Little@dtaa.com,Nero.Uriel.Little@dtaa.com,22552,0,
04/16/2010 09:44:53,NUL0471,PC-2085,Ramona.Alma.Moses@dtaa.com;Ella.Rachel.Hess@dtaa.com;Alice.Sierra.Valenzuela@dtaa.com,Armando.Albert.Walter@dtaa.com;Nero.Uriel.Little@dtaa.com,,Nero.Uriel.Little@dtaa.com,59437,2,
04/20/2010 13:59:46,NUL0471,PC-2085,Owen.Ross.Burks@dtaa.com;Lacota.Dahlia.Good@dtaa.com,Akeem.Jerry.Lopez@dtaa.com,Nero.Uriel.Little@dtaa.com,Nero.Uriel.Little@dtaa.com,20353,1,
04/21/2010 10:23:18,NUL0471,PC-2085,Lacota.Dahlia.Good@dtaa.com,,Nero.Uriel.Little@dtaa.com,Nero.Uriel.Little@dtaa.com,25669,0,
04/22/2010 10:06:48,NUL0471,PC-2085,Akeem-Lopez@netzero.com;Ella.R.Hess@cox.net,,NUL53@gmail.com,NUL53@gmail.com,24286,2,
04/23/2010 09:16:48,NUL0471,PC-2085,FFT381@hp.com,,Nero.Uriel.Little@dtaa.com,Nero.Uriel.Little@dtaa.com,32087,0,
04/26/2010 15:30:07,NUL0471,PC-2085,Hope.Dawn.Jensen@dtaa.com,,Nero.Uriel.Little@dtaa.com,Nero.Uriel.Little@dtaa.com,21625,0,
04/28/2010 17:42:22,NUL0471,PC-2085,Ayanna_Jackson@hp.com,Nero.Uriel.Little@dtaa.com,,Nero.Uriel.Little@dtaa.com,28368,0,
04/29/2010 09:20:36,NUL0471,PC-2085,CCM7@bellsouth.net;Melodie_L_Glenn@gmail.com,BSS769@cox.net;Hollee_Dudley@comcast.net;NUL53@gmail.com,,NUL53@gmail.com,21340,1,
04/30/2010 16:48:01,NUL0471,PC-2085,Ella.Rachel.Hess@dtaa.com;Montana.Basia.Roberts@dtaa.com,,Nero.Uriel.Little@dtaa.com,Nero.Uriel.Little@dtaa.com,25955,0,
05/03/2010 11:13:05,NUL0471,PC-2085,Akeem-Lopez@netzero.com,NUL53@gmail.com,,NUL53@gmail.com,19305,0,
05/04/2010 12:18:34,NUL0471,PC-2085,Bruno.Stewart.Silva@dtaa.com;Akeem.Jerry.Lopez@dtaa.com,Ella.Rachel.Hess@dtaa.com;Nero.Uriel.Little@dtaa.com,,Nero.Uriel.Little@dtaa.com,25762,2,
05/05/2010 13:56:53,NUL0471,PC-2085,Aspen.Amber.Vinson@dtaa.com,,Nero.Uriel.Little@dtaa.com,Nero.Uriel.Little@dtaa.com,43442,0,
05/06/2010 16:51:13,NUL0471,PC-2085,Akeem-Lopez@netzero.com,NUL53@gmail.com,,NUL53@gmail.com,28291,0,
05/07/2010 12:07:39,NUL0471,PC-2085,Beck_Brett@bellsouth.net,,NUL53@gmail.com,NUL53@gmail.com,32202,0,
05/10/2010 11:18:32,NUL0471,PC-2085,Ayanna_Jackson@hp.com,Nero.Uriel.Little@dtaa.com,,Nero.Uriel.Little@dtaa.com,21870,0,
05/11/2010 09:46:53,NUL0471,PC-2085,Blossom.Scarlett.Aguirre@dtaa.com;Kai.Penelope.Peck@dtaa.com;Chester.Caldwell.Mendoza@dtaa.com;BNH787@boeing.com,Nero.Uriel.Little@dtaa.com,,Nero.Uriel.Little@dtaa.com,32987,0,
05/12/2010 09:21:00,NUL0471,PC-2085,Alfreda.Morgan.Holloway@dtaa.com;Chester.Caldwell.Mendoza@dtaa.com,Hope.Dawn.Jensen@dtaa.com;Beau.Hall.Watts@dtaa.com;Ella.Rachel.Hess@dtaa.com,Nero.Uriel.Little@dtaa.com,Nero.Uriel.Little@dtaa.com,29634,0,
05/13/2010 10:18:41,NUL0471,PC-2085,Ivana.Kaitlin.Parsons@dtaa.com;Ramona.Alma.Moses@dtaa.com,Owen.Ross.Burks@dtaa.com;Nero.Uriel.Little@dtaa.com,,Nero.Uriel.Little@dtaa.com,21516,1,
05/14/2010 09:06:28,NUL0471,PC-2085,Alfreda.Morgan.Holloway@dtaa.com;Sharon.Jemima.Whitehead@dtaa.com,,Nero.Uriel.Little@dtaa.com,Nero.Uriel.Little@dtaa.com,31619,0,
05/17/2010 16:09:55,NUL0471,PC-2085,Gage.Kaden.Odonnell@dtaa.com;BNH787@boeing.com,Kendall.Ciaran.Frank@dtaa.com,Nero.Uriel.Little@dtaa.com,Nero.Uriel.Little@dtaa.com,20575,1,
05/18/2010 15:57:48,NUL0471,PC-2085,Beau.Hall.Watts@dtaa.com,Armando.Albert.Walter@dtaa.com;Hope.Dawn.Jensen@dtaa.com,Nero.Uriel.Little@dtaa.com,Nero.Uriel.Little@dtaa.com,28317,1,
05/19/2010 14:02:10,NUL0471,PC-2085,ORB5853@aol.com;Ayanna_Jackson@aol.com,,NUL53@gmail.com,NUL53@gmail.com,23002,0,
05/20/2010 09:03:45,NUL0471,PC-2085,Beau.Hall.Watts@dtaa.com;Geoffrey.Harlan.Lara@dtaa.com;Ayanna_Jackson@hp.com,Tad.Patrick.Hardin@dtaa.com;Nero.Uriel.Little@dtaa.com,,Nero.Uriel.Little@dtaa.com,30733,1,
05/21/2010 09:16:54,NUL0471,PC-2085,Teagan.Briar.Townsend@dtaa.com;FFT381@hp.com,Nero.Uriel.Little@dtaa.com,,Nero.Uriel.Little@dtaa.com,38684,0,
05/24/2010 16:55:59,NUL0471,PC-2085,Whitehead_Sharon@bellsouth.net;THD99@netzero.com,Lila-Bowman@juno.com,NUL53@gmail.com,NUL53@gmail.com,21846,1,
05/25/2010 08:55:16,NUL0471,PC-2085,Irma.Melanie.Patrick@dtaa.com;George.Zachery.Burch@dtaa.com;GAR39@northropgrumman.com,Nero.Uriel.Little@dtaa.com,,Nero.Uriel.Little@dtaa.com,23930,9,
05/26/2010 13:14:07,NUL0471,PC-2085,Jerry.Kennan.Fischer@dtaa.com;Cade.Rajah.Patterson@dtaa.com,,Nero.Uriel.Little@dtaa.com,Nero.Uriel.Little@dtaa.com,20519,0,
05/27/2010 16:07:49,NUL0471,PC-2085,Orla.Ruth.Mckenzie@dtaa.com,,Nero.Uriel.Little@dtaa.com,Nero.Uriel.Little@dtaa.com,30778,0,
05/28/2010 17:19:50,NUL0471,PC-2085,Caleb.Jonas.Chang@dtaa.com,Nero.Uriel.Little@dtaa.com,,Nero.Uriel.Little@dtaa.com,9858,0,
06/01/2010 11:17:45,NUL0471,PC-2085,Zenia_Macias@verizon.net;GAR846@bellsouth.net,Natalie-Santiago@earthlink.net;Teagan_Townsend@comcast.net;NUL53@gmail.com,,NUL53@gmail.com,30902,1,
06/02/2010 16:52:00,NUL0471,PC-2085,Chester.Caldwell.Mendoza@dtaa.com;George.Zachery.Burch@dtaa.com,,Nero.Uriel.Little@dtaa.com,Nero.Uriel.Little@dtaa.com,26054,1,
06/03/2010 16:05:27,NUL0471,PC-2085,Hollee.Shannon.Dudley@dtaa.com;Sharon.Jemima.Whitehead@dtaa.com,Cade.Rajah.Patterson@dtaa.com;Cameran.Madonna.Shepard@dtaa.com,Nero.Uriel.Little@dtaa.com,Nero.Uriel.Little@dtaa.com,18219,3,
06/04/2010 10:34:30,NUL0471,PC-2085,Byron.Tyrone.Williamson@dtaa.com;Alfreda.Morgan.Holloway@dtaa.com;Langley-Macon@hp.com;BKM6137@hp.com,Nero.Uriel.Little@dtaa.com,,Nero.Uriel.Little@dtaa.com,23000,1,
06/07/2010 11:25:36,NUL0471,PC-2085,Kai.Penelope.Peck@dtaa.com;Hollee.Shannon.Dudley@dtaa.com;Richmond-Phelan@raytheon.com,,Nero.Uriel.Little@dtaa.com,Nero.Uriel.Little@dtaa.com,22655,0,
06/08/2010 13:38:52,NUL0471,PC-2085,Geoffrey-Lara@optonline.net;Emerson.T.Rojas@hotmail.com,,NUL53@gmail.com,NUL53@gmail.com,34138,6,
06/09/2010 16:50:27,NUL0471,PC-2085,Aspen.Amber.Vinson@dtaa.com;Brett.Damian.Beck@dtaa.com;Langley-Macon@hp.com,,Nero.Uriel.Little@dtaa.com,Nero.Uriel.Little@dtaa.com,31964,2,
06/10/2010 14:53:19,NUL0471,PC-2085,Langley-Macon@msn.com,,NUL53@gmail.com,NUL53@gmail.com,15755,0,
06/11/2010 08:05:49,NUL0471,PC-2085,Melodie_L_Glenn@gmail.com;Hardin-Tad@optonline.net,NUL53@gmail.com,,NUL53@gmail.com,16989,2,
06/14/2010 12:06:28,NUL0471,PC-2085,Bruno.Stewart.Silva@dtaa.com;Aspen.Amber.Vinson@dtaa.com,,Nero.Uriel.Little@dtaa.com,Nero.Uriel.Little@dtaa.com,24178,1,
06/15/2010 18:00:05,NUL0471,PC-2085,Sharon.Jemima.Whitehead@dtaa.com;Akeem.Jerry.Lopez@dtaa.com,,Nero.Uriel.Little@dtaa.com,Nero.Uriel.Little@dtaa.com,30973,0,
06/16/2010 12:59:49,NUL0471,PC-2085,Ramona_Moses@juno.com;Cameran_Shepard@optonline.net;Callum_Gilmore@yahoo.com,Hardin-Tad@optonline.net,NUL53@gmail.com,NUL53@gmail.com,30135,0,
06/17/2010 12:59:10,NUL0471,PC-2085,Walter-Armando@comcast.net;Geoffrey-Lara@optonline.net,,NUL53@gmail.com,NUL53@gmail.com,26677,0,
06/18/2010 11:42:10,NUL0471,PC-2085,Chester.Caldwell.Mendoza@dtaa.com,,Nero.Uriel.Little@dtaa.com,Nero.Uriel.Little@dtaa.com,37384,0,
06/21/2010 12:14:20,NUL0471,PC-2085,Ramona_Moses@juno.com,NUL53@gmail.com,,NUL53@gmail.com,27729,0,
06/22/2010 13:44:07,NUL0471,PC-2085,Kai.P.Peck@earthlink.net,NUL53@gmail.com,,NUL53@gmail.com,38760,0,
06/23/2010 16:57:36,NUL0471,PC-2085,Geoffrey.Harlan.Lara@dtaa.com;Tad.Patrick.Hardin@dtaa.com;Chastity_Mitchell@northropgrumman.com,BNH787@boeing.com;Nero.Uriel.Little@dtaa.com,,Nero.Uriel.Little@dtaa.com,24890,3,
06/24/2010 17:19:22,NUL0471,PC-2085,Zenia_Macias@verizon.net,Watts-Beau@juno.com,NUL53@gmail.com,NUL53@gmail.com,24950,2,
06/25/2010 17:05:36,NUL0471,PC-2085,Alfreda.Morgan.Holloway@dtaa.com;Chanda.Celeste.Mosley@dtaa.com,Benjamin.Lewis.Sweeney@dtaa.com,Nero.Uriel.Little@dtaa.com,Nero.Uriel.Little@dtaa.com,34835,1,
06/28/2010 14:32:28,NUL0471,PC-2085,Bruno.Stewart.Silva@dtaa.com,,Nero.Uriel.Little@dtaa.com,Nero.Uriel.Little@dtaa.com,39902,0,
06/29/2010 11:12:18,NUL0471,PC-2085,Kai.Penelope.Peck@dtaa.com;Sharon.Jemima.Whitehead@dtaa.com,,Nero.Uriel.Little@dtaa.com,Nero.Uriel.Little@dtaa.com,29585,1,
06/30/2010 16:01:50,NUL0471,PC-2085,Eugenia.Whilemina.Harrington@dtaa.com;Cade.Rajah.Patterson@dtaa.com,George.Zachery.Burch@dtaa.com,Nero.Uriel.Little@dtaa.com,Nero.Uriel.Little@dtaa.com,25810,2,
07/01/2010 13:36:06,NUL0471,PC-2085,Lacota_Good@cox.net,,NUL53@gmail.com,NUL53@gmail.com,23873,0,
07/02/2010 14:32:24,NUL0471,PC-2085,Akeem.Jerry.Lopez@dtaa.com,,Nero.Uriel.Little@dtaa.com,Nero.Uriel.Little@dtaa.com,25666,0,
07/06/2010 16:13:28,NUL0471,PC-2085,George_Burch@yahoo.com;Colin.E.Brown@bellsouth.net;ORB5853@aol.com,NUL53@gmail.com,,NUL53@gmail.com,23851,0,
07/07/2010 16:26:47,NUL0471,PC-2085,Ivana.Kaitlin.Parsons@dtaa.com;Tad.Patrick.Hardin@dtaa.com,Cade.Rajah.Patterson@dtaa.com;Owen.Ross.Burks@dtaa.com,Nero.Uriel.Little@dtaa.com,Nero.Uriel.Little@dtaa.com,38074,1,
07/08/2010 12:26:44,NUL0471,PC-2085,Ivana.Kaitlin.Parsons@dtaa.com,,Nero.Uriel.Little@dtaa.com,Nero.Uriel.Little@dtaa.com,20093,2,
07/09/2010 08:46:42,NUL0471,PC-2085,Owen.Ross.Burks@dtaa.com,,Nero.Uriel.Little@dtaa.com,Nero.Uriel.Little@dtaa.com,25675,0,
07/13/2010 17:42:09,NUL0471,PC-2085,Jerry_Fischer@verizon.net,NUL53@gmail.com,,NUL53@gmail.com,30504,0,
07/14/2010 14:06:13,NUL0471,PC-2085,Akeem-Lopez@netzero.com,NUL53@gmail.com,,NUL53@gmail.com,25244,0,
07/16/2010 14:15:43,NUL0471,PC-2085,GAR39@northropgrumman.com,Nero.Uriel.Little@dtaa.com,,Nero.Uriel.Little@dtaa.com,26290,0,
07/19/2010 12:45:56,NUL0471,PC-2085,Patterson-Cade@sbcglobal.net,,NUL53@gmail.com,NUL53@gmail.com,20666,0,
07/20/2010 13:38:38,NUL0471,PC-2085,Chester.Caldwell.Mendoza@dtaa.com,Nero.Uriel.Little@dtaa.com,,Nero.Uriel.Little@dtaa.com,45042,0,
07/21/2010 13:40:01,NUL0471,PC-2085,Teagan.Briar.Townsend@dtaa.com,Nero.Uriel.Little@dtaa.com,,Nero.Uriel.Little@dtaa.com,21669,0,
07/22/2010 08:25:40,NUL0471,PC-2085,ORB5853@aol.com,NUL53@gmail.com,,NUL53@gmail.com,32299,3,
07/23/2010 08:21:58,NUL0471,PC-2085,Sharon.Jemima.Whitehead@dtaa.com,Nero.Uriel.Little@dtaa.com,,Nero.Uriel.Little@dtaa.com,47878,0,
07/26/2010 12:23:04,NUL0471,PC-2085,Tad.Harlan.Duncan@dtaa.com;Cameran.Madonna.Shepard@dtaa.com,Ivana.Kaitlin.Parsons@dtaa.com;Akeem.Jerry.Lopez@dtaa.com;Nero.Uriel.Little@dtaa.com,,Nero.Uriel.Little@dtaa.com,23044,0,
07/27/2010 17:39:23,NUL0471,PC-2085,Brett.Damian.Beck@dtaa.com;LHB4@hp.com,,Nero.Uriel.Little@dtaa.com,Nero.Uriel.Little@dtaa.com,28470,0,
07/28/2010 13:32:38,NUL0471,PC-2085,Beau.Hall.Watts@dtaa.com;Teagan.Briar.Townsend@dtaa.com;Akeem.Jerry.Lopez@dtaa.com,Hollee.Shannon.Dudley@dtaa.com;Nero.Uriel.Little@dtaa.com,,Nero.Uriel.Little@dtaa.com,21616,2,
07/29/2010 12:07:57,NUL0471,PC-2085,Geoffrey.Harlan.Lara@dtaa.com,,Nero.Uriel.Little@dtaa.com,Nero.Uriel.Little@dtaa.com,26795,0,
07/30/2010 10:11:34,NUL0471,PC-2085,Tad.Patrick.Hardin@dtaa.com,Nero.Uriel.Little@dtaa.com,,Nero.Uriel.Little@dtaa.com,33325,0,
08/02/2010 10:31:55,NUL0471,PC-2085,Hardin-Tad@optonline.net,NUL53@gmail.com,,NUL53@gmail.com,13053,0,
08/03/2010 17:44:17,NUL0471,PC-2085,Ramona.Alma.Moses@dtaa.com,Nero.Uriel.Little@dtaa.com,,Nero.Uriel.Little@dtaa.com,42646,0,
08/04/2010 13:38:33,NUL0471,PC-2085,Sharon.Jemima.Whitehead@dtaa.com;Cade.Rajah.Patterson@dtaa.com;Jerry.Kennan.Fischer@dtaa.com;LHB4@hp.com,Nero.Uriel.Little@dtaa.com,,Nero.Uriel.Little@dtaa.com,23384,1,
08/05/2010 14:53:18,NUL0471,PC-2085,Beau.Hall.Watts@dtaa.com,,Nero.Uriel.Little@dtaa.com,Nero.Uriel.Little@dtaa.com,32519,0,
08/06/2010 11:10:37,NUL0471,PC-2085,Gisela_Q_Fischer@charter.net,NUL53@gmail.com,,NUL53@gmail.com,27319,0,
08/09/2010 10:34:41,NUL0471,PC-2085,Langley-Macon@hp.com,,Nero.Uriel.Little@dtaa.com,Nero.Uriel.Little@dtaa.com,27641,0,
08/10/2010 09:11:39,NUL0471,PC-2085,Duran-Grady@verizon.net;Hollee_Dudley@comcast.net;Callum_Gilmore@yahoo.com;ORB5853@aol.com,NUL53@gmail.com,,NUL53@gmail.com,28079,1,
08/11/2010 15:00:42,NUL0471,PC-2085,Owen.Ross.Burks@dtaa.com,,Nero.Uriel.Little@dtaa.com,Nero.Uriel.Little@dtaa.com,24054,0,
08/12/2010 11:33:50,NUL0471,PC-2085,Hollee.Shannon.Dudley@dtaa.com,Nero.Uriel.Little@dtaa.com,,Nero.Uriel.Little@dtaa.com,17077,0,
08/13/2010 11:31:35,NUL0471,PC-2085,ORB5853@aol.com;Teagan_Townsend@comcast.net;THD99@netzero.com;CCM7@bellsouth.net,Kai.P.Peck@earthlink.net;NUL53@gmail.com,,NUL53@gmail.com,49819,0,
08/16/2010 11:01:40,NUL0471,PC-2085,Kai.Penelope.Peck@dtaa.com;Cameran.Madonna.Shepard@dtaa.com,,Nero.Uriel.Little@dtaa.com,Nero.Uriel.Little@dtaa.com,38342,0,
08/17/2010 08:30:21,NUL0471,PC-2085,Walter-Armando@comcast.net,Alfreda_Holloway@msn.com;NUL53@gmail.com,,NUL53@gmail.com,22630,0,
08/18/2010 15:58:37,NUL0471,PC-2085,Sharon.Jemima.Whitehead@dtaa.com;Jerry.Kennan.Fischer@dtaa.com,Alfreda.Morgan.Holloway@dtaa.com;Kai.Penelope.Peck@dtaa.com;Nero.Uriel.Little@dtaa.com,,Nero.Uriel.Little@dtaa.com,19720,1,
08/19/2010 08:29:00,NUL0471,PC-2085,PHR57@charter.net,,NUL53@gmail.com,NUL53@gmail.com,16309,0,
08/20/2010 09:45:16,NUL0471,PC-2085,Akeem-Lopez@netzero.com;Geoffrey-Lara@optonline.net;Lacota_Good@cox.net;ORB5853@aol.com,NUL53@gmail.com,,NUL53@gmail.com,22134,4,
08/23/2010 13:17:00,NUL0471,PC-2085,Tad.Harlan.Duncan@dtaa.com;BKM6137@hp.com,Nero.Uriel.Little@dtaa.com,,Nero.Uriel.Little@dtaa.com,22175,0,
08/24/2010 16:41:40,NUL0471,PC-2085,Lacota_Good@cox.net;Whitehead_Sharon@bellsouth.net;Alston_Vance@sbcglobal.net;Akeem-Lopez@netzero.com;Melodie_L_Glenn@gmail.com,NUL53@gmail.com,,NUL53@gmail.com,16408,1,
08/25/2010 15:12:19,NUL0471,PC-2085,Jerry.Kennan.Fischer@dtaa.com,Bruno.Stewart.Silva@dtaa.com;George.Zachery.Burch@dtaa.com,Nero.Uriel.Little@dtaa.com,Nero.Uriel.Little@dtaa.com,17533,1,
08/26/2010 14:01:56,NUL0471,PC-2085,Nicolas.Kadeem.Hayden@dtaa.com,,Nero.Uriel.Little@dtaa.com,Nero.Uriel.Little@dtaa.com,27645,0,
08/27/2010 10:43:08,NUL0471,PC-2085,Lacota.Dahlia.Good@dtaa.com;Chester.Caldwell.Mendoza@dtaa.com,Bruno.Stewart.Silva@dtaa.com;Nero.Uriel.Little@dtaa.com,,Nero.Uriel.Little@dtaa.com,27444,2,
08/30/2010 14:19:56,NUL0471,PC-2085,Zenia_Macias@verizon.net,,NUL53@gmail.com,NUL53@gmail.com,22960,0,
08/31/2010 12:31:20,NUL0471,PC-2085,Sean.Omar.Burgess@dtaa.com,Nero.Uriel.Little@dtaa.com,,Nero.Uriel.Little@dtaa.com,15510,0,
09/01/2010 15:30:00,NUL0471,PC-2085,Brett.Damian.Beck@dtaa.com,Nero.Uriel.Little@dtaa.com,,Nero.Uriel.Little@dtaa.com,28046,0,
09/02/2010 14:26:50,NUL0471,PC-2085,Cameran.Madonna.Shepard@dtaa.com,Nero.Uriel.Little@dtaa.com,,Nero.Uriel.Little@dtaa.com,21383,0,
09/03/2010 16:16:29,NUL0471,PC-2085,BSS769@cox.net,NUL53@gmail.com,,NUL53@gmail.com,26828,0,
09/07/2010 10:16:37,NUL0471,PC-2085,Brett.Damian.Beck@dtaa.com,Nero.Uriel.Little@dtaa.com,,Nero.Uriel.Little@dtaa.com,18251,0,
09/08/2010 17:46:04,NUL0471,PC-2085,Kelsie_Cantu@raytheon.com,Nero.Uriel.Little@dtaa.com,,Nero.Uriel.Little@dtaa.com,38433,0,
09/09/2010 09:36:31,NUL0471,PC-2085,Aspen.Amber.Vinson@dtaa.com,Nero.Uriel.Little@dtaa.com,,Nero.Uriel.Little@dtaa.com,26332,0,
09/10/2010 10:01:40,NUL0471,PC-2085,BSS769@cox.net,Sophia.C.Battle@bellsouth.net,NUL53@gmail.com,NUL53@gmail.com,25850,2,
09/13/2010 09:34:46,NUL0471,PC-2085,Sharon.Jemima.Whitehead@dtaa.com;Armando.Albert.Walter@dtaa.com;Alfreda.Morgan.Holloway@dtaa.com;Geoffrey.Harlan.Lara@dtaa.com,Nero.Uriel.Little@dtaa.com,,Nero.Uriel.Little@dtaa.com,28211,2,
09/14/2010 15:33:45,NUL0471,PC-2085,Callum.Jasper.Gilmore@dtaa.com,,Nero.Uriel.Little@dtaa.com,Nero.Uriel.Little@dtaa.com,53085,0,
09/15/2010 09:22:02,NUL0471,PC-2085,Kai.P.Peck@earthlink.net;Jerry_Fischer@verizon.net,NUL53@gmail.com,,NUL53@gmail.com,23241,0,
09/16/2010 11:26:54,NUL0471,PC-2085,Teagan.Briar.Townsend@dtaa.com,,Nero.Uriel.Little@dtaa.com,Nero.Uriel.Little@dtaa.com,31602,0,
09/17/2010 11:28:22,NUL0471,PC-2085,Hope.Dawn.Jensen@dtaa.com;Aspen.Amber.Vinson@dtaa.com;Lana.A.Shields@boeing.com,Nero.Uriel.Little@dtaa.com,,Nero.Uriel.Little@dtaa.com,51204,1,
09/20/2010 08:02:19,NUL0471,PC-2085,Hope.Dawn.Jensen@dtaa.com;Hollee.Shannon.Dudley@dtaa.com;Ramona.Alma.Moses@dtaa.com,,Nero.Uriel.Little@dtaa.com,Nero.Uriel.Little@dtaa.com,22307,1,
09/21/2010 08:41:12,NUL0471,PC-2085,Ella.Rachel.Hess@dtaa.com,,Nero.Uriel.Little@dtaa.com,Nero.Uriel.Little@dtaa.com,28898,0,
09/22/2010 16:31:55,NUL0471,PC-2085,Hope.Dawn.Jensen@dtaa.com,,Nero.Uriel.Little@dtaa.com,Nero.Uriel.Little@dtaa.com,33496,0,
09/23/2010 08:57:59,NUL0471,PC-2085,Callum.Jasper.Gilmore@dtaa.com,,Nero.Uriel.Little@dtaa.com,Nero.Uriel.Little@dtaa.com,21738,0,
09/24/2010 14:41:01,NUL0471,PC-2085,Geoffrey.Harlan.Lara@dtaa.com,Owen.Ross.Burks@dtaa.com,Nero.Uriel.Little@dtaa.com,Nero.Uriel.Little@dtaa.com,27017,0,
09/27/2010 15:25:48,NUL0471,PC-2085,Teagan.Briar.Townsend@dtaa.com,Reyes-Matthew@boeing.com,Nero.Uriel.Little@dtaa.com,Nero.Uriel.Little@dtaa.com,19687,1,
09/28/2010 09:11:41,NUL0471,PC-2085,Chester.Caldwell.Mendoza@dtaa.com,,Nero.Uriel.Little@dtaa.com,Nero.Uriel.Little@dtaa.com,33827,0,
09/29/2010 16:56:19,NUL0471,PC-2085,Zenia.Freya.Macias@dtaa.com,Nero.Uriel.Little@dtaa.com,,Nero.Uriel.Little@dtaa.com,26178,0,
09/30/2010 08:07:15,NUL0471,PC-2085,Lacota.Dahlia.Good@dtaa.com,Nero.Uriel.Little@dtaa.com,,Nero.Uriel.Little@dtaa.com,16651,0,
10/01/2010 14:49:25,NUL0471,PC-2085,George.Zachery.Burch@dtaa.com;Tad.Patrick.Hardin@dtaa.com;Sharon.Jemima.Whitehead@dtaa.com;Medge-Hull@lockheedmartin.com,Nero.Uriel.Little@dtaa.com,,Nero.Uriel.Little@dtaa.com,43254,1,
10/04/2010 08:01:05,NUL0471,PC-2085,Hollee.Shannon.Dudley@dtaa.com;Martin.Ivan.Cooper@dtaa.com;Melodie.Lee.Glenn@dtaa.com,Tad.Harlan.Duncan@dtaa.com;Nero.Uriel.Little@dtaa.com,,Nero.Uriel.Little@dtaa.com,22281,1,
10/05/2010 11:03:17,NUL0471,PC-2085,Kai.Penelope.Peck@dtaa.com;Callum.Jasper.Gilmore@dtaa.com,Jolene.Frances.Carey@dtaa.com,Nero.Uriel.Little@dtaa.com,Nero.Uriel.Little@dtaa.com,33526,1,
10/06/2010 17:24:52,NUL0471,PC-2085,Sharon.Jemima.Whitehead@dtaa.com;Aspen.Amber.Vinson@dtaa.com,,Nero.Uriel.Little@dtaa.com,Nero.Uriel.Little@dtaa.com,30768,4,
10/07/2010 09:07:10,NUL0471,PC-2085,Teagan.Briar.Townsend@dtaa.com;Hollee.Shannon.Dudley@dtaa.com,Brett.Damian.Beck@dtaa.com;Vladimir.Thomas.Todd@dtaa.com,Nero.Uriel.Little@dtaa.com,Nero.Uriel.Little@dtaa.com,19562,2,
10/08/2010 16:22:15,NUL0471,PC-2085,Jerry_Fischer@verizon.net,,NUL53@gmail.com,NUL53@gmail.com,29703,0,
10/11/2010 11:29:40,NUL0471,PC-2085,Lacota.Dahlia.Good@dtaa.com;Jerry.Kennan.Fischer@dtaa.com,Nero.Uriel.Little@dtaa.com,,Nero.Uriel.Little@dtaa.com,13250,1,
10/13/2010 08:06:15,NUL0471,PC-2085,Hermione_C_Witt@charter.net,,NUL53@gmail.com,NUL53@gmail.com,28666,0,
10/14/2010 08:27:56,NUL0471,PC-2085,Ramona_Moses@juno.com;Lacota_Good@cox.net;Ella.R.Hess@cox.net,NUL53@gmail.com,,NUL53@gmail.com,27760,2,
10/15/2010 12:00:53,NUL0471,PC-2085,Melodie.Lee.Glenn@dtaa.com,,Nero.Uriel.Little@dtaa.com,Nero.Uriel.Little@dtaa.com,20414,0,
10/18/2010 13:26:42,NUL0471,PC-2085,Kai.P.Peck@earthlink.net,NUL53@gmail.com,,NUL53@gmail.com,33972,0,
10/19/2010 14:45:33,NUL0471,PC-2085,Callum.Jasper.Gilmore@dtaa.com,Nero.Uriel.Little@dtaa.com,,Nero.Uriel.Little@dtaa.com,30033,0,
10/20/2010 13:52:01,NUL0471,PC-2085,Owen.Ross.Burks@dtaa.com;Chester.Caldwell.Mendoza@dtaa.com;Tad.Patrick.Hardin@dtaa.com;Callum.Jasper.Gilmore@dtaa.com,Nero.Uriel.Little@dtaa.com,,Nero.Uriel.Little@dtaa.com,40715,1,
10/21/2010 17:23:50,NUL0471,PC-2085,Ivana_Parsons@charter.net;Melodie_L_Glenn@gmail.com,Callum_Gilmore@yahoo.com;NUL53@gmail.com,,NUL53@gmail.com,40042,0,
10/22/2010 11:11:28,NUL0471,PC-2085,Geoffrey.Harlan.Lara@dtaa.com,,Nero.Uriel.Little@dtaa.com,Nero.Uriel.Little@dtaa.com,26916,0,
10/25/2010 17:51:28,NUL0471,PC-2085,Sylvester.Guy.Sanders@dtaa.com;Ramona.Alma.Moses@dtaa.com;LHB4@hp.com,Hope.Dawn.Jensen@dtaa.com;Nero.Uriel.Little@dtaa.com,,Nero.Uriel.Little@dtaa.com,39217,1,
10/26/2010 16:38:03,NUL0471,PC-2085,Kai.P.Peck@earthlink.net,Zenia_Macias@verizon.net;Aspen_Vinson@cox.net;George_Burch@yahoo.com;CCH1379@msn.com,NUL53@gmail.com,NUL53@gmail.com,16882,1,
10/27/2010 08:39:13,NUL0471,PC-2085,Tad.Patrick.Hardin@dtaa.com;Sharon.Jemima.Whitehead@dtaa.com;Akeem.Jerry.Lopez@dtaa.com;Ifeoma.M.Pace@boeing.com,,Nero.Uriel.Little@dtaa.com,Nero.Uriel.Little@dtaa.com,25727,2,
10/28/2010 12:29:19,NUL0471,PC-2085,Akeem.Jerry.Lopez@dtaa.com;BKM6137@hp.com,Teagan.Briar.Townsend@dtaa.com;Sharon.Jemima.Whitehead@dtaa.com;Warren-Gary@harris.com,Nero.Uriel.Little@dtaa.com,Nero.Uriel.Little@dtaa.com,42840,0,
10/29/2010 14:15:31,NUL0471,PC-2085,Geoffrey.Harlan.Lara@dtaa.com,,Nero.Uriel.Little@dtaa.com,Nero.Uriel.Little@dtaa.com,23751,0,
11/01/2010 09:23:40,NUL0471,PC-2085,Alfreda_Holloway@msn.com,NUL53@gmail.com,,NUL53@gmail.com,25236,0,
11/02/2010 15:43:08,NUL0471,PC-2085,Callum.Jasper.Gilmore@dtaa.com,Jael.Jennifer.Hansen@dtaa.com;Nero.Uriel.Little@dtaa.com,,Nero.Uriel.Little@dtaa.com,22201,2,
11/03/2010 08:56:56,NUL0471,PC-2085,Watts-Beau@juno.com;Walter-Armando@comcast.net,Lacota_Good@cox.net;THD99@netzero.com,NUL53@gmail.com,NUL53@gmail.com,35159,0,
11/05/2010 11:11:08,NUL0471,PC-2085,Ivana.Kaitlin.Parsons@dtaa.com;Cade.Rajah.Patterson@dtaa.com;Warren-Gary@harris.com,Nero.Uriel.Little@dtaa.com,,Nero.Uriel.Little@dtaa.com,38615,1,
11/08/2010 13:18:56,NUL0471,PC-2085,Sharon.Jemima.Whitehead@dtaa.com;Hollee.Shannon.Dudley@dtaa.com,,Nero.Uriel.Little@dtaa.com,Nero.Uriel.Little@dtaa.com,21236,2,
11/09/2010 13:14:17,NUL0471,PC-2085,Tad.Harlan.Duncan@dtaa.com,Nero.Uriel.Little@dtaa.com,,Nero.Uriel.Little@dtaa.com,49742,0,
11/10/2010 17:08:15,NUL0471,PC-2085,Ramona.Alma.Moses@dtaa.com,Cade.Rajah.Patterson@dtaa.com;Nero.Uriel.Little@dtaa.com,,Nero.Uriel.Little@dtaa.com,39813,1,
11/11/2010 12:30:12,NUL0471,PC-2085,Bruno.Stewart.Silva@dtaa.com;Tad.Harlan.Duncan@dtaa.com;BKM6137@hp.com,Chester.Caldwell.Mendoza@dtaa.com,Nero.Uriel.Little@dtaa.com,Nero.Uriel.Little@dtaa.com,19304,0,
11/15/2010 17:01:24,NUL0471,PC-2085,Callum.Jasper.Gilmore@dtaa.com,Nero.Uriel.Little@dtaa.com,,Nero.Uriel.Little@dtaa.com,26929,0,
11/16/2010 16:50:27,NUL0471,PC-2085,Cade.Rajah.Patterson@dtaa.com;Owen.Ross.Burks@dtaa.com,George.Zachery.Burch@dtaa.com;Nero.Uriel.Little@dtaa.com,,Nero.Uriel.Little@dtaa.com,27209,1,
11/17/2010 12:14:17,NUL0471,PC-2085,Cameran.Madonna.Shepard@dtaa.com,,Nero.Uriel.Little@dtaa.com,Nero.Uriel.Little@dtaa.com,37096,0,
11/18/2010 09:32:01,NUL0471,PC-2085,Tad.Harlan.Duncan@dtaa.com;Aspen.Amber.Vinson@dtaa.com,Akeem.Jerry.Lopez@dtaa.com,Nero.Uriel.Little@dtaa.com,Nero.Uriel.Little@dtaa.com,52094,1,
11/22/2010 13:38:40,NUL0471,PC-2085,Shana_C_Ferguson@comcast.net;Whitehead_Sharon@bellsouth.net,NUL53@gmail.com,,NUL53@gmail.com,49729,1,
11/23/2010 10:17:22,NUL0471,PC-2085,Ella.Rachel.Hess@dtaa.com;Harper.Clark.Vazquez@dtaa.com;Cameran.Madonna.Shepard@dtaa.com,Melodie.Lee.Glenn@dtaa.com,Nero.Uriel.Little@dtaa.com,Nero.Uriel.Little@dtaa.com,33172,6,
11/24/2010 13:12:58,NUL0471,PC-2085,Alfreda.Morgan.Holloway@dtaa.com;Ramona.Alma.Moses@dtaa.com;Zenia.Freya.Macias@dtaa.com;Ivana.Kaitlin.Parsons@dtaa.com,HTD7622@northropgrumman.com,Nero.Uriel.Little@dtaa.com,Nero.Uriel.Little@dtaa.com,11923,0,
11/29/2010 16:42:23,NUL0471,PC-2085,ORB5853@aol.com;George_Burch@yahoo.com,NUL53@gmail.com,,NUL53@gmail.com,31515,0,
11/30/2010 16:00:04,NUL0471,PC-2085,Chester.Caldwell.Mendoza@dtaa.com;Owen.Ross.Burks@dtaa.com;GAR39@northropgrumman.com,Aspen.Amber.Vinson@dtaa.com,Nero.Uriel.Little@dtaa.com,Nero.Uriel.Little@dtaa.com,45974,5,
12/01/2010 10:53:04,NUL0471,PC-2085,Bruno.Stewart.Silva@dtaa.com,,Nero.Uriel.Little@dtaa.com,Nero.Uriel.Little@dtaa.com,50499,1,
12/03/2010 18:06:54,NUL0471,PC-2085,Armando.Albert.Walter@dtaa.com;Ivana.Kaitlin.Parsons@dtaa.com,,Nero.Uriel.Little@dtaa.com,Nero.Uriel.Little@dtaa.com,31340,0,
12/06/2010 11:51:28,NUL0471,PC-2085,Tad.Patrick.Hardin@dtaa.com;Aspen.Amber.Vinson@dtaa.com,Luke.Jacob.Talley@dtaa.com;Callum.Jasper.Gilmore@dtaa.com,Nero.Uriel.Little@dtaa.com,Nero.Uriel.Little@dtaa.com,20454,0,
12/07/2010 14:54:41,NUL0471,PC-2085,Lacota.Dahlia.Good@dtaa.com;Tad.Harlan.Duncan@dtaa.com;Aspen.Amber.Vinson@dtaa.com,Nero.Uriel.Little@dtaa.com,,Nero.Uriel.Little@dtaa.com,19914,1,
12/08/2010 15:57:19,NUL0471,PC-2085,Hope.Dawn.Jensen@dtaa.com;Ella.Rachel.Hess@dtaa.com,Melodie.Lee.Glenn@dtaa.com,Nero.Uriel.Little@dtaa.com,Nero.Uriel.Little@dtaa.com,34970,2,
12/09/2010 17:08:14,NUL0471,PC-2085,George.Zachery.Burch@dtaa.com,,Nero.Uriel.Little@dtaa.com,Nero.Uriel.Little@dtaa.com,32406,0,
12/10/2010 10:23:20,NUL0471,PC-2085,Beau.Hall.Watts@dtaa.com,,Nero.Uriel.Little@dtaa.com,Nero.Uriel.Little@dtaa.com,26437,0,
12/13/2010 14:09:10,NUL0471,PC-2085,Armando.Albert.Walter@dtaa.com,Nero.Uriel.Little@dtaa.com,,Nero.Uriel.Little@dtaa.com,19781,0,
12/14/2010 13:03:33,NUL0471,PC-2085,Aspen_Vinson@cox.net,NUL53@gmail.com,,NUL53@gmail.com,24705,0,
12/15/2010 08:31:41,NUL0471,PC-2085,Hollee.Shannon.Dudley@dtaa.com,Alfreda.Morgan.Holloway@dtaa.com;Nero.Uriel.Little@dtaa.com,,Nero.Uriel.Little@dtaa.com,29212,2,
12/16/2010 15:36:21,NUL0471,PC-2085,Callum.Jasper.Gilmore@dtaa.com;Zenia.Freya.Macias@dtaa.com,Hollee.Shannon.Dudley@dtaa.com;Nero.Uriel.Little@dtaa.com,,Nero.Uriel.Little@dtaa.com,32617,1,
12/17/2010 12:43:50,NUL0471,PC-2085,Owen.Ross.Burks@dtaa.com,,Nero.Uriel.Little@dtaa.com,Nero.Uriel.Little@dtaa.com,21484,0,
12/20/2010 07:49:14,NUL0471,PC-2085,Teagan.Briar.Townsend@dtaa.com;Nicolas.Brandon.Hendrix@dtaa.com,Zenia.Freya.Macias@dtaa.com,Nero.Uriel.Little@dtaa.com,Nero.Uriel.Little@dtaa.com,15541,3,
12/21/2010 17:22:09,NUL0471,PC-2085,Jerry_Fischer@verizon.net;Chastity_B_Mitchell@comcast.net;SWR192@hotmail.com,Melodie_L_Glenn@gmail.com,NUL53@gmail.com,NUL53@gmail.com,32552,0,
12/22/2010 12:38:44,NUL0471,PC-2085,Sharon.Jemima.Whitehead@dtaa.com;Lana.A.Shields@boeing.com,,Nero.Uriel.Little@dtaa.com,Nero.Uriel.Little@dtaa.com,34339,0,
12/27/2010 16:14:25,NUL0471,PC-2085,Tad.Patrick.Hardin@dtaa.com;FFT381@hp.com;RKB1@harris.com,Alfreda.Morgan.Holloway@dtaa.com;Fitzgerald.Len.Merrill@dtaa.com,Nero.Uriel.Little@dtaa.com,Nero.Uriel.Little@dtaa.com,33031,1,
12/28/2010 16:42:25,NUL0471,PC-2085,Sharon.Jemima.Whitehead@dtaa.com;Bruno.Stewart.Silva@dtaa.com;Lucas.C.Hebert@lockheedmartin.com;Gibson-Holmes@hp.com,Nero.Uriel.Little@dtaa.com,,Nero.Uriel.Little@dtaa.com,44898,4,
12/29/2010 17:57:07,NUL0471,PC-2085,BNH169@aol.com,,NUL53@gmail.com,NUL53@gmail.com,24816,0,
12/30/2010 14:34:55,NUL0471,PC-2085,Jin.Jonathan.Buckley@dtaa.com,,Nero.Uriel.Little@dtaa.com,Nero.Uriel.Little@dtaa.com,19729,0,
01/04/2011 10:47:04,NUL0471,PC-2085,Cade.Rajah.Patterson@dtaa.com,Nero.Uriel.Little@dtaa.com,,Nero.Uriel.Little@dtaa.com,31343,0,
01/05/2011 09:27:48,NUL0471,PC-2085,Akeem-Lopez@netzero.com;Walter-Armando@comcast.net;THD99@netzero.com;Callum_Gilmore@yahoo.com,Holt-Ulric@cox.net;NUL53@gmail.com,,NUL53@gmail.com,37867,1,
01/06/2011 10:03:23,NUL0471,PC-2085,Gail.Rhiannon.Mcconnell@dtaa.com;Tad.Patrick.Hardin@dtaa.com;George.Zachery.Burch@dtaa.com,Jerry.Kennan.Fischer@dtaa.com;Nero.Uriel.Little@dtaa.com,,Nero.Uriel.Little@dtaa.com,40824,0,
01/07/2011 17:28:06,NUL0471,PC-2085,Leo.Chaney.Daugherty@dtaa.com;Kai.Penelope.Peck@dtaa.com,,Nero.Uriel.Little@dtaa.com,Nero.Uriel.Little@dtaa.com,19019,1,
01/10/2011 11:50:07,NUL0471,PC-2085,Margaret_Burch@hotmail.com,NUL53@gmail.com,,NUL53@gmail.com,18776,0,
01/11/2011 17:50:44,NUL0471,PC-2085,Chester.Caldwell.Mendoza@dtaa.com;Kai.Penelope.Peck@dtaa.com,Cade.Rajah.Patterson@dtaa.com,Nero.Uriel.Little@dtaa.com,Nero.Uriel.Little@dtaa.com,31249,1,
01/12/2011 14:40:24,NUL0471,PC-2085,Melodie_L_Glenn@gmail.com,NUL53@gmail.com,,NUL53@gmail.com,29693,0,
01/13/2011 09:47:01,NUL0471,PC-2085,MacKensie.Mara.Grant@dtaa.com,,Nero.Uriel.Little@dtaa.com,Nero.Uriel.Little@dtaa.com,52943,0,
01/14/2011 09:41:35,NUL0471,PC-2085,Teagan.Briar.Townsend@dtaa.com,Nero.Uriel.Little@dtaa.com,,Nero.Uriel.Little@dtaa.com,20895,0,
01/17/2011 13:29:37,NUL0471,PC-2085,Cade.Rajah.Patterson@dtaa.com,Nero.Uriel.Little@dtaa.com,,Nero.Uriel.Little@dtaa.com,21511,0,
01/18/2011 08:32:38,NUL0471,PC-2085,BNH169@aol.com,,NUL53@gmail.com,NUL53@gmail.com,18873,0,
01/19/2011 16:58:55,NUL0471,PC-2085,Jerry_Fischer@verizon.net,NUL53@gmail.com,,NUL53@gmail.com,21413,0,
01/20/2011 16:21:19,NUL0471,PC-2085,Ramona.Alma.Moses@dtaa.com;Aspen.Amber.Vinson@dtaa.com;Axel.Donovan.Compton@dtaa.com,Nero.Uriel.Little@dtaa.com,,Nero.Uriel.Little@dtaa.com,24318,1,
01/21/2011 15:08:30,NUL0471,PC-2085,Ivana.Kaitlin.Parsons@dtaa.com,,Nero.Uriel.Little@dtaa.com,Nero.Uriel.Little@dtaa.com,27897,0,
01/24/2011 16:07:38,NUL0471,PC-2085,Ella.Rachel.Hess@dtaa.com,,Nero.Uriel.Little@dtaa.com,Nero.Uriel.Little@dtaa.com,36904,0,
01/25/2011 12:03:16,NUL0471,PC-2085,Ramona_Moses@juno.com,NUL53@gmail.com,,NUL53@gmail.com,40851,0,
01/26/2011 14:54:18,NUL0471,PC-2085,Jerry_Fischer@verizon.net;Callum_Gilmore@yahoo.com;Hope_Jensen@netzero.com;Warren-Gary@earthlink.net,CCM7@bellsouth.net;NUL53@gmail.com,,NUL53@gmail.com,36910,0,
01/27/2011 14:34:59,NUL0471,PC-2085,Ivana_Parsons@charter.net,NUL53@gmail.com,,NUL53@gmail.com,41188,0,
01/28/2011 16:55:03,NUL0471,PC-2085,Ella.R.Hess@cox.net,,NUL53@gmail.com,NUL53@gmail.com,69690,0,
01/31/2011 17:42:28,NUL0471,PC-2085,Bruno.Stewart.Silva@dtaa.com,Beau.Hall.Watts@dtaa.com;Nero.Uriel.Little@dtaa.com,,Nero.Uriel.Little@dtaa.com,23949,2,
02/01/2011 13:22:13,NUL0471,PC-2085,Ivana.Kaitlin.Parsons@dtaa.com,,Nero.Uriel.Little@dtaa.com,Nero.Uriel.Little@dtaa.com,32089,0,
02/02/2011 14:09:50,NUL0471,PC-2085,Tad.Harlan.Duncan@dtaa.com,Kai.Penelope.Peck@dtaa.com,Nero.Uriel.Little@dtaa.com,Nero.Uriel.Little@dtaa.com,21750,0,
02/03/2011 16:36:39,NUL0471,PC-2085,George_Burch@yahoo.com,NUL53@gmail.com,,NUL53@gmail.com,28252,0,
02/04/2011 09:41:34,NUL0471,PC-2085,Lacota.Dahlia.Good@dtaa.com,,Nero.Uriel.Little@dtaa.com,Nero.Uriel.Little@dtaa.com,22440,0,
02/07/2011 15:56:17,NUL0471,PC-2085,Cameran.Madonna.Shepard@dtaa.com;Oliver.Logan.Fowler@dtaa.com;Aspen.Amber.Vinson@dtaa.com,Bruno.Stewart.Silva@dtaa.com;Nero.Uriel.Little@dtaa.com,,Nero.Uriel.Little@dtaa.com,18658,1,
02/08/2011 18:11:15,NUL0471,PC-2085,Stokes-Edward@msn.com,,NUL53@gmail.com,NUL53@gmail.com,20896,0,
02/09/2011 14:01:48,NUL0471,PC-2085,MAR56@msn.com,NUL53@gmail.com,,NUL53@gmail.com,21144,0,
02/10/2011 16:44:34,NUL0471,PC-2085,Cade.Rajah.Patterson@dtaa.com,Nero.Uriel.Little@dtaa.com,,Nero.Uriel.Little@dtaa.com,41832,0,
02/11/2011 18:10:29,NUL0471,PC-2085,Hope.Dawn.Jensen@dtaa.com,Nero.Uriel.Little@dtaa.com,,Nero.Uriel.Little@dtaa.com,31475,1,
02/14/2011 16:47:26,NUL0471,PC-2085,Zenia.Freya.Macias@dtaa.com;Owen.Ross.Burks@dtaa.com;Akeem.Jerry.Lopez@dtaa.com;Kai.Penelope.Peck@dtaa.com,Ramona.Alma.Moses@dtaa.com;Nero.Uriel.Little@dtaa.com,,Nero.Uriel.Little@dtaa.com,31202,1,
02/15/2011 17:27:40,NUL0471,PC-2085,Owen.Ross.Burks@dtaa.com;George.Zachery.Burch@dtaa.com,Ivana.Kaitlin.Parsons@dtaa.com,Nero.Uriel.Little@dtaa.com,Nero.Uriel.Little@dtaa.com,24047,1,
02/16/2011 17:57:57,NUL0471,PC-2085,Melodie.Lee.Glenn@dtaa.com;Owen.Ross.Burks@dtaa.com;Cade.Rajah.Patterson@dtaa.com,Bruno.Stewart.Silva@dtaa.com;Nero.Uriel.Little@dtaa.com,,Nero.Uriel.Little@dtaa.com,16693,1,
02/17/2011 13:28:38,NUL0471,PC-2085,Akeem.Jerry.Lopez@dtaa.com,Hollee.Shannon.Dudley@dtaa.com;Owen.William@northropgrumman.com,Nero.Uriel.Little@dtaa.com,Nero.Uriel.Little@dtaa.com,21102,2,
02/18/2011 11:50:16,NUL0471,PC-2085,Teagan.Briar.Townsend@dtaa.com;Ramona.Alma.Moses@dtaa.com;Sharon.Jemima.Whitehead@dtaa.com;RKB1@harris.com,,Nero.Uriel.Little@dtaa.com,Nero.Uriel.Little@dtaa.com,40951,1,
02/21/2011 13:36:46,NUL0471,PC-2085,Aspen_Vinson@cox.net;Hope_Jensen@netzero.com,,NUL53@gmail.com,NUL53@gmail.com,20342,2,
02/22/2011 13:25:45,NUL0471,PC-2085,Jerry.Kennan.Fischer@dtaa.com,,Nero.Uriel.Little@dtaa.com,Nero.Uriel.Little@dtaa.com,29630,0,
02/23/2011 08:42:33,NUL0471,PC-2085,Amaya.Britanni.Newton@dtaa.com,,Nero.Uriel.Little@dtaa.com,Nero.Uriel.Little@dtaa.com,32128,0,
02/24/2011 16:37:52,NUL0471,PC-2085,Hollee.Shannon.Dudley@dtaa.com,Nero.Uriel.Little@dtaa.com,,Nero.Uriel.Little@dtaa.com,21231,0,
02/25/2011 11:46:05,NUL0471,PC-2085,Hollee.Shannon.Dudley@dtaa.com;Ayanna_Jackson@hp.com,,Nero.Uriel.Little@dtaa.com,Nero.Uriel.Little@dtaa.com,25840,2,
02/28/2011 08:32:14,NUL0471,PC-2085,Reuben.Fulton.Pugh@dtaa.com;Brett.Damian.Beck@dtaa.com;Owen.William@northropgrumman.com,,Nero.Uriel.Little@dtaa.com,Nero.Uriel.Little@dtaa.com,19506,1,
03/01/2011 16:42:47,NUL0471,PC-2085,THD99@netzero.com,,NUL53@gmail.com,NUL53@gmail.com,51929,0,
03/02/2011 08:03:29,NUL0471,PC-2085,Chastity_B_Mitchell@comcast.net,,NUL53@gmail.com,NUL53@gmail.com,24960,0,
03/03/2011 08:51:35,NUL0471,PC-2085,Patterson-Cade@sbcglobal.net;Chastity_B_Mitchell@comcast.net,NUL53@gmail.com,,NUL53@gmail.com,17809,0,
03/04/2011 15:01:01,NUL0471,PC-2085,Ramona.Alma.Moses@dtaa.com;Armando.Albert.Walter@dtaa.com,Nero.Uriel.Little@dtaa.com,,Nero.Uriel.Little@dtaa.com,33960,2,
03/07/2011 16:28:26,NUL0471,PC-2085,Kai.Penelope.Peck@dtaa.com,Nero.Uriel.Little@dtaa.com,,Nero.Uriel.Little@dtaa.com,24389,1,
03/08/2011 10:32:47,NUL0471,PC-2085,Kai.Penelope.Peck@dtaa.com,,Nero.Uriel.Little@dtaa.com,Nero.Uriel.Little@dtaa.com,24558,1,
03/09/2011 12:50:16,NUL0471,PC-2085,Beck_Brett@bellsouth.net,NUL53@gmail.com,,NUL53@gmail.com,61717,1,
03/10/2011 09:03:50,NUL0471,PC-2085,Stephanie.Victoria.Lyons@dtaa.com,Nero.Uriel.Little@dtaa.com,,Nero.Uriel.Little@dtaa.com,32796,0,
03/11/2011 11:59:30,NUL0471,PC-2085,Zenia_Macias@verizon.net,,NUL53@gmail.com,NUL53@gmail.com,44029,0,
03/14/2011 17:56:42,NUL0471,PC-2085,Zenia.Freya.Macias@dtaa.com;George.Zachery.Burch@dtaa.com;Beau.Hall.Watts@dtaa.com;FFT381@hp.com,KKG1519@harris.com;Nero.Uriel.Little@dtaa.com,,Nero.Uriel.Little@dtaa.com,53261,0,
03/15/2011 10:48:14,NUL0471,PC-2085,Alfreda.Morgan.Holloway@dtaa.com,Nero.Uriel.Little@dtaa.com,,Nero.Uriel.Little@dtaa.com,33016,0,
03/16/2011 13:27:56,NUL0471,PC-2085,Melodie.Lee.Glenn@dtaa.com,Nero.Uriel.Little@dtaa.com,,Nero.Uriel.Little@dtaa.com,33280,0,
03/17/2011 17:57:49,NUL0471,PC-2085,Kai.Penelope.Peck@dtaa.com;Beau.Hall.Watts@dtaa.com,Nero.Uriel.Little@dtaa.com,,Nero.Uriel.Little@dtaa.com,31494,1,
03/18/2011 15:59:09,NUL0471,PC-2085,Ella.Rachel.Hess@dtaa.com;Armando.Albert.Walter@dtaa.com;Bruno.Stewart.Silva@dtaa.com;Cora.Aurora.Buckner@dtaa.com,Nero.Uriel.Little@dtaa.com,,Nero.Uriel.Little@dtaa.com,39498,3,
03/21/2011 17:33:44,NUL0471,PC-2085,FFT381@hp.com,,Nero.Uriel.Little@dtaa.com,Nero.Uriel.Little@dtaa.com,50570,0,
03/22/2011 07:57:04,NUL0471,PC-2085,George.Zachery.Burch@dtaa.com,,Nero.Uriel.Little@dtaa.com,Nero.Uriel.Little@dtaa.com,25294,2,
03/23/2011 15:36:00,NUL0471,PC-2085,Ayanna_Jackson@aol.com,NUL53@gmail.com,,NUL53@gmail.com,33690,0,
03/24/2011 15:24:12,NUL0471,PC-2085,Alfreda.Morgan.Holloway@dtaa.com,Kai.Penelope.Peck@dtaa.com,Nero.Uriel.Little@dtaa.com,Nero.Uriel.Little@dtaa.com,36009,0,
03/25/2011 15:06:12,NUL0471,PC-2085,Ella.Rachel.Hess@dtaa.com,,Nero.Uriel.Little@dtaa.com,Nero.Uriel.Little@dtaa.com,27141,0,
03/28/2011 13:42:42,NUL0471,PC-2085,Cameran_Shepard@optonline.net;Melodie_L_Glenn@gmail.com;Ella.R.Hess@cox.net,Hardin-Tad@optonline.net;NUL53@gmail.com,,NUL53@gmail.com,23580,5,
03/29/2011 10:28:48,NUL0471,PC-2085,Geoffrey.Jin.Tucker@dtaa.com,Nero.Uriel.Little@dtaa.com,,Nero.Uriel.Little@dtaa.com,19365,0,
03/30/2011 16:05:22,NUL0471,PC-2085,Beau.Hall.Watts@dtaa.com;Kelsie_Cantu@raytheon.com,George.Zachery.Burch@dtaa.com,Nero.Uriel.Little@dtaa.com,Nero.Uriel.Little@dtaa.com,22282,1,
03/31/2011 08:24:17,NUL0471,PC-2085,Sharon.Jemima.Whitehead@dtaa.com;Jerry.Kennan.Fischer@dtaa.com;Hope.Dawn.Jensen@dtaa.com,Bruno.Stewart.Silva@dtaa.com;Kai.Penelope.Peck@dtaa.com;Nero.Uriel.Little@dtaa.com,,Nero.Uriel.Little@dtaa.com,33137,0,
04/01/2011 11:59:50,NUL0471,PC-2085,Walter-Armando@comcast.net,,NUL53@gmail.com,NUL53@gmail.com,30353,0,
04/05/2011 12:28:41,NUL0471,PC-2085,Alfreda.Morgan.Holloway@dtaa.com,Nero.Uriel.Little@dtaa.com,,Nero.Uriel.Little@dtaa.com,30130,0,
04/06/2011 08:32:37,NUL0471,PC-2085,Ramona.Alma.Moses@dtaa.com,Nero.Uriel.Little@dtaa.com,,Nero.Uriel.Little@dtaa.com,26757,0,
04/07/2011 17:37:01,NUL0471,PC-2085,Ella.Rachel.Hess@dtaa.com,Ivana.Kaitlin.Parsons@dtaa.com,Nero.Uriel.Little@dtaa.com,Nero.Uriel.Little@dtaa.com,37914,0,
04/08/2011 17:18:57,NUL0471,PC-2085,Jerry_Fischer@verizon.net;Patterson-Cade@sbcglobal.net,NUL53@gmail.com,,NUL53@gmail.com,25128,0,
04/11/2011 16:48:01,NUL0471,PC-2085,Whitehead_Sharon@bellsouth.net;Adams-Cullen@hotmail.com,,NUL53@gmail.com,NUL53@gmail.com,26820,0,
04/12/2011 17:22:24,NUL0471,PC-2085,Teagan.Briar.Townsend@dtaa.com;Ivana.Kaitlin.Parsons@dtaa.com,Hope.Dawn.Jensen@dtaa.com;Zenia.Freya.Macias@dtaa.com;Nicolas.W.Davis@harris.com,Nero.Uriel.Little@dtaa.com,Nero.Uriel.Little@dtaa.com,36524,0,
04/13/2011 12:05:38,NUL0471,PC-2085,Cade.Rajah.Patterson@dtaa.com;Zenia.Freya.Macias@dtaa.com;Akeem.Jerry.Lopez@dtaa.com;Hollee.Shannon.Dudley@dtaa.com,,Nero.Uriel.Little@dtaa.com,Nero.Uriel.Little@dtaa.com,26974,0,
04/14/2011 13:59:43,NUL0471,PC-2085,Fulton.F.Trevino@netzero.com,,NUL53@gmail.com,NUL53@gmail.com,25811,0,
04/15/2011 15:32:27,NUL0471,PC-2085,Bruno.Stewart.Silva@dtaa.com,Nero.Uriel.Little@dtaa.com,,Nero.Uriel.Little@dtaa.com,37078,1,
04/18/2011 11:15:33,NUL0471,PC-2085,Akeem-Lopez@netzero.com;Holt.Upton@earthlink.net;Ella.R.Hess@cox.net,Whitehead_Sharon@bellsouth.net;NUL53@gmail.com,,NUL53@gmail.com,23163,2,
04/19/2011 12:00:56,NUL0471,PC-2085,Hope.Dawn.Jensen@dtaa.com;Cathleen.Kelsey.Burke@dtaa.com;Owen.Ross.Burks@dtaa.com;Reyes-Matthew@boeing.com,Nero.Uriel.Little@dtaa.com,,Nero.Uriel.Little@dtaa.com,40010,1,
04/20/2011 10:38:42,NUL0471,PC-2085,Aspen.Amber.Vinson@dtaa.com;Tad.Harlan.Duncan@dtaa.com;Brett.Damian.Beck@dtaa.com,Armando.Albert.Walter@dtaa.com,Nero.Uriel.Little@dtaa.com,Nero.Uriel.Little@dtaa.com,24099,1,
04/21/2011 08:58:53,NUL0471,PC-2085,Brett.Damian.Beck@dtaa.com;Zenia.Freya.Macias@dtaa.com;Lacota.Dahlia.Good@dtaa.com,,Nero.Uriel.Little@dtaa.com,Nero.Uriel.Little@dtaa.com,25192,1,
04/25/2011 16:42:13,NUL0471,PC-2085,Ella.Rachel.Hess@dtaa.com,,Nero.Uriel.Little@dtaa.com,Nero.Uriel.Little@dtaa.com,33493,0,
04/26/2011 12:16:58,NUL0471,PC-2085,Tad.Harlan.Duncan@dtaa.com,,Nero.Uriel.Little@dtaa.com,Nero.Uriel.Little@dtaa.com,21525,0,
04/27/2011 09:10:33,NUL0471,PC-2085,Tad.Patrick.Hardin@dtaa.com,Nero.Uriel.Little@dtaa.com,,Nero.Uriel.Little@dtaa.com,34764,0,
04/28/2011 13:25:04,NUL0471,PC-2085,Halee.Keiko.Rhodes@dtaa.com;Hope.Dawn.Jensen@dtaa.com,Nero.Uriel.Little@dtaa.com,,Nero.Uriel.Little@dtaa.com,27020,4,
04/29/2011 08:38:33,NUL0471,PC-2085,Callum.Jasper.Gilmore@dtaa.com,Nero.Uriel.Little@dtaa.com,,Nero.Uriel.Little@dtaa.com,33064,1,
05/02/2011 15:44:47,NUL0471,PC-2085,Robert.Zeus.Cox@dtaa.com,,Nero.Uriel.Little@dtaa.com,Nero.Uriel.Little@dtaa.com,35055,0,
05/03/2011 11:45:44,NUL0471,PC-2085,Hope_Jensen@netzero.com;Aspen_Vinson@cox.net,,NUL53@gmail.com,NUL53@gmail.com,25001,0,
05/04/2011 08:58:54,NUL0471,PC-2085,Lacota.Dahlia.Good@dtaa.com,Nero.Uriel.Little@dtaa.com,,Nero.Uriel.Little@dtaa.com,38158,0,
05/05/2011 08:45:51,NUL0471,PC-2085,Aspen.Amber.Vinson@dtaa.com;Branch-Vaughan@hp.com,,Nero.Uriel.Little@dtaa.com,Nero.Uriel.Little@dtaa.com,25224,1,
05/06/2011 09:33:19,NUL0471,PC-2085,BSS769@cox.net,NUL53@gmail.com,,NUL53@gmail.com,33016,0,
05/09/2011 08:18:47,NUL0471,PC-2085,Doyle.Grant@netzero.com,,NUL53@gmail.com,NUL53@gmail.com,60777,0,
05/10/2011 09:04:22,NUL0471,PC-2085,CCM7@bellsouth.net;Aspen_Vinson@cox.net;Teagan_Townsend@comcast.net,NUL53@gmail.com,,NUL53@gmail.com,35048,1,
05/11/2011 18:13:30,NUL0471,PC-2085,Alfreda_Holloway@msn.com;Walter-Armando@comcast.net,NUL53@gmail.com,,NUL53@gmail.com,27849,0,
05/12/2011 17:53:26,NUL0471,PC-2085,ORB5853@aol.com;Hope_Jensen@netzero.com,,NUL53@gmail.com,NUL53@gmail.com,40880,1,
05/16/2011 13:13:54,NUL0471,PC-2085,Hollee_Dudley@comcast.net,Cameran_Shepard@optonline.net,NUL53@gmail.com,NUL53@gmail.com,22417,0,
