01/04/2010 15:52:30,SGB0140,PC-5647,Grady.Jordan.Duran@dtaa.com;Cailin.Casey.Mckee@dtaa.com;Alexa.Nadine.Poole@dtaa.com,,,Scott.Gary.Burks@dtaa.com,26237,1,
01/05/2010 17:01:40,SGB0140,PC-5647,JCR6477@charter.net,,,SGB58@hotmail.com,33221,0,
01/06/2010 14:41:30,SGB0140,PC-5647,Elaine.Sonya.Hughes@dtaa.com;Shaeleigh.MacKenzie.Harris@dtaa.com;Ivory.Leandra.Rogers@dtaa.com,Jena.Chanda.Rollins@dtaa.com;Idola.Carly.Haley@dtaa.com,,Scott.Gary.Burks@dtaa.com,31950,1,
01/07/2010 15:10:40,SGB0140,PC-5647,Jena.Chanda.Rollins@dtaa.com,,,Scott.Gary.Burks@dtaa.com,23505,0,
01/08/2010 09:26:34,SGB0140,PC-5647,NKH9333@netzero.com,,,SGB58@hotmail.com,33747,0,
01/11/2010 12:42:44,SGB0140,PC-5647,Jane.J.Hunt@msn.com;Brennan-Flynn@yahoo.com;Teegan-Burris@verizon.net;Nevada-Ortega@comcast.net,,,SGB58@hotmail.com,44857,3,
01/12/2010 09:14:58,SGB0140,PC-5647,Noble.Clinton.Klein@dtaa.com;Genevieve.Hyacinth.Head@dtaa.com,,,Scott.Gary.Burks@dtaa.com,45471,0,
01/13/2010 15:06:42,SGB0140,PC-5647,PNL7@netzero.com,,,SGB58@hotmail.com,57248,0,
01/14/2010 16:57:57,SGB0140,PC-5647,Jane.Justina.Hunt@dtaa.com;Blake-Rollins@hp.com,Nevada.Leilani.Ortega@dtaa.com;Joel.Kennan.Mccarty@dtaa.com;Albert.Mohammad.Joseph@dtaa.com,,Scott.Gary.Burks@dtaa.com,44420,1,
01/15/2010 11:04:14,SGB0140,PC-5647,Teegan.Jillian.Burris@dtaa.com,,,Scott.Gary.Burks@dtaa.com,23314,0,
01/18/2010 12:04:01,SGB0140,PC-5647,Shannon.Chantale.Price@dtaa.com,,,Scott.Gary.Burks@dtaa.com,41380,1,
01/19/2010 17:29:54,SGB0140,PC-5647,Joel.K.Mccarty@earthlink.net,Blake-Rollins@yahoo.com,,SGB58@hotmail.com,20019,4,
01/20/2010 12:49:11,SGB0140,PC-5647,Jane.J.Hunt@msn.com;Blake-Rollins@yahoo.com,HSP9@cox.net,,SGB58@hotmail.com,28596,0,
01/21/2010 17:06:08,SGB0140,PC-5647,Blake-Rollins@hp.com,,,Scott.Gary.Burks@dtaa.com,38033,0,
01/22/2010 12:53:00,SGB0140,PC-5647,Teegan-Burris@verizon.net;Duran-Grady@verizon.net,Jerry_Fischer@verizon.net,,SGB58@hotmail.com,47642,1,
01/25/2010 17:57:12,SGB0140,PC-5647,Aaron.Porter.Gutierrez@dtaa.com;Piper.Sasha.Fuentes@dtaa.com,Blake-Rollins@hp.com,,Scott.Gary.Burks@dtaa.com,29314,1,
01/26/2010 11:59:32,SGB0140,PC-5647,Elaine_Hughes@aol.com,,,SGB58@hotmail.com,47706,0,
01/27/2010 16:49:34,SGB0140,PC-5647,Shaeleigh.MacKenzie.Harris@dtaa.com;Kirk.Jakeem.Joyce@dtaa.com;Brynn.Madeline.Sherman@dtaa.com,,,Scott.Gary.Burks@dtaa.com,29485,2,
01/28/2010 11:40:31,SGB0140,PC-5647,Ivory_L_Rogers@aol.com;JCR6477@charter.net;Chiquita.L.Stokes@juno.com,Albert-Joseph@yahoo.com,,SGB58@hotmail.com,27087,0,
01/29/2010 15:51:53,SGB0140,PC-5647,Elaine.Sonya.Hughes@dtaa.com,,,Scott.Gary.Burks@dtaa.com,25565,0,
02/01/2010 10:26:20,SGB0140,PC-5647,Cailin.Casey.Mckee@dtaa.com,,,Scott.Gary.Burks@dtaa.com,27819,0,
02/02/2010 09:37:56,SGB0140,PC-5647,Cailin-Mckee@bellsouth.net,,,SGB58@hotmail.com,42521,0,
02/03/2010 11:35:38,SGB0140,PC-5647,Flynn.Edward.Brennan@dtaa.com,,,Scott.Gary.Burks@dtaa.com,22225,0,
02/04/2010 17:35:53,SGB0140,PC-5647,Gutierrez-Aaron@optonline.net,,,SGB58@hotmail.com,31843,0,
02/05/2010 10:20:24,SGB0140,PC-5647,Grady.Jordan.Duran@dtaa.com;Aaron.Porter.Gutierrez@dtaa.com;Joel.Kennan.Mccarty@dtaa.com,Eric.Gray.Duncan@dtaa.com,,Scott.Gary.Burks@dtaa.com,19380,0,
02/08/2010 11:33:25,SGB0140,PC-5647,Hakeem.Stephen.Peck@dtaa.com,,,Scott.Gary.Burks@dtaa.com,24141,1,
02/09/2010 09:19:51,SGB0140,PC-5647,Talon.Ian.Ware@dtaa.com,,,Scott.Gary.Burks@dtaa.com,12999,0,
02/10/2010 15:31:58,SGB0140,PC-5647,Cailin-Mckee@bellsouth.net,,,SGB58@hotmail.com,28105,0,
02/11/2010 10:43:58,SGB0140,PC-5647,Brennan-Flynn@yahoo.com;EGD681@comcast.net;Carroll-Timothy@comcast.net,Irene_Meyers@juno.com,,SGB58@hotmail.com,30061,0,
02/12/2010 16:27:02,SGB0140,PC-5647,Hakeem.Stephen.Peck@dtaa.com,,,Scott.Gary.Burks@dtaa.com,42622,0,
02/15/2010 12:23:28,SGB0140,PC-5647,Irene.Jemima.Meyers@dtaa.com;Jonah.Merritt.Wilder@dtaa.com,Genevieve.Hyacinth.Head@dtaa.com;Blake-Rollins@hp.com,,Scott.Gary.Burks@dtaa.com,15637,1,
02/16/2010 12:47:34,SGB0140,PC-5647,Joel.Kennan.Mccarty@dtaa.com,,,Scott.Gary.Burks@dtaa.com,28046,0,
02/17/2010 14:46:17,SGB0140,PC-5647,Timothy.Arthur.Carroll@dtaa.com;Noel.Reagan.Foster@dtaa.com;Colorado.Joel.Merrill@dtaa.com;Ivory.Leandra.Rogers@dtaa.com;Talon.Ian.Ware@dtaa.com,,,Scott.Gary.Burks@dtaa.com,53001,2,
02/18/2010 11:26:10,SGB0140,PC-5647,JCR6477@charter.net,,,SGB58@hotmail.com,29449,0,
02/19/2010 16:09:04,SGB0140,PC-5647,Elaine.Sonya.Hughes@dtaa.com;Aaron.Porter.Gutierrez@dtaa.com,,,Scott.Gary.Burks@dtaa.com,25376,0,
02/22/2010 11:50:09,SGB0140,PC-5647,Elaine.Sonya.Hughes@dtaa.com,Hakeem.Stephen.Peck@dtaa.com,,Scott.Gary.Burks@dtaa.com,23893,1,
02/23/2010 11:11:16,SGB0140,PC-5647,Talon.Ian.Ware@dtaa.com;Daryl.Ocean.Patel@dtaa.com;Shaeleigh.MacKenzie.Harris@dtaa.com,Jane.Justina.Hunt@dtaa.com,,Scott.Gary.Burks@dtaa.com,19483,1,
02/24/2010 10:06:55,SGB0140,PC-5647,Teegan.Jillian.Burris@dtaa.com,,,Scott.Gary.Burks@dtaa.com,26132,0,
02/25/2010 12:35:10,SGB0140,PC-5647,Hakeem.Stephen.Peck@dtaa.com,,,Scott.Gary.Burks@dtaa.com,33224,0,
02/26/2010 13:40:01,SGB0140,PC-5647,Genevieve.Hyacinth.Head@dtaa.com,Piper.Sasha.Fuentes@dtaa.com,,Scott.Gary.Burks@dtaa.com,49621,0,
03/01/2010 16:47:45,SGB0140,PC-5647,Nevada.Leilani.Ortega@dtaa.com;Irene.Jemima.Meyers@dtaa.com,,,Scott.Gary.Burks@dtaa.com,16566,2,
03/02/2010 09:25:37,SGB0140,PC-5647,PNL7@netzero.com,,,SGB58@hotmail.com,39753,0,
03/03/2010 11:33:39,SGB0140,PC-5647,Noble.Clinton.Klein@dtaa.com,,,Scott.Gary.Burks@dtaa.com,20676,0,
03/04/2010 10:00:57,SGB0140,PC-5647,Noel.Reagan.Foster@dtaa.com;Albert.Mohammad.Joseph@dtaa.com,,,Scott.Gary.Burks@dtaa.com,44508,2,
03/05/2010 16:09:56,SGB0140,PC-5647,BJP81@msn.com,,,SGB58@hotmail.com,32246,0,
03/08/2010 10:25:38,SGB0140,PC-5647,Gisela_Q_Fischer@charter.net,,,SGB58@hotmail.com,23562,0,
03/09/2010 12:08:49,SGB0140,PC-5647,Jane.Justina.Hunt@dtaa.com,Aaron.Porter.Gutierrez@dtaa.com,,Scott.Gary.Burks@dtaa.com,25486,1,
03/10/2010 14:14:29,SGB0140,PC-5647,Idola_Haley@yahoo.com;Nevada-Ortega@comcast.net,Noel_Foster@netzero.com;Christensen-Walter@comcast.net,,SGB58@hotmail.com,54334,2,
03/11/2010 16:20:53,SGB0140,PC-5647,Noel_Foster@netzero.com,,,SGB58@hotmail.com,28562,0,
03/12/2010 11:51:36,SGB0140,PC-5647,Jane.Justina.Hunt@dtaa.com;Albert.Mohammad.Joseph@dtaa.com;Blake-Rollins@hp.com,,,Scott.Gary.Burks@dtaa.com,43718,1,
03/15/2010 10:15:05,SGB0140,PC-5647,Shannon.Chantale.Price@dtaa.com,Noble.Clinton.Klein@dtaa.com,,Scott.Gary.Burks@dtaa.com,34743,1,
03/16/2010 09:44:43,SGB0140,PC-5647,Kirk_Joyce@msn.com,,,SGB58@hotmail.com,51760,0,
03/17/2010 13:53:17,SGB0140,PC-5647,BJP81@msn.com,,,SGB58@hotmail.com,31641,0,
03/18/2010 13:39:15,SGB0140,PC-5647,Zena_Langley@yahoo.com;Gutierrez-Aaron@optonline.net,,,SGB58@hotmail.com,30411,0,
03/19/2010 11:09:26,SGB0140,PC-5647,Talon.I.Ware@comcast.net;Zena_Langley@yahoo.com;Chiquita.L.Stokes@juno.com,Carroll-Timothy@comcast.net;Dai_Bullock@hotmail.com,,SGB58@hotmail.com,32504,0,
03/22/2010 13:36:18,SGB0140,PC-5647,Irene_Meyers@juno.com,,,SGB58@hotmail.com,30287,1,
03/23/2010 12:36:07,SGB0140,PC-5647,Merrill-Colorado@gmail.com,,,SGB58@hotmail.com,28409,1,
03/24/2010 09:23:49,SGB0140,PC-5647,Ivory.Leandra.Rogers@dtaa.com;Hakeem.Stephen.Peck@dtaa.com,Aaron.Porter.Gutierrez@dtaa.com,,Scott.Gary.Burks@dtaa.com,22516,1,
03/25/2010 14:32:03,SGB0140,PC-5647,Shaeleigh_M_Harris@comcast.net,,,SGB58@hotmail.com,24082,0,
03/26/2010 12:59:44,SGB0140,PC-5647,Cailin-Mckee@bellsouth.net;Ivory_L_Rogers@aol.com;Blake-Rollins@yahoo.com,,,SGB58@hotmail.com,38384,0,
03/29/2010 14:50:53,SGB0140,PC-5647,Irene_Meyers@juno.com,Shaeleigh_M_Harris@comcast.net;Chiquita.L.Stokes@juno.com,,SGB58@hotmail.com,21347,1,
03/30/2010 14:58:02,SGB0140,PC-5647,Chiquita.Linda.Stokes@dtaa.com,,,Scott.Gary.Burks@dtaa.com,28377,0,
03/31/2010 10:42:33,SGB0140,PC-5647,Irene_Meyers@juno.com,AAG1@aol.com,,SGB58@hotmail.com,16060,0,
04/01/2010 11:14:59,SGB0140,PC-5647,Teegan.Jillian.Burris@dtaa.com;Eric.Gray.Duncan@dtaa.com,Irene.Jemima.Meyers@dtaa.com,,Scott.Gary.Burks@dtaa.com,34970,0,
04/05/2010 15:04:25,SGB0140,PC-5647,Teegan.Jillian.Burris@dtaa.com;Sylvia.Velma.Sweet@dtaa.com;Nevada.Leilani.Ortega@dtaa.com,Grady.Jordan.Duran@dtaa.com;Cailin.Casey.Mckee@dtaa.com,,Scott.Gary.Burks@dtaa.com,46339,1,
04/06/2010 12:39:23,SGB0140,PC-5647,Kirk.Jakeem.Joyce@dtaa.com;Flynn.Edward.Brennan@dtaa.com,Hakeem.Stephen.Peck@dtaa.com;Genevieve.Hyacinth.Head@dtaa.com,,Scott.Gary.Burks@dtaa.com,25552,4,
04/07/2010 13:49:11,SGB0140,PC-5647,HSP9@cox.net;Brennan-Flynn@yahoo.com,,,SGB58@hotmail.com,15824,0,
04/08/2010 09:30:20,SGB0140,PC-5647,JCR6477@charter.net,,,SGB58@hotmail.com,26952,0,
04/09/2010 17:40:15,SGB0140,PC-5647,Duran-Grady@verizon.net,,,SGB58@hotmail.com,26999,0,
04/12/2010 10:15:05,SGB0140,PC-5647,Eric.Gray.Duncan@dtaa.com;Idola.Carly.Haley@dtaa.com,Philip.Nathan.Logan@dtaa.com,,Scott.Gary.Burks@dtaa.com,21191,1,
04/13/2010 10:54:25,SGB0140,PC-5647,Zia.S.Blankenship@juno.com;Kirk_Joyce@msn.com,Gutierrez-Aaron@optonline.net,,SGB58@hotmail.com,30766,0,
04/14/2010 10:35:14,SGB0140,PC-5647,Timothy.Arthur.Carroll@dtaa.com,Astra-Welch@lockheedmartin.com,,Scott.Gary.Burks@dtaa.com,39928,1,
04/15/2010 17:45:30,SGB0140,PC-5647,Brennan-Flynn@yahoo.com,,,SGB58@hotmail.com,28942,0,
04/16/2010 09:11:09,SGB0140,PC-5647,Kirk_Joyce@msn.com;Noel_Foster@netzero.com;Gutierrez-Aaron@optonline.net,Piper-Fuentes@yahoo.com,,SGB58@hotmail.com,29353,1,
04/19/2010 15:10:57,SGB0140,PC-5647,BJP81@msn.com;Talon.I.Ware@comcast.net;Kirk_Joyce@msn.com,,,SGB58@hotmail.com,31039,1,
04/20/2010 13:27:17,SGB0140,PC-5647,Noble.Clinton.Klein@dtaa.com,,,Scott.Gary.Burks@dtaa.com,28183,0,
04/21/2010 10:29:56,SGB0140,PC-5647,Jena.Chanda.Rollins@dtaa.com;Blake-Rollins@hp.com,,,Scott.Gary.Burks@dtaa.com,22201,0,
04/22/2010 11:56:05,SGB0140,PC-5647,JCR6477@charter.net;Bethany_Johnson@bellsouth.net,,,SGB58@hotmail.com,25012,0,
04/23/2010 16:01:43,SGB0140,PC-5647,Nevada.Leilani.Ortega@dtaa.com,,,Scott.Gary.Burks@dtaa.com,25822,0,
04/26/2010 16:22:00,SGB0140,PC-5647,Noel.Reagan.Foster@dtaa.com,,,Scott.Gary.Burks@dtaa.com,49800,0,
04/27/2010 09:01:27,SGB0140,PC-5647,Zena.Sigourney.Langley@dtaa.com,Dolan.Igor.Cortez@dtaa.com;CHD72@northropgrumman.com,,Scott.Gary.Burks@dtaa.com,17001,3,
04/28/2010 09:38:46,SGB0140,PC-5647,Shannon.Chantale.Price@dtaa.com,Shaeleigh.MacKenzie.Harris@dtaa.com,,Scott.Gary.Burks@dtaa.com,33406,0,
04/29/2010 15:04:11,SGB0140,PC-5647,Joel.Kennan.Mccarty@dtaa.com,,,Scott.Gary.Burks@dtaa.com,26934,0,
04/30/2010 13:18:43,SGB0140,PC-5647,Chiquita.Linda.Stokes@dtaa.com;Piper.Sasha.Fuentes@dtaa.com,Jena.Chanda.Rollins@dtaa.com,,Scott.Gary.Burks@dtaa.com,29492,1,
05/03/2010 11:57:10,SGB0140,PC-5647,Philip.Nathan.Logan@dtaa.com,,,Scott.Gary.Burks@dtaa.com,38515,0,
05/04/2010 16:14:57,SGB0140,PC-5647,JCR6477@charter.net,,,SGB58@hotmail.com,32905,0,
05/05/2010 13:36:24,SGB0140,PC-5647,Jane.Justina.Hunt@dtaa.com,,,Scott.Gary.Burks@dtaa.com,36185,0,
05/06/2010 14:58:35,SGB0140,PC-5647,Chiquita.L.Stokes@juno.com,,,SGB58@hotmail.com,27049,0,
05/07/2010 08:56:19,SGB0140,PC-5647,Noel.Reagan.Foster@dtaa.com;Nevada.Leilani.Ortega@dtaa.com,Beck.John.Peters@dtaa.com,,Scott.Gary.Burks@dtaa.com,21030,2,
05/10/2010 10:34:18,SGB0140,PC-5647,Merrill-Colorado@gmail.com,,,SGB58@hotmail.com,19307,0,
05/11/2010 16:02:08,SGB0140,PC-5647,Philip.Nathan.Logan@dtaa.com;Flynn.Edward.Brennan@dtaa.com,Piper.Sasha.Fuentes@dtaa.com,,Scott.Gary.Burks@dtaa.com,28650,1,
05/12/2010 11:15:59,SGB0140,PC-5647,Noble.Clinton.Klein@dtaa.com,Eric.Gray.Duncan@dtaa.com,,Scott.Gary.Burks@dtaa.com,45333,2,
05/13/2010 11:29:56,SGB0140,PC-5647,Shannon.Chantale.Price@dtaa.com;Noble.Clinton.Klein@dtaa.com;Zena.Sigourney.Langley@dtaa.com;RBR9@northropgrumman.com,,,Scott.Gary.Burks@dtaa.com,20666,2,
05/14/2010 14:29:27,SGB0140,PC-5647,Stephanie.Mary.Whitehead@dtaa.com;Joel.Kennan.Mccarty@dtaa.com,Jena.Chanda.Rollins@dtaa.com,,Scott.Gary.Burks@dtaa.com,28867,2,
05/17/2010 13:46:37,SGB0140,PC-5647,Idola_Haley@yahoo.com;Noel_Foster@netzero.com,,,SGB58@hotmail.com,29087,0,
05/18/2010 09:16:15,SGB0140,PC-5647,Chiquita.Linda.Stokes@dtaa.com;Philip.Nathan.Logan@dtaa.com;CHD72@northropgrumman.com,Hakeem.Stephen.Peck@dtaa.com;RBR9@northropgrumman.com,,Scott.Gary.Burks@dtaa.com,33991,0,
05/19/2010 08:58:07,SGB0140,PC-5647,Joel.Kennan.Mccarty@dtaa.com,,,Scott.Gary.Burks@dtaa.com,23607,0,
05/20/2010 11:37:13,SGB0140,PC-5647,Jane.Justina.Hunt@dtaa.com;Irene.Jemima.Meyers@dtaa.com;Teegan.Jillian.Burris@dtaa.com,Beck.John.Peters@dtaa.com;Blake-Rollins@hp.com,,Scott.Gary.Burks@dtaa.com,35941,1,
05/21/2010 11:26:20,SGB0140,PC-5647,Aaron.Porter.Gutierrez@dtaa.com;RBR9@northropgrumman.com,,,Scott.Gary.Burks@dtaa.com,21045,1,
05/24/2010 17:10:47,SGB0140,PC-5647,Amal.Judah.Rich@dtaa.com,Cailin.Casey.Mckee@dtaa.com,,Scott.Gary.Burks@dtaa.com,18110,1,
05/25/2010 12:25:11,SGB0140,PC-5647,Jena.Chanda.Rollins@dtaa.com,,,Scott.Gary.Burks@dtaa.com,27621,0,
05/26/2010 16:44:01,SGB0140,PC-5647,JJM81@cox.net,,,SGB58@hotmail.com,45932,0,
05/27/2010 17:27:42,SGB0140,PC-5647,Merrill-Colorado@gmail.com;William.D.Oconnor@gmail.com;CHD65@juno.com;Fay_N_Hampton@optonline.net,,,SGB58@hotmail.com,20295,4,
05/28/2010 10:31:15,SGB0140,PC-5647,Timothy.Arthur.Carroll@dtaa.com;Grady.Jordan.Duran@dtaa.com,,,Scott.Gary.Burks@dtaa.com,28851,1,
06/01/2010 16:08:07,SGB0140,PC-5647,Cailin.Casey.Mckee@dtaa.com;Philip.Nathan.Logan@dtaa.com,Chiquita.Linda.Stokes@dtaa.com;Teegan.Jillian.Burris@dtaa.com;Noble.Clinton.Klein@dtaa.com,,Scott.Gary.Burks@dtaa.com,35216,0,
06/02/2010 16:40:24,SGB0140,PC-5647,Idola_Haley@yahoo.com,,,SGB58@hotmail.com,11585,0,
06/03/2010 14:58:08,SGB0140,PC-5647,Nevada-Ortega@comcast.net,RBR6@cox.net,,SGB58@hotmail.com,19825,1,
06/04/2010 14:12:59,SGB0140,PC-5647,Albert-Joseph@yahoo.com,CHD65@juno.com,,SGB58@hotmail.com,26730,3,
06/07/2010 15:11:40,SGB0140,PC-5647,Irene.Jemima.Meyers@dtaa.com;Timothy.Arthur.Carroll@dtaa.com;RBR9@northropgrumman.com,,,Scott.Gary.Burks@dtaa.com,20366,4,
06/08/2010 12:49:47,SGB0140,PC-5647,Nevada-Ortega@comcast.net,,,SGB58@hotmail.com,29446,0,
06/09/2010 11:45:52,SGB0140,PC-5647,CHD65@juno.com;Ramsey-Cedric@optonline.net,,,SGB58@hotmail.com,21547,1,
06/10/2010 11:58:22,SGB0140,PC-5647,Eric.Gray.Duncan@dtaa.com,Jane.Justina.Hunt@dtaa.com;Elaine.Sonya.Hughes@dtaa.com,,Scott.Gary.Burks@dtaa.com,30466,2,
06/14/2010 12:36:00,SGB0140,PC-5647,Elaine_Hughes@aol.com;Irene_Meyers@juno.com,,,SGB58@hotmail.com,30493,0,
06/15/2010 16:37:39,SGB0140,PC-5647,Joel.Kennan.Mccarty@dtaa.com,,,Scott.Gary.Burks@dtaa.com,31710,2,
06/16/2010 14:14:52,SGB0140,PC-5647,Noel.Reagan.Foster@dtaa.com,,,Scott.Gary.Burks@dtaa.com,21656,1,
06/17/2010 17:52:41,SGB0140,PC-5647,Joel.Kennan.Mccarty@dtaa.com,,,Scott.Gary.Burks@dtaa.com,22616,0,
06/18/2010 15:56:13,SGB0140,PC-5647,Idola.Carly.Haley@dtaa.com,,,Scott.Gary.Burks@dtaa.com,21955,0,
06/21/2010 17:33:41,SGB0140,PC-5647,Alea.Maggie.Whitfield@dtaa.com,,,Scott.Gary.Burks@dtaa.com,29017,0,
06/22/2010 09:45:39,SGB0140,PC-5647,Flynn.Edward.Brennan@dtaa.com;Grady.Jordan.Duran@dtaa.com;Jena.Chanda.Rollins@dtaa.com,,,Scott.Gary.Burks@dtaa.com,41421,0,
06/23/2010 17:04:13,SGB0140,PC-5647,Elaine.Sonya.Hughes@dtaa.com;Talon.Ian.Ware@dtaa.com;HJW1965@lockheedmartin.com,,,Scott.Gary.Burks@dtaa.com,30531,2,
06/24/2010 09:48:35,SGB0140,PC-5647,Jane.Justina.Hunt@dtaa.com;Irene.Jemima.Meyers@dtaa.com;Noel.Reagan.Foster@dtaa.com;Joel.Kennan.Mccarty@dtaa.com;Cailin.Casey.Mckee@dtaa.com,,,Scott.Gary.Burks@dtaa.com,18494,1,
06/25/2010 15:52:52,SGB0140,PC-5647,Candice.Lunea.Fischer@dtaa.com;JAT5128@boeing.com,,,Scott.Gary.Burks@dtaa.com,30585,0,
06/28/2010 16:58:12,SGB0140,PC-5647,Flynn.Edward.Brennan@dtaa.com;Timothy.Arthur.Carroll@dtaa.com,CHR7987@northropgrumman.com,,Scott.Gary.Burks@dtaa.com,53417,0,
06/29/2010 12:09:29,SGB0140,PC-5647,Aaron.Porter.Gutierrez@dtaa.com;RBR9@northropgrumman.com;Blake-Rollins@hp.com,,,Scott.Gary.Burks@dtaa.com,37279,1,
06/30/2010 14:12:02,SGB0140,PC-5647,Shannon_Price@juno.com,,,SGB58@hotmail.com,36537,0,
07/01/2010 13:49:13,SGB0140,PC-5647,Grady.Jordan.Duran@dtaa.com,,,Scott.Gary.Burks@dtaa.com,32651,0,
07/02/2010 17:54:03,SGB0140,PC-5647,Gutierrez-Aaron@optonline.net;Merrill-Colorado@gmail.com,,,SGB58@hotmail.com,34258,1,
07/06/2010 09:00:43,SGB0140,PC-5647,BJP81@msn.com;Noel_Foster@netzero.com;RBR6@cox.net,Genevieve_Head@bellsouth.net,,SGB58@hotmail.com,20969,2,
07/07/2010 13:48:06,SGB0140,PC-5647,Noel.Reagan.Foster@dtaa.com,,,Scott.Gary.Burks@dtaa.com,32233,1,
07/08/2010 11:03:13,SGB0140,PC-5647,Talon.I.Ware@comcast.net,,,SGB58@hotmail.com,13202,0,
07/09/2010 10:26:52,SGB0140,PC-5647,Colorado.Joel.Merrill@dtaa.com;Noble.Clinton.Klein@dtaa.com;Genevieve.Hyacinth.Head@dtaa.com;Kirk.Jakeem.Joyce@dtaa.com,Zena.Sigourney.Langley@dtaa.com,,Scott.Gary.Burks@dtaa.com,27017,0,
07/12/2010 10:48:15,SGB0140,PC-5647,Duran-Grady@verizon.net,,,SGB58@hotmail.com,46105,0,
07/13/2010 16:01:46,SGB0140,PC-5647,NCK51@juno.com;Blake-Rollins@yahoo.com,,,SGB58@hotmail.com,26286,0,
07/14/2010 09:41:15,SGB0140,PC-5647,Shaeleigh.MacKenzie.Harris@dtaa.com,,,Scott.Gary.Burks@dtaa.com,36455,0,
07/15/2010 09:06:42,SGB0140,PC-5647,Hakeem.Stephen.Peck@dtaa.com,,,Scott.Gary.Burks@dtaa.com,60378,0,
07/16/2010 16:18:17,SGB0140,PC-5647,Zena_Langley@yahoo.com,,,SGB58@hotmail.com,54857,0,
07/19/2010 17:38:39,SGB0140,PC-5647,QDM1@lockheedmartin.com,,,Scott.Gary.Burks@dtaa.com,27588,0,
07/20/2010 09:56:19,SGB0140,PC-5647,Shaeleigh_M_Harris@comcast.net,,,SGB58@hotmail.com,19940,0,
07/21/2010 16:26:05,SGB0140,PC-5647,Shannon.Chantale.Price@dtaa.com;Nevada.Leilani.Ortega@dtaa.com;Piper.Sasha.Fuentes@dtaa.com;Colorado.Joel.Merrill@dtaa.com,Nicole.Aurelia.Hanson@dtaa.com,,Scott.Gary.Burks@dtaa.com,38008,0,
07/22/2010 10:51:34,SGB0140,PC-5647,NCK51@juno.com,,,SGB58@hotmail.com,19861,0,
07/23/2010 16:12:47,SGB0140,PC-5647,Sybill.Grace.Mckay@dtaa.com;Irene.Jemima.Meyers@dtaa.com;Ivory.Leandra.Rogers@dtaa.com;Teegan.Jillian.Burris@dtaa.com,,,Scott.Gary.Burks@dtaa.com,24653,3,
07/26/2010 17:17:07,SGB0140,PC-5647,EGD681@comcast.net,,,SGB58@hotmail.com,16733,0,
07/27/2010 12:45:19,SGB0140,PC-5647,Teegan.Jillian.Burris@dtaa.com,,,Scott.Gary.Burks@dtaa.com,34170,3,
07/28/2010 13:06:26,SGB0140,PC-5647,Noel.Reagan.Foster@dtaa.com,,,Scott.Gary.Burks@dtaa.com,24377,0,
07/29/2010 12:20:52,SGB0140,PC-5647,Idola_Haley@yahoo.com,,,SGB58@hotmail.com,18438,0,
07/30/2010 16:43:55,SGB0140,PC-5647,Chiquita.Linda.Stokes@dtaa.com,,,Scott.Gary.Burks@dtaa.com,31201,2,
08/04/2010 16:03:35,SGB0140,PC-5647,Jane.J.Hunt@msn.com;Gutierrez-Aaron@optonline.net;Cheryl_N_Good@gmail.com,Teegan-Burris@verizon.net,,SGB58@hotmail.com,29966,0,
08/05/2010 15:05:36,SGB0140,PC-5647,ECL525@gmail.com,CHD65@juno.com,,SGB58@hotmail.com,17861,0,
08/06/2010 12:21:52,SGB0140,PC-5647,Cailin.Casey.Mckee@dtaa.com;Aaron.Porter.Gutierrez@dtaa.com;Ivory.Leandra.Rogers@dtaa.com;Nevada.Leilani.Ortega@dtaa.com;Elaine.Sonya.Hughes@dtaa.com,,,Scott.Gary.Burks@dtaa.com,34527,1,
08/09/2010 17:54:33,SGB0140,PC-5647,Irene.Jemima.Meyers@dtaa.com,,,Scott.Gary.Burks@dtaa.com,26165,0,
08/10/2010 17:28:08,SGB0140,PC-5647,Zena.Sigourney.Langley@dtaa.com,,,Scott.Gary.Burks@dtaa.com,31968,0,
08/11/2010 09:05:47,SGB0140,PC-5647,Kirk.Jakeem.Joyce@dtaa.com;Flynn.Edward.Brennan@dtaa.com;Joel.Kennan.Mccarty@dtaa.com;Genevieve.Hyacinth.Head@dtaa.com;Talon.Ian.Ware@dtaa.com,,,Scott.Gary.Burks@dtaa.com,17860,1,
08/12/2010 09:39:00,SGB0140,PC-5647,Colorado.Joel.Merrill@dtaa.com,,,Scott.Gary.Burks@dtaa.com,24503,0,
08/13/2010 10:15:27,SGB0140,PC-5647,Ivory.Leandra.Rogers@dtaa.com,,,Scott.Gary.Burks@dtaa.com,19191,0,
08/16/2010 08:47:26,SGB0140,PC-5647,Joel.K.Mccarty@earthlink.net;Shannon_Price@juno.com;Ivory_L_Rogers@aol.com,BJP81@msn.com,,SGB58@hotmail.com,35835,2,
08/17/2010 16:18:46,SGB0140,PC-5647,CHD65@juno.com,,,SGB58@hotmail.com,26018,0,
08/18/2010 17:52:24,SGB0140,PC-5647,Joel.Kennan.Mccarty@dtaa.com;Aaron.Porter.Gutierrez@dtaa.com;Rogan.Reuben.Alexander@dtaa.com,Shaeleigh.MacKenzie.Harris@dtaa.com;Grady.Jordan.Duran@dtaa.com,,Scott.Gary.Burks@dtaa.com,13672,0,
08/19/2010 11:01:57,SGB0140,PC-5647,ILC5@hotmail.com;Merrill-Colorado@gmail.com,,,SGB58@hotmail.com,31563,0,
08/20/2010 14:25:54,SGB0140,PC-5647,Aaron.Porter.Gutierrez@dtaa.com;Malachi.Thor.Butler@dtaa.com;Noel.Reagan.Foster@dtaa.com,Lamb_Lois@boeing.com,,Scott.Gary.Burks@dtaa.com,23000,1,
08/23/2010 14:50:03,SGB0140,PC-5647,Elaine_Hughes@aol.com;Piper-Fuentes@yahoo.com,,,SGB58@hotmail.com,21334,1,
08/24/2010 09:15:33,SGB0140,PC-5647,Genevieve.Hyacinth.Head@dtaa.com,,,Scott.Gary.Burks@dtaa.com,28430,0,
08/26/2010 17:57:42,SGB0140,PC-5647,Chiquita.Linda.Stokes@dtaa.com;Talon.Ian.Ware@dtaa.com;Beck.John.Peters@dtaa.com;ICK8695@boeing.com,,,Scott.Gary.Burks@dtaa.com,39092,2,
08/27/2010 13:17:20,SGB0140,PC-5647,Elaine.Sonya.Hughes@dtaa.com,,,Scott.Gary.Burks@dtaa.com,22532,0,
08/30/2010 16:04:23,SGB0140,PC-5647,NKH9333@netzero.com,,,SGB58@hotmail.com,21702,0,
08/31/2010 10:52:51,SGB0140,PC-5647,Beck.John.Peters@dtaa.com,,,Scott.Gary.Burks@dtaa.com,36584,0,
09/01/2010 10:44:06,SGB0140,PC-5647,EGD681@comcast.net,,,SGB58@hotmail.com,31781,0,
09/02/2010 11:20:46,SGB0140,PC-5647,BJP81@msn.com,,,SGB58@hotmail.com,35018,0,
09/03/2010 12:57:54,SGB0140,PC-5647,Gutierrez-Aaron@optonline.net,,,SGB58@hotmail.com,34017,0,
09/07/2010 14:35:37,SGB0140,PC-5647,Blake-Rollins@yahoo.com,,,SGB58@hotmail.com,24079,0,
09/09/2010 14:37:11,SGB0140,PC-5647,Eric.Gray.Duncan@dtaa.com;Aaron.Porter.Gutierrez@dtaa.com;HJW1965@lockheedmartin.com,Beck.John.Peters@dtaa.com;Shannon.Chantale.Price@dtaa.com,,Scott.Gary.Burks@dtaa.com,20750,4,
09/10/2010 10:41:06,SGB0140,PC-5647,Ivory.Leandra.Rogers@dtaa.com,,,Scott.Gary.Burks@dtaa.com,17970,2,
09/13/2010 13:29:48,SGB0140,PC-5647,Teegan-Burris@verizon.net;JCR6477@charter.net,Jane.J.Hunt@msn.com;KJW1@comcast.net,,SGB58@hotmail.com,40233,2,
09/14/2010 09:11:27,SGB0140,PC-5647,Talon.I.Ware@comcast.net;Elaine_Hughes@aol.com,,,SGB58@hotmail.com,28885,0,
09/15/2010 12:46:48,SGB0140,PC-5647,EGD681@comcast.net;Noel_Foster@netzero.com,,,SGB58@hotmail.com,50472,0,
09/16/2010 15:24:27,SGB0140,PC-5647,Jena.Chanda.Rollins@dtaa.com,,,Scott.Gary.Burks@dtaa.com,20823,0,
09/17/2010 13:10:14,SGB0140,PC-5647,Cailin-Mckee@bellsouth.net;Genevieve_Head@bellsouth.net,,,SGB58@hotmail.com,38127,1,
09/20/2010 13:19:01,SGB0140,PC-5647,Shannon.Chantale.Price@dtaa.com;Chiquita.Linda.Stokes@dtaa.com;Piper.Sasha.Fuentes@dtaa.com;RBR9@northropgrumman.com,Aguilar-Brett@lockheedmartin.com,,Scott.Gary.Burks@dtaa.com,18584,1,
09/21/2010 14:39:48,SGB0140,PC-5647,Shaeleigh.MacKenzie.Harris@dtaa.com,,,Scott.Gary.Burks@dtaa.com,21519,2,
09/22/2010 17:53:22,SGB0140,PC-5647,Patrick.H.Byers@cox.net,,,SGB58@hotmail.com,12600,0,
09/23/2010 11:24:29,SGB0140,PC-5647,Timothy.Arthur.Carroll@dtaa.com,,,Scott.Gary.Burks@dtaa.com,27307,0,
09/24/2010 09:18:55,SGB0140,PC-5647,Ivory.Leandra.Rogers@dtaa.com;Grady.Jordan.Duran@dtaa.com,,,Scott.Gary.Burks@dtaa.com,29878,1,
09/27/2010 10:27:04,SGB0140,PC-5647,Shaeleigh.MacKenzie.Harris@dtaa.com,Kirk.Jakeem.Joyce@dtaa.com,,Scott.Gary.Burks@dtaa.com,27421,2,
09/28/2010 12:50:02,SGB0140,PC-5647,Hillary.Ainsley.Mccormick@dtaa.com,,,Scott.Gary.Burks@dtaa.com,48700,0,
09/29/2010 14:35:49,SGB0140,PC-5647,Kirk.Jakeem.Joyce@dtaa.com,,,Scott.Gary.Burks@dtaa.com,31191,0,
09/30/2010 09:10:43,SGB0140,PC-5647,Irene_Meyers@juno.com,,,SGB58@hotmail.com,36419,0,
10/01/2010 12:45:26,SGB0140,PC-5647,Joel.K.Mccarty@earthlink.net,Fischer-Candice@netzero.com;Cailin-Mckee@bellsouth.net;HJW963@cox.net,,SGB58@hotmail.com,18236,1,
10/04/2010 17:55:37,SGB0140,PC-5647,Albert.Mohammad.Joseph@dtaa.com;Inga_V_Tanner@hp.com,,,Scott.Gary.Burks@dtaa.com,27607,4,
10/05/2010 13:02:32,SGB0140,PC-5647,Genevieve.Hyacinth.Head@dtaa.com;Aaron.Porter.Gutierrez@dtaa.com,Idola.Carly.Haley@dtaa.com;Caldwell.Ian.Maxwell@dtaa.com,,Scott.Gary.Burks@dtaa.com,35791,2,
10/06/2010 15:04:39,SGB0140,PC-5647,Flynn.Edward.Brennan@dtaa.com,Kirk.Jakeem.Joyce@dtaa.com,,Scott.Gary.Burks@dtaa.com,9690,0,
10/07/2010 12:20:42,SGB0140,PC-5647,Kirk_Joyce@msn.com;BJP81@msn.com;Teegan-Burris@verizon.net,Hudson-Nasim@yahoo.com,,SGB58@hotmail.com,23632,1,
10/08/2010 16:09:33,SGB0140,PC-5647,ICK6323@sbcglobal.net,,,SGB58@hotmail.com,22479,0,
10/11/2010 11:46:24,SGB0140,PC-5647,Noel_Foster@netzero.com,Shaeleigh_M_Harris@comcast.net,,SGB58@hotmail.com,22202,1,
10/12/2010 14:16:55,SGB0140,PC-5647,BJP81@msn.com,,,SGB58@hotmail.com,23465,0,
10/13/2010 14:38:17,SGB0140,PC-5647,Joel.K.Mccarty@earthlink.net;Gutierrez-Aaron@optonline.net,Shaeleigh_M_Harris@comcast.net,,SGB58@hotmail.com,23308,1,
10/14/2010 17:33:23,SGB0140,PC-5647,Elaine_Hughes@aol.com,,,SGB58@hotmail.com,29807,0,
10/15/2010 17:44:04,SGB0140,PC-5647,Albert.Mohammad.Joseph@dtaa.com,,,Scott.Gary.Burks@dtaa.com,27484,0,
10/18/2010 12:58:41,SGB0140,PC-5647,Albert.Mohammad.Joseph@dtaa.com,,,Scott.Gary.Burks@dtaa.com,31192,0,
10/19/2010 15:36:14,SGB0140,PC-5647,Elaine.Sonya.Hughes@dtaa.com,,,Scott.Gary.Burks@dtaa.com,20237,0,
10/20/2010 11:42:04,SGB0140,PC-5647,Aaron.Porter.Gutierrez@dtaa.com;Vance.Ira.Alston@dtaa.com,Idola.Carly.Haley@dtaa.com,,Scott.Gary.Burks@dtaa.com,40159,0,
10/21/2010 11:16:59,SGB0140,PC-5647,BJP81@msn.com,,,SGB58@hotmail.com,52279,0,
10/22/2010 14:29:36,SGB0140,PC-5647,Irene_Meyers@juno.com;Brennan-Flynn@yahoo.com;Duran-Grady@verizon.net,Teegan-Burris@verizon.net,,SGB58@hotmail.com,23006,1,
10/25/2010 11:15:52,SGB0140,PC-5647,Grady.Jordan.Duran@dtaa.com;Kirk.Jakeem.Joyce@dtaa.com,Aaron.Porter.Gutierrez@dtaa.com,,Scott.Gary.Burks@dtaa.com,21857,1,
10/26/2010 17:00:58,SGB0140,PC-5647,Jane.Justina.Hunt@dtaa.com,Hakeem.Stephen.Peck@dtaa.com;Hancock.Brock@boeing.com,,Scott.Gary.Burks@dtaa.com,36294,2,
10/28/2010 09:05:18,SGB0140,PC-5647,Carroll-Timothy@comcast.net;Nicole.M.Craig@verizon.net,JCR6477@charter.net;Lois_Lamb@charter.net,,SGB58@hotmail.com,39051,0,
10/29/2010 16:54:04,SGB0140,PC-5647,Colorado.Joel.Merrill@dtaa.com,,,Scott.Gary.Burks@dtaa.com,14185,0,
11/01/2010 12:58:35,SGB0140,PC-5647,Jane.Justina.Hunt@dtaa.com,,,Scott.Gary.Burks@dtaa.com,20722,0,
11/02/2010 13:27:15,SGB0140,PC-5647,Talon.I.Ware@comcast.net;Cailin-Mckee@bellsouth.net,,,SGB58@hotmail.com,59802,1,
11/03/2010 11:25:21,SGB0140,PC-5647,Hakeem.Stephen.Peck@dtaa.com;Cailin.Casey.Mckee@dtaa.com;Idola.Carly.Haley@dtaa.com;Noble.Clinton.Klein@dtaa.com,,,Scott.Gary.Burks@dtaa.com,32245,0,
11/04/2010 14:12:03,SGB0140,PC-5647,Brennan-Flynn@yahoo.com;BJP81@msn.com,Kirk_Joyce@msn.com;Duran-Grady@verizon.net,,SGB58@hotmail.com,30785,1,
11/05/2010 12:32:59,SGB0140,PC-5647,Joel.Kennan.Mccarty@dtaa.com;Nevada.Leilani.Ortega@dtaa.com,,,Scott.Gary.Burks@dtaa.com,21376,0,
11/08/2010 15:58:52,SGB0140,PC-5647,Ivory_L_Rogers@aol.com,,,SGB58@hotmail.com,25971,0,
11/09/2010 16:22:55,SGB0140,PC-5647,Idola.Carly.Haley@dtaa.com,Lilah.Renee.Wagner@dtaa.com;Flynn.Edward.Brennan@dtaa.com,,Scott.Gary.Burks@dtaa.com,16864,2,
11/10/2010 10:29:09,SGB0140,PC-5647,Nevada-Ortega@comcast.net;Sonia_Goodwin@sbcglobal.net,Teegan-Burris@verizon.net;HSP9@cox.net,,SGB58@hotmail.com,37396,1,
11/11/2010 15:33:43,SGB0140,PC-5647,Christen_Morris@charter.net,,,SGB58@hotmail.com,23720,0,
11/12/2010 09:51:21,SGB0140,PC-5647,Grady.Jordan.Duran@dtaa.com,,,Scott.Gary.Burks@dtaa.com,26778,0,
11/15/2010 11:08:42,SGB0140,PC-5647,Zena.Sigourney.Langley@dtaa.com;Genevieve.Hyacinth.Head@dtaa.com;Shaeleigh.MacKenzie.Harris@dtaa.com,,,Scott.Gary.Burks@dtaa.com,27215,1,
11/16/2010 15:17:57,SGB0140,PC-5647,Talon.I.Ware@comcast.net,,,SGB58@hotmail.com,18219,0,
11/17/2010 10:45:27,SGB0140,PC-5647,JCR6477@charter.net;Irene_Meyers@juno.com;Shannon_Price@juno.com;Zena_Langley@yahoo.com,,,SGB58@hotmail.com,30263,0,
11/18/2010 08:56:46,SGB0140,PC-5647,Shannon.Chantale.Price@dtaa.com,,,Scott.Gary.Burks@dtaa.com,35161,0,
11/19/2010 15:55:29,SGB0140,PC-5647,Elaine.Sonya.Hughes@dtaa.com;Isabelle.Maggie.Benjamin@dtaa.com;Joel.Kennan.Mccarty@dtaa.com;Aurelia.Martina.Reese@dtaa.com,Zena.Sigourney.Langley@dtaa.com,,Scott.Gary.Burks@dtaa.com,31840,1,
11/23/2010 10:10:38,SGB0140,PC-5647,Timothy.Arthur.Carroll@dtaa.com;Jane.Justina.Hunt@dtaa.com,AAC9@northropgrumman.com,,Scott.Gary.Burks@dtaa.com,40989,1,
11/29/2010 11:02:08,SGB0140,PC-5647,Beck.John.Peters@dtaa.com;Jane.Justina.Hunt@dtaa.com;Flynn.Edward.Brennan@dtaa.com,,,Scott.Gary.Burks@dtaa.com,18335,0,
11/30/2010 12:36:18,SGB0140,PC-5647,Noble.Clinton.Klein@dtaa.com;Genevieve.Hyacinth.Head@dtaa.com;Joel.Kennan.Mccarty@dtaa.com,Nevada.Leilani.Ortega@dtaa.com,,Scott.Gary.Burks@dtaa.com,24197,0,
12/01/2010 13:12:32,SGB0140,PC-5647,JCR6477@charter.net,,,SGB58@hotmail.com,19150,0,
12/02/2010 12:56:55,SGB0140,PC-5647,Teegan-Burris@verizon.net;Talon.I.Ware@comcast.net;Shannon_Price@juno.com;BJP81@msn.com,Jane.J.Hunt@msn.com,,SGB58@hotmail.com,56743,0,
12/03/2010 08:50:52,SGB0140,PC-5647,Idola.Carly.Haley@dtaa.com;Talon.Ian.Ware@dtaa.com;Jane.Justina.Hunt@dtaa.com,Noble.Clinton.Klein@dtaa.com,,Scott.Gary.Burks@dtaa.com,38676,1,
12/06/2010 15:02:24,SGB0140,PC-5647,Cailin.Casey.Mckee@dtaa.com;Noble.Clinton.Klein@dtaa.com,,,Scott.Gary.Burks@dtaa.com,30683,1,
12/07/2010 17:57:00,SGB0140,PC-5647,Nevada-Ortega@comcast.net,,,SGB58@hotmail.com,26174,1,
12/08/2010 11:24:14,SGB0140,PC-5647,Nevada.Leilani.Ortega@dtaa.com,,,Scott.Gary.Burks@dtaa.com,14725,0,
12/09/2010 14:55:35,SGB0140,PC-5647,Jane.Justina.Hunt@dtaa.com,,,Scott.Gary.Burks@dtaa.com,19651,0,
12/10/2010 17:50:47,SGB0140,PC-5647,Beck.John.Peters@dtaa.com,,,Scott.Gary.Burks@dtaa.com,20836,0,
12/13/2010 15:55:21,SGB0140,PC-5647,Carroll-Timothy@comcast.net;Ivory_L_Rogers@aol.com,HJW963@cox.net,,SGB58@hotmail.com,64168,1,
12/14/2010 17:15:45,SGB0140,PC-5647,Shannon_Price@juno.com;Merrill-Colorado@gmail.com,Jane.J.Hunt@msn.com,,SGB58@hotmail.com,24724,3,
12/15/2010 17:39:41,SGB0140,PC-5647,Timothy.Arthur.Carroll@dtaa.com,,,Scott.Gary.Burks@dtaa.com,23960,0,
12/16/2010 16:52:17,SGB0140,PC-5647,Idola_Haley@yahoo.com;Noel_Foster@netzero.com;Nevada-Ortega@comcast.net,,,SGB58@hotmail.com,12697,2,
12/17/2010 10:12:05,SGB0140,PC-5647,NCK51@juno.com,,,SGB58@hotmail.com,28814,0,
12/20/2010 11:09:03,SGB0140,PC-5647,Shannon.Chantale.Price@dtaa.com,,,Scott.Gary.Burks@dtaa.com,31290,0,
12/21/2010 12:59:51,SGB0140,PC-5647,Timothy.Arthur.Carroll@dtaa.com;QDM1@lockheedmartin.com;Whoopi_Haynes@raytheon.com;JAT5128@boeing.com,,,Scott.Gary.Burks@dtaa.com,29164,1,
12/22/2010 11:38:28,SGB0140,PC-5647,Irene_Meyers@juno.com;Lois_Lamb@charter.net,Zena_Langley@yahoo.com,,SGB58@hotmail.com,33287,4,
12/27/2010 11:08:50,SGB0140,PC-5647,Quail.Rana.Mclean@dtaa.com,,,Scott.Gary.Burks@dtaa.com,30087,0,
12/28/2010 14:09:46,SGB0140,PC-5647,Cody.J.Potter@optonline.net,,,SGB58@hotmail.com,26370,0,
12/29/2010 17:49:36,SGB0140,PC-5647,Cailin.Casey.Mckee@dtaa.com,,,Scott.Gary.Burks@dtaa.com,28470,0,
12/30/2010 14:50:29,SGB0140,PC-5647,Genevieve.Hyacinth.Head@dtaa.com,LFP684@lockheedmartin.com;Inga_V_Tanner@hp.com,,Scott.Gary.Burks@dtaa.com,17122,1,
01/03/2011 10:00:13,SGB0140,PC-5647,Whilemina_England@cox.net,,,SGB58@hotmail.com,20529,0,
01/04/2011 13:51:54,SGB0140,PC-5647,Shannon_Price@juno.com,,,SGB58@hotmail.com,37029,0,
01/05/2011 16:56:41,SGB0140,PC-5647,Cailin-Mckee@bellsouth.net,,,SGB58@hotmail.com,26494,0,
01/06/2011 09:49:55,SGB0140,PC-5647,JCR6477@charter.net;Brennan-Flynn@yahoo.com,Knight-Nash@comcast.net,,SGB58@hotmail.com,35298,4,
01/07/2011 15:29:13,SGB0140,PC-5647,Noel.Reagan.Foster@dtaa.com,,,Scott.Gary.Burks@dtaa.com,16511,0,
01/10/2011 13:50:52,SGB0140,PC-5647,Cailin.Casey.Mckee@dtaa.com,,,Scott.Gary.Burks@dtaa.com,19045,0,
01/11/2011 17:28:40,SGB0140,PC-5647,Noble.Clinton.Klein@dtaa.com,,,Scott.Gary.Burks@dtaa.com,19989,0,
01/12/2011 15:37:25,SGB0140,PC-5647,Brennan-Flynn@yahoo.com,,,SGB58@hotmail.com,24237,0,
01/13/2011 09:27:34,SGB0140,PC-5647,Irene_Meyers@juno.com,,,SGB58@hotmail.com,22652,0,
01/14/2011 11:07:14,SGB0140,PC-5647,Chastity.Ima.Gibson@dtaa.com,,,Scott.Gary.Burks@dtaa.com,42932,0,
01/17/2011 13:20:01,SGB0140,PC-5647,Jane.Justina.Hunt@dtaa.com;Chiquita.Linda.Stokes@dtaa.com;Daphne.T.Nunez@harris.com,Aaron.Porter.Gutierrez@dtaa.com;Noble.Clinton.Klein@dtaa.com,,Scott.Gary.Burks@dtaa.com,30190,2,
01/18/2011 10:41:54,SGB0140,PC-5647,Rashad.A.Hatfield@sbcglobal.net,,,SGB58@hotmail.com,13795,0,
01/19/2011 16:10:52,SGB0140,PC-5647,Jonathan.A.Talley@optonline.net,,,SGB58@hotmail.com,26854,0,
01/20/2011 17:45:32,SGB0140,PC-5647,Zena.Sigourney.Langley@dtaa.com,,,Scott.Gary.Burks@dtaa.com,36194,0,
01/21/2011 16:15:30,SGB0140,PC-5647,Zena_Langley@yahoo.com,,,SGB58@hotmail.com,30014,0,
01/24/2011 13:29:18,SGB0140,PC-5647,Brennan-Flynn@yahoo.com,,,SGB58@hotmail.com,24247,0,
01/25/2011 18:11:34,SGB0140,PC-5647,Hakeem.Stephen.Peck@dtaa.com;Shaeleigh.MacKenzie.Harris@dtaa.com;Elaine.Sonya.Hughes@dtaa.com;Grady.Jordan.Duran@dtaa.com,Conrad-Wayne@raytheon.com,,Scott.Gary.Burks@dtaa.com,18367,0,
01/26/2011 12:49:29,SGB0140,PC-5647,Cailin.Casey.Mckee@dtaa.com;Timothy.Arthur.Carroll@dtaa.com;Flynn.Edward.Brennan@dtaa.com,,,Scott.Gary.Burks@dtaa.com,43827,1,
01/27/2011 12:37:16,SGB0140,PC-5647,Jane.Justina.Hunt@dtaa.com,,,Scott.Gary.Burks@dtaa.com,32448,0,
01/28/2011 15:19:47,SGB0140,PC-5647,Kirk.Jakeem.Joyce@dtaa.com,,,Scott.Gary.Burks@dtaa.com,29955,0,
01/31/2011 13:05:05,SGB0140,PC-5647,NCK51@juno.com,,,SGB58@hotmail.com,47480,0,
02/01/2011 12:50:25,SGB0140,PC-5647,Nevada.Leilani.Ortega@dtaa.com,,,Scott.Gary.Burks@dtaa.com,20517,1,
02/02/2011 09:59:43,SGB0140,PC-5647,Flynn.Edward.Brennan@dtaa.com;Grady.Jordan.Duran@dtaa.com;Noble.Clinton.Klein@dtaa.com;Chiquita.Linda.Stokes@dtaa.com,Jena.Chanda.Rollins@dtaa.com,,Scott.Gary.Burks@dtaa.com,35305,0,
02/03/2011 14:07:50,SGB0140,PC-5647,Aaron.Porter.Gutierrez@dtaa.com,,,Scott.Gary.Burks@dtaa.com,25847,1,
02/04/2011 14:17:34,SGB0140,PC-5647,Flynn.Edward.Brennan@dtaa.com,,,Scott.Gary.Burks@dtaa.com,40599,0,
02/07/2011 10:15:16,SGB0140,PC-5647,Flynn.Edward.Brennan@dtaa.com,,,Scott.Gary.Burks@dtaa.com,68029,0,
02/08/2011 11:35:01,SGB0140,PC-5647,Aaron.Porter.Gutierrez@dtaa.com;Zena.Sigourney.Langley@dtaa.com,Jane.Justina.Hunt@dtaa.com;Hakeem.Stephen.Peck@dtaa.com,,Scott.Gary.Burks@dtaa.com,32922,2,
02/09/2011 10:56:30,SGB0140,PC-5647,Genevieve_Head@bellsouth.net,,,SGB58@hotmail.com,20051,2,
02/10/2011 11:42:28,SGB0140,PC-5647,Noble.Clinton.Klein@dtaa.com,,,Scott.Gary.Burks@dtaa.com,48373,0,
02/11/2011 15:07:18,SGB0140,PC-5647,Idola.Carly.Haley@dtaa.com,,,Scott.Gary.Burks@dtaa.com,21245,0,
02/15/2011 13:23:15,SGB0140,PC-5647,Kirk.Jakeem.Joyce@dtaa.com;Flynn.Edward.Brennan@dtaa.com,Aaron.Porter.Gutierrez@dtaa.com,,Scott.Gary.Burks@dtaa.com,36226,1,
02/16/2011 17:46:11,SGB0140,PC-5647,Teegan.Jillian.Burris@dtaa.com;Talon.Ian.Ware@dtaa.com;Chiquita.Linda.Stokes@dtaa.com,Aaron.Porter.Gutierrez@dtaa.com,,Scott.Gary.Burks@dtaa.com,20235,1,
02/17/2011 16:51:05,SGB0140,PC-5647,Elaine.Sonya.Hughes@dtaa.com;Xenos.Hayden.Gallegos@dtaa.com,Beck.John.Peters@dtaa.com,,Scott.Gary.Burks@dtaa.com,35483,1,
02/18/2011 15:47:29,SGB0140,PC-5647,Chiquita.L.Stokes@juno.com,,,SGB58@hotmail.com,29128,1,
02/21/2011 15:08:23,SGB0140,PC-5647,Aguirre-Blossom@yahoo.com,HJW963@cox.net,,SGB58@hotmail.com,21547,0,
02/22/2011 13:30:50,SGB0140,PC-5647,JCR6477@charter.net,,,SGB58@hotmail.com,19916,0,
02/23/2011 17:52:48,SGB0140,PC-5647,Zena.Sigourney.Langley@dtaa.com;Cailin.Casey.Mckee@dtaa.com;Idola.Carly.Haley@dtaa.com,,,Scott.Gary.Burks@dtaa.com,11682,0,
02/24/2011 08:51:20,SGB0140,PC-5647,Casey_Conrad@bellsouth.net;Ivory_L_Rogers@aol.com;Merrill-Colorado@gmail.com,Cailin-Mckee@bellsouth.net,,SGB58@hotmail.com,23629,2,
02/25/2011 11:39:15,SGB0140,PC-5647,ICG7@northropgrumman.com,,,Scott.Gary.Burks@dtaa.com,59560,0,
02/28/2011 09:48:41,SGB0140,PC-5647,Shannon.Chantale.Price@dtaa.com,,,Scott.Gary.Burks@dtaa.com,39016,0,
03/01/2011 16:25:41,SGB0140,PC-5647,Talon.Ian.Ware@dtaa.com,,,Scott.Gary.Burks@dtaa.com,23230,0,
03/02/2011 16:43:19,SGB0140,PC-5647,Merrill-Colorado@gmail.com;Glenna.C.Sharpe@aol.com,,,SGB58@hotmail.com,27181,1,
03/03/2011 10:06:42,SGB0140,PC-5647,Kirk_Joyce@msn.com,,,SGB58@hotmail.com,29260,0,
03/04/2011 16:17:10,SGB0140,PC-5647,Carroll-Timothy@comcast.net,,,SGB58@hotmail.com,29290,0,
03/07/2011 14:59:34,SGB0140,PC-5647,Cailin.Casey.Mckee@dtaa.com,PTG361@raytheon.com,,Scott.Gary.Burks@dtaa.com,21320,0,
03/08/2011 09:45:44,SGB0140,PC-5647,Frances_Snider@boeing.com,,,Scott.Gary.Burks@dtaa.com,27721,0,
03/09/2011 16:08:16,SGB0140,PC-5647,Jena.Chanda.Rollins@dtaa.com,,,Scott.Gary.Burks@dtaa.com,37501,0,
03/10/2011 12:19:50,SGB0140,PC-5647,Aaron.Porter.Gutierrez@dtaa.com,Jane.Justina.Hunt@dtaa.com;Grady.Jordan.Duran@dtaa.com,,Scott.Gary.Burks@dtaa.com,29802,0,
03/11/2011 15:25:38,SGB0140,PC-5647,Flynn.Edward.Brennan@dtaa.com,,,Scott.Gary.Burks@dtaa.com,25841,0,
03/14/2011 14:27:49,SGB0140,PC-5647,Kirk.Jakeem.Joyce@dtaa.com,,,Scott.Gary.Burks@dtaa.com,27118,0,
03/15/2011 09:13:26,SGB0140,PC-5647,Jane.Justina.Hunt@dtaa.com;Shaeleigh.MacKenzie.Harris@dtaa.com,,,Scott.Gary.Burks@dtaa.com,33926,3,
03/16/2011 17:56:40,SGB0140,PC-5647,Jena.Chanda.Rollins@dtaa.com;Noble.Clinton.Klein@dtaa.com;Teegan.Jillian.Burris@dtaa.com,Phoebe_Avery@boeing.com,,Scott.Gary.Burks@dtaa.com,31180,3,
03/17/2011 13:28:34,SGB0140,PC-5647,Blake-Rollins@hp.com,,,Scott.Gary.Burks@dtaa.com,19643,0,
03/18/2011 13:19:47,SGB0140,PC-5647,Carroll-Timothy@comcast.net,,,SGB58@hotmail.com,47520,0,
03/21/2011 15:54:07,SGB0140,PC-5647,Grady.Jordan.Duran@dtaa.com,,,Scott.Gary.Burks@dtaa.com,18859,0,
03/22/2011 09:14:49,SGB0140,PC-5647,Brennan-Flynn@yahoo.com,Ivory_L_Rogers@aol.com,,SGB58@hotmail.com,36175,1,
03/23/2011 14:42:21,SGB0140,PC-5647,Colorado.Joel.Merrill@dtaa.com,,,Scott.Gary.Burks@dtaa.com,43140,0,
03/24/2011 09:01:49,SGB0140,PC-5647,Shannon.Chantale.Price@dtaa.com,Sharon.Jemima.Whitehead@dtaa.com,,Scott.Gary.Burks@dtaa.com,28367,4,
03/25/2011 12:16:11,SGB0140,PC-5647,Blake-Rollins@yahoo.com,,,SGB58@hotmail.com,23218,0,
03/28/2011 16:15:33,SGB0140,PC-5647,Colorado.Joel.Merrill@dtaa.com;Irene.Jemima.Meyers@dtaa.com;JAT5128@boeing.com,,,Scott.Gary.Burks@dtaa.com,27317,1,
03/29/2011 13:21:43,SGB0140,PC-5647,Jocelyn_Mccray@comcast.net,,,SGB58@hotmail.com,19265,0,
03/30/2011 14:27:30,SGB0140,PC-5647,Jena.Chanda.Rollins@dtaa.com,,,Scott.Gary.Burks@dtaa.com,32833,0,
03/31/2011 10:09:41,SGB0140,PC-5647,Noble.Clinton.Klein@dtaa.com;Aaron.Porter.Gutierrez@dtaa.com,,,Scott.Gary.Burks@dtaa.com,29330,1,
04/01/2011 09:06:40,SGB0140,PC-5647,Nevada-Ortega@comcast.net,,,SGB58@hotmail.com,24414,0,
04/04/2011 15:52:59,SGB0140,PC-5647,Joel.Kennan.Mccarty@dtaa.com,,,Scott.Gary.Burks@dtaa.com,27102,0,
04/05/2011 13:53:55,SGB0140,PC-5647,Shaeleigh_M_Harris@comcast.net;VFM1@charter.net,,,SGB58@hotmail.com,24875,1,
04/06/2011 17:38:10,SGB0140,PC-5647,Zena.Sigourney.Langley@dtaa.com;Joel.Kennan.Mccarty@dtaa.com;Shaeleigh.MacKenzie.Harris@dtaa.com,,,Scott.Gary.Burks@dtaa.com,18579,1,
04/07/2011 09:29:27,SGB0140,PC-5647,Jena.Chanda.Rollins@dtaa.com,,,Scott.Gary.Burks@dtaa.com,29681,4,
04/08/2011 09:15:09,SGB0140,PC-5647,Jane.J.Hunt@msn.com,,,SGB58@hotmail.com,29463,0,
04/11/2011 09:03:57,SGB0140,PC-5647,Shaeleigh.MacKenzie.Harris@dtaa.com,,,Scott.Gary.Burks@dtaa.com,42233,0,
04/12/2011 13:48:17,SGB0140,PC-5647,Aaron.Porter.Gutierrez@dtaa.com;Teegan.Jillian.Burris@dtaa.com,,,Scott.Gary.Burks@dtaa.com,29118,2,
04/13/2011 16:01:22,SGB0140,PC-5647,Idola_Haley@yahoo.com;Carroll-Timothy@comcast.net;Shaeleigh_M_Harris@comcast.net;Gutierrez-Aaron@optonline.net,,,SGB58@hotmail.com,37123,7,
04/14/2011 16:10:38,SGB0140,PC-5647,Cailin.Casey.Mckee@dtaa.com;Noel.Reagan.Foster@dtaa.com;Timothy.Arthur.Carroll@dtaa.com,Chiquita.Linda.Stokes@dtaa.com,,Scott.Gary.Burks@dtaa.com,20942,1,
04/15/2011 17:38:34,SGB0140,PC-5647,Jane.Justina.Hunt@dtaa.com;Joel.Kennan.Mccarty@dtaa.com,Idola.Carly.Haley@dtaa.com,,Scott.Gary.Burks@dtaa.com,17520,2,
04/18/2011 10:27:07,SGB0140,PC-5647,Chiquita.Linda.Stokes@dtaa.com;Idola.Carly.Haley@dtaa.com,,,Scott.Gary.Burks@dtaa.com,29723,2,
04/19/2011 15:38:57,SGB0140,PC-5647,Colorado.Joel.Merrill@dtaa.com,,,Scott.Gary.Burks@dtaa.com,36762,0,
04/20/2011 18:00:46,SGB0140,PC-5647,Shannon_Price@juno.com,,,SGB58@hotmail.com,29933,0,
04/21/2011 17:55:02,SGB0140,PC-5647,HSP9@cox.net,,,SGB58@hotmail.com,27630,0,
04/25/2011 15:12:24,SGB0140,PC-5647,Duran-Grady@verizon.net;Christine_Clay@bellsouth.net,,,SGB58@hotmail.com,23898,1,
04/26/2011 13:35:48,SGB0140,PC-5647,Shannon.Chantale.Price@dtaa.com;Zena.Sigourney.Langley@dtaa.com,,,Scott.Gary.Burks@dtaa.com,37287,0,
04/27/2011 17:53:07,SGB0140,PC-5647,Jena.Chanda.Rollins@dtaa.com,,,Scott.Gary.Burks@dtaa.com,23218,0,
04/28/2011 15:29:03,SGB0140,PC-5647,Zena_Langley@yahoo.com,CHD65@juno.com,,SGB58@hotmail.com,36118,1,
05/02/2011 14:11:58,SGB0140,PC-5647,NCK51@juno.com,,,SGB58@hotmail.com,19796,0,
05/03/2011 17:32:36,SGB0140,PC-5647,Lacota.Dahlia.Good@dtaa.com;Jena.Chanda.Rollins@dtaa.com;Joel.Kennan.Mccarty@dtaa.com,,,Scott.Gary.Burks@dtaa.com,31536,1,
05/04/2011 12:13:07,SGB0140,PC-5647,Chiquita.L.Stokes@juno.com,,,SGB58@hotmail.com,28650,0,
05/05/2011 12:14:33,SGB0140,PC-5647,Kirk.Jakeem.Joyce@dtaa.com,,,Scott.Gary.Burks@dtaa.com,29286,0,
05/06/2011 15:38:19,SGB0140,PC-5647,Irene_Meyers@juno.com;Gutierrez-Aaron@optonline.net,Albert-Joseph@yahoo.com;WKD6365@netzero.com,,SGB58@hotmail.com,21976,2,
05/09/2011 15:42:34,SGB0140,PC-5647,Cailin-Mckee@bellsouth.net,Gutierrez-Aaron@optonline.net,,SGB58@hotmail.com,23365,0,
05/10/2011 13:16:58,SGB0140,PC-5647,Irene.Jemima.Meyers@dtaa.com;Conrad-Wayne@raytheon.com,,,Scott.Gary.Burks@dtaa.com,35375,1,
05/11/2011 17:21:51,SGB0140,PC-5647,Joel.Kennan.Mccarty@dtaa.com;Elaine.Sonya.Hughes@dtaa.com,Inga_V_Tanner@hp.com,,Scott.Gary.Burks@dtaa.com,38952,0,
05/12/2011 10:31:43,SGB0140,PC-5647,MIC95@yahoo.com,,,SGB58@hotmail.com,30919,0,
05/13/2011 16:38:16,SGB0140,PC-5647,Teegan-Burris@verizon.net,,,SGB58@hotmail.com,17530,0,
05/16/2011 09:48:02,SGB0140,PC-5647,Ivory.Leandra.Rogers@dtaa.com;JAT5128@boeing.com,Elaine.Sonya.Hughes@dtaa.com,,Scott.Gary.Burks@dtaa.com,25153,1,
