01/02/2010 18:05:04,SMH0291,PC-3571,Ivory.Leandra.Rogers@dtaa.com;Cameran_Sanford@boeing.com,Elaine.Sonya.Hughes@dtaa.com,Shaeleigh.MacKenzie.Harris@dtaa.com,Shaeleigh.MacKenzie.Harris@dtaa.com,31895,0,
01/03/2010 12:19:07,SMH0291,PC-3571,Albert-Joseph@yahoo.com,Genevieve_Head@bellsouth.net;Shaeleigh_M_Harris@comcast.net,,Shaeleigh_M_Harris@comcast.net,26639,0,
01/04/2010 16:27:50,SMH0291,PC-3571,Forrest.Rashad.Richards@dtaa.com;Beck.John.Peters@dtaa.com;Timothy.Arthur.Carroll@dtaa.com,,Shaeleigh.MacKenzie.Harris@dtaa.com,Shaeleigh.MacKenzie.Harris@dtaa.com,46617,0,
01/05/2010 13:32:07,SMH0291,PC-3571,Elaine_Hughes@aol.com,Shaeleigh_M_Harris@comcast.net,,Shaeleigh_M_Harris@comcast.net,30212,0,
01/06/2010 11:01:03,SMH0291,PC-3571,Jane.J.Hunt@msn.com,Holmes-Mcbride@earthlink.net,Shaeleigh_M_Harris@comcast.net,Shaeleigh_M_Harris@comcast.net,21713,0,
01/07/2010 16:10:00,SMH0291,PC-3571,Noble.Clinton.Klein@dtaa.com;Elaine.Sonya.Hughes@dtaa.com,Colorado.Joel.Merrill@dtaa.com;Hakeem.Stephen.Peck@dtaa.com,Shaeleigh.MacKenzie.Harris@dtaa.com,Shaeleigh.MacKenzie.Harris@dtaa.com,29961,2,
01/08/2010 18:04:46,SMH0291,PC-3571,Dolan.Igor.Cortez@dtaa.com;Jena.Chanda.Rollins@dtaa.com;Kirk.Jakeem.Joyce@dtaa.com,,Shaeleigh.MacKenzie.Harris@dtaa.com,Shaeleigh.MacKenzie.Harris@dtaa.com,22163,0,
01/09/2010 12:14:02,SMH0291,PC-3571,Cailin-Mckee@bellsouth.net,Shaeleigh_M_Harris@comcast.net,,Shaeleigh_M_Harris@comcast.net,18452,0,
01/10/2010 11:10:43,SMH0291,PC-3571,Zena.Sigourney.Langley@dtaa.com;Shannon.Chantale.Price@dtaa.com;SEB658@raytheon.com,,Shaeleigh.MacKenzie.Harris@dtaa.com,Shaeleigh.MacKenzie.Harris@dtaa.com,21582,0,
01/11/2010 13:32:49,SMH0291,PC-3571,BJP81@msn.com,Shaeleigh_M_Harris@comcast.net,,Shaeleigh_M_Harris@comcast.net,31929,0,
01/12/2010 14:28:28,SMH0291,PC-3571,Elaine_Hughes@aol.com;Nevada-Ortega@comcast.net,Noel_Foster@netzero.com;Cameran_Sanford@optonline.net,Shaeleigh_M_Harris@comcast.net,Shaeleigh_M_Harris@comcast.net,38609,1,
01/13/2010 16:45:37,SMH0291,PC-3571,Zena_Langley@yahoo.com;Gutierrez-Aaron@optonline.net,Joel.K.Mccarty@earthlink.net,Shaeleigh_M_Harris@comcast.net,Shaeleigh_M_Harris@comcast.net,18108,0,
01/14/2010 15:37:36,SMH0291,PC-3571,Idola.Carly.Haley@dtaa.com;Cameran_Sanford@boeing.com,,Shaeleigh.MacKenzie.Harris@dtaa.com,Shaeleigh.MacKenzie.Harris@dtaa.com,24180,0,
01/16/2010 15:40:03,SMH0291,PC-3571,Pruitt_Walker@bellsouth.net,Shaeleigh_M_Harris@comcast.net,,Shaeleigh_M_Harris@comcast.net,48726,0,
01/18/2010 14:02:51,SMH0291,PC-3571,Chiquita.Linda.Stokes@dtaa.com;Joel.Kennan.Mccarty@dtaa.com;Shannon.Chantale.Price@dtaa.com;Nevada.Leilani.Ortega@dtaa.com;Teegan.Jillian.Burris@dtaa.com,,Shaeleigh.MacKenzie.Harris@dtaa.com,Shaeleigh.MacKenzie.Harris@dtaa.com,29057,0,
01/19/2010 14:47:52,SMH0291,PC-3571,Ivory.Leandra.Rogers@dtaa.com;Noble.Clinton.Klein@dtaa.com;Jena.Chanda.Rollins@dtaa.com,,Shaeleigh.MacKenzie.Harris@dtaa.com,Shaeleigh.MacKenzie.Harris@dtaa.com,31793,0,
01/20/2010 15:25:25,SMH0291,PC-3571,Gutierrez-Aaron@optonline.net,Shaeleigh_M_Harris@comcast.net,,Shaeleigh_M_Harris@comcast.net,35294,0,
01/21/2010 16:47:47,SMH0291,PC-3571,Noble.Clinton.Klein@dtaa.com;Flynn.Edward.Brennan@dtaa.com,Eric.Gray.Duncan@dtaa.com,Shaeleigh.MacKenzie.Harris@dtaa.com,Shaeleigh.MacKenzie.Harris@dtaa.com,29999,0,
01/22/2010 10:48:55,SMH0291,PC-3571,Jane.Justina.Hunt@dtaa.com,Shaeleigh.MacKenzie.Harris@dtaa.com,,Shaeleigh.MacKenzie.Harris@dtaa.com,46959,6,
01/23/2010 12:05:30,SMH0291,PC-3571,Piper-Fuentes@yahoo.com,Shaeleigh_M_Harris@comcast.net,,Shaeleigh_M_Harris@comcast.net,22020,0,
01/25/2010 17:36:25,SMH0291,PC-3571,Colorado.Joel.Merrill@dtaa.com,,Shaeleigh.MacKenzie.Harris@dtaa.com,Shaeleigh.MacKenzie.Harris@dtaa.com,20997,0,
01/26/2010 09:37:48,SMH0291,PC-3571,Buffy.Vivien.Nichols@dtaa.com,Shaeleigh.MacKenzie.Harris@dtaa.com,,Shaeleigh.MacKenzie.Harris@dtaa.com,29939,0,
01/27/2010 09:30:40,SMH0291,PC-3571,Genevieve.Hyacinth.Head@dtaa.com,Shaeleigh.MacKenzie.Harris@dtaa.com,,Shaeleigh.MacKenzie.Harris@dtaa.com,21854,0,
01/28/2010 15:06:33,SMH0291,PC-3571,Idola_Haley@yahoo.com;Duran-Grady@verizon.net;Kirby.B.Pollard@juno.com;HSP9@cox.net,Shaeleigh_M_Harris@comcast.net,,Shaeleigh_M_Harris@comcast.net,44260,0,
01/29/2010 15:36:46,SMH0291,PC-3571,Irene.Jemima.Meyers@dtaa.com;Piper.Sasha.Fuentes@dtaa.com,Jena.Chanda.Rollins@dtaa.com;Cameran_Sanford@boeing.com,Shaeleigh.MacKenzie.Harris@dtaa.com,Shaeleigh.MacKenzie.Harris@dtaa.com,33368,0,
01/31/2010 17:44:19,SMH0291,PC-3571,Nevada.Leilani.Ortega@dtaa.com,Shaeleigh.MacKenzie.Harris@dtaa.com,,Shaeleigh.MacKenzie.Harris@dtaa.com,45148,0,
02/01/2010 17:11:20,SMH0291,PC-3571,Colorado.Joel.Merrill@dtaa.com,Shaeleigh.MacKenzie.Harris@dtaa.com,,Shaeleigh.MacKenzie.Harris@dtaa.com,21667,0,
02/02/2010 17:50:46,SMH0291,PC-3571,Holmes-Mcbride@earthlink.net,Shaeleigh_M_Harris@comcast.net,,Shaeleigh_M_Harris@comcast.net,46018,1,
02/03/2010 18:08:21,SMH0291,PC-3571,Talon.Ian.Ware@dtaa.com,,Shaeleigh.MacKenzie.Harris@dtaa.com,Shaeleigh.MacKenzie.Harris@dtaa.com,55858,0,
02/04/2010 09:21:30,SMH0291,PC-3571,Piper.Sasha.Fuentes@dtaa.com;Aaron.Porter.Gutierrez@dtaa.com,Chiquita.Linda.Stokes@dtaa.com;Shaeleigh.MacKenzie.Harris@dtaa.com,,Shaeleigh.MacKenzie.Harris@dtaa.com,19860,1,
02/05/2010 12:41:15,SMH0291,PC-3571,Hakeem.Stephen.Peck@dtaa.com,,Shaeleigh.MacKenzie.Harris@dtaa.com,Shaeleigh.MacKenzie.Harris@dtaa.com,26053,0,
02/06/2010 17:32:09,SMH0291,PC-3571,Gutierrez-Aaron@optonline.net;Sarah_Juarez@cox.net;Genevieve_Head@bellsouth.net;Chiquita.L.Stokes@juno.com,Irene_Meyers@juno.com;Shaeleigh_M_Harris@comcast.net,,Shaeleigh_M_Harris@comcast.net,32868,0,
02/07/2010 15:48:15,SMH0291,PC-3571,Jane.J.Hunt@msn.com,Holmes-Mcbride@earthlink.net,Shaeleigh_M_Harris@comcast.net,Shaeleigh_M_Harris@comcast.net,22962,0,
02/08/2010 14:50:06,SMH0291,PC-3571,Kirk.Jakeem.Joyce@dtaa.com;Noel.Reagan.Foster@dtaa.com,Ivory.Leandra.Rogers@dtaa.com,Shaeleigh.MacKenzie.Harris@dtaa.com,Shaeleigh.MacKenzie.Harris@dtaa.com,23435,0,
02/09/2010 14:19:02,SMH0291,PC-3571,HSP9@cox.net;Merrill-Colorado@gmail.com,,Shaeleigh_M_Harris@comcast.net,Shaeleigh_M_Harris@comcast.net,30598,0,
02/10/2010 12:11:29,SMH0291,PC-3571,Jena.Chanda.Rollins@dtaa.com;SEB658@raytheon.com,Shannon.Chantale.Price@dtaa.com;Beck.John.Peters@dtaa.com,Shaeleigh.MacKenzie.Harris@dtaa.com,Shaeleigh.MacKenzie.Harris@dtaa.com,46164,0,
02/11/2010 10:47:13,SMH0291,PC-3571,Jane.Justina.Hunt@dtaa.com,,Shaeleigh.MacKenzie.Harris@dtaa.com,Shaeleigh.MacKenzie.Harris@dtaa.com,50926,0,
02/12/2010 15:02:39,SMH0291,PC-3571,Grady.Jordan.Duran@dtaa.com,Shaeleigh.MacKenzie.Harris@dtaa.com,,Shaeleigh.MacKenzie.Harris@dtaa.com,25464,0,
02/13/2010 17:49:00,SMH0291,PC-3571,Noble.Clinton.Klein@dtaa.com,Chiquita.Linda.Stokes@dtaa.com;Shaeleigh.MacKenzie.Harris@dtaa.com,,Shaeleigh.MacKenzie.Harris@dtaa.com,18553,0,
02/14/2010 12:05:41,SMH0291,PC-3571,Ivory_L_Rogers@aol.com;JCR6477@charter.net,Noel_Foster@netzero.com,Shaeleigh_M_Harris@comcast.net,Shaeleigh_M_Harris@comcast.net,22778,0,
02/15/2010 16:31:50,SMH0291,PC-3571,Noble.Clinton.Klein@dtaa.com,Jane.Justina.Hunt@dtaa.com,Shaeleigh.MacKenzie.Harris@dtaa.com,Shaeleigh.MacKenzie.Harris@dtaa.com,41795,0,
02/16/2010 11:54:37,SMH0291,PC-3571,Irene_Meyers@juno.com,Shaeleigh_M_Harris@comcast.net,,Shaeleigh_M_Harris@comcast.net,43230,0,
02/17/2010 11:27:19,SMH0291,PC-3571,Chiquita.L.Stokes@juno.com;Carroll-Timothy@comcast.net;Gay_Timon@netzero.com;Teegan-Burris@verizon.net,Neve_Crane@cox.net;Shaeleigh_M_Harris@comcast.net,,Shaeleigh_M_Harris@comcast.net,34565,0,
02/18/2010 16:02:18,SMH0291,PC-3571,Noel_Foster@netzero.com,Shaeleigh_M_Harris@comcast.net,,Shaeleigh_M_Harris@comcast.net,35968,8,
02/19/2010 12:21:13,SMH0291,PC-3571,Elaine_Hughes@aol.com,Shaeleigh_M_Harris@comcast.net,,Shaeleigh_M_Harris@comcast.net,17141,0,
02/20/2010 11:01:41,SMH0291,PC-3571,Albert.Mohammad.Joseph@dtaa.com;Nevada.Leilani.Ortega@dtaa.com,Cameran_Sanford@boeing.com;Shaeleigh.MacKenzie.Harris@dtaa.com,,Shaeleigh.MacKenzie.Harris@dtaa.com,24623,0,
02/21/2010 09:04:02,SMH0291,PC-3571,Anne_Carey@juno.com;Merrill-Colorado@gmail.com,Carroll-Timothy@comcast.net,Shaeleigh_M_Harris@comcast.net,Shaeleigh_M_Harris@comcast.net,25351,1,
02/22/2010 17:28:03,SMH0291,PC-3571,Noel_Foster@netzero.com,,Shaeleigh_M_Harris@comcast.net,Shaeleigh_M_Harris@comcast.net,35502,0,
02/23/2010 18:03:15,SMH0291,PC-3571,Philip.Nathan.Logan@dtaa.com;Cameran_Sanford@boeing.com,Shaeleigh.MacKenzie.Harris@dtaa.com,,Shaeleigh.MacKenzie.Harris@dtaa.com,30890,0,
02/24/2010 13:51:48,SMH0291,PC-3571,Kasper.Lance.Huffman@dtaa.com;Raymond.Gray.Hyde@dtaa.com,,Shaeleigh.MacKenzie.Harris@dtaa.com,Shaeleigh.MacKenzie.Harris@dtaa.com,28470,0,
02/25/2010 09:05:33,SMH0291,PC-3571,Flynn.Edward.Brennan@dtaa.com,,Shaeleigh.MacKenzie.Harris@dtaa.com,Shaeleigh.MacKenzie.Harris@dtaa.com,35061,0,
02/26/2010 09:18:52,SMH0291,PC-3571,Bryar_Sweet@bellsouth.net,Shannon_Price@juno.com;Shaeleigh_M_Harris@comcast.net,,Shaeleigh_M_Harris@comcast.net,40770,0,
02/27/2010 09:07:16,SMH0291,PC-3571,Nevada-Ortega@comcast.net;Piper-Fuentes@yahoo.com;NCK51@juno.com;Duran-Grady@verizon.net,,Shaeleigh_M_Harris@comcast.net,Shaeleigh_M_Harris@comcast.net,26440,0,
02/28/2010 16:13:23,SMH0291,PC-3571,Ivory.Leandra.Rogers@dtaa.com,,Shaeleigh.MacKenzie.Harris@dtaa.com,Shaeleigh.MacKenzie.Harris@dtaa.com,23482,0,
03/01/2010 13:21:42,SMH0291,PC-3571,Nevada-Ortega@comcast.net,SGB58@hotmail.com;Joel.K.Mccarty@earthlink.net;Shaeleigh_M_Harris@comcast.net,,Shaeleigh_M_Harris@comcast.net,30459,0,
03/02/2010 10:03:06,SMH0291,PC-3571,Zena_Langley@yahoo.com;Jane.J.Hunt@msn.com;PNL7@netzero.com,JCR6477@charter.net;Frank-Kendall@netzero.com,Shaeleigh_M_Harris@comcast.net,Shaeleigh_M_Harris@comcast.net,24518,1,
03/03/2010 16:21:06,SMH0291,PC-3571,Teegan-Burris@verizon.net;Noel_Foster@netzero.com;Cameran_Sanford@optonline.net;SEB11@gmail.com,,Shaeleigh_M_Harris@comcast.net,Shaeleigh_M_Harris@comcast.net,35344,6,
03/04/2010 16:53:13,SMH0291,PC-3571,Jane.Justina.Hunt@dtaa.com,,Shaeleigh.MacKenzie.Harris@dtaa.com,Shaeleigh.MacKenzie.Harris@dtaa.com,20277,0,
03/05/2010 11:12:47,SMH0291,PC-3571,Joel.Kennan.Mccarty@dtaa.com,Cailin.Casey.Mckee@dtaa.com;Shaeleigh.MacKenzie.Harris@dtaa.com,,Shaeleigh.MacKenzie.Harris@dtaa.com,27524,0,
03/07/2010 10:29:40,SMH0291,PC-3571,Jane.J.Hunt@msn.com;Ivory_L_Rogers@aol.com,Talon.I.Ware@comcast.net,Shaeleigh_M_Harris@comcast.net,Shaeleigh_M_Harris@comcast.net,47172,0,
03/08/2010 11:15:47,SMH0291,PC-3571,Scott.Gary.Burks@dtaa.com;Zena.Sigourney.Langley@dtaa.com;SEB658@raytheon.com,,Shaeleigh.MacKenzie.Harris@dtaa.com,Shaeleigh.MacKenzie.Harris@dtaa.com,26684,1,
03/09/2010 15:37:12,SMH0291,PC-3571,Duran-Grady@verizon.net;EGD681@comcast.net,Shaeleigh_M_Harris@comcast.net,,Shaeleigh_M_Harris@comcast.net,26012,0,
03/10/2010 17:54:20,SMH0291,PC-3571,Scott.Gary.Burks@dtaa.com;Jena.Chanda.Rollins@dtaa.com,,Shaeleigh.MacKenzie.Harris@dtaa.com,Shaeleigh.MacKenzie.Harris@dtaa.com,27164,0,
03/11/2010 15:23:12,SMH0291,PC-3571,Hakeem.Stephen.Peck@dtaa.com;Eric.Gray.Duncan@dtaa.com;Piper.Sasha.Fuentes@dtaa.com,Beck.John.Peters@dtaa.com,Shaeleigh.MacKenzie.Harris@dtaa.com,Shaeleigh.MacKenzie.Harris@dtaa.com,33370,0,
03/12/2010 17:17:07,SMH0291,PC-3571,Genevieve.Hyacinth.Head@dtaa.com;Timothy.Arthur.Carroll@dtaa.com,Irene.Jemima.Meyers@dtaa.com,Shaeleigh.MacKenzie.Harris@dtaa.com,Shaeleigh.MacKenzie.Harris@dtaa.com,19622,0,
03/13/2010 14:42:52,SMH0291,PC-3571,Colorado.Joel.Merrill@dtaa.com;Nevada.Leilani.Ortega@dtaa.com,,Shaeleigh.MacKenzie.Harris@dtaa.com,Shaeleigh.MacKenzie.Harris@dtaa.com,38002,0,
03/14/2010 13:15:45,SMH0291,PC-3571,Halee.K.Burnett@verizon.net,,Shaeleigh_M_Harris@comcast.net,Shaeleigh_M_Harris@comcast.net,43359,0,
03/15/2010 11:14:51,SMH0291,PC-3571,Elaine.Sonya.Hughes@dtaa.com,Shaeleigh.MacKenzie.Harris@dtaa.com,,Shaeleigh.MacKenzie.Harris@dtaa.com,36240,0,
03/16/2010 17:03:42,SMH0291,PC-3571,Duran-Grady@verizon.net;Solomon_Sandra@gmail.com;Nevada-Ortega@comcast.net;SEB11@gmail.com,Ivory_L_Rogers@aol.com;Shaeleigh_M_Harris@comcast.net,,Shaeleigh_M_Harris@comcast.net,23316,5,
03/17/2010 17:58:41,SMH0291,PC-3571,Flynn.Edward.Brennan@dtaa.com,,Shaeleigh.MacKenzie.Harris@dtaa.com,Shaeleigh.MacKenzie.Harris@dtaa.com,29778,0,
03/18/2010 12:47:19,SMH0291,PC-3571,Irene_Meyers@juno.com,Gutierrez-Aaron@optonline.net,Shaeleigh_M_Harris@comcast.net,Shaeleigh_M_Harris@comcast.net,21077,0,
03/19/2010 12:34:06,SMH0291,PC-3571,Irene.Jemima.Meyers@dtaa.com,,Shaeleigh.MacKenzie.Harris@dtaa.com,Shaeleigh.MacKenzie.Harris@dtaa.com,21124,0,
03/20/2010 14:14:13,SMH0291,PC-3571,Teegan.Jillian.Burris@dtaa.com;Beck.John.Peters@dtaa.com,Chiquita.Linda.Stokes@dtaa.com;Shaeleigh.MacKenzie.Harris@dtaa.com,,Shaeleigh.MacKenzie.Harris@dtaa.com,26096,0,
03/21/2010 12:02:31,SMH0291,PC-3571,Scott.Gary.Burks@dtaa.com,Irene.Jemima.Meyers@dtaa.com,Shaeleigh.MacKenzie.Harris@dtaa.com,Shaeleigh.MacKenzie.Harris@dtaa.com,31246,0,
03/22/2010 14:35:24,SMH0291,PC-3571,Jorden_H_Pierce@earthlink.net,,Shaeleigh_M_Harris@comcast.net,Shaeleigh_M_Harris@comcast.net,21072,0,
03/23/2010 10:58:16,SMH0291,PC-3571,Hakeem.Stephen.Peck@dtaa.com;Jane.Justina.Hunt@dtaa.com,Shaeleigh.MacKenzie.Harris@dtaa.com,,Shaeleigh.MacKenzie.Harris@dtaa.com,14699,0,
03/24/2010 15:59:15,SMH0291,PC-3571,Duran-Grady@verizon.net,,Shaeleigh_M_Harris@comcast.net,Shaeleigh_M_Harris@comcast.net,35577,0,
03/25/2010 12:02:22,SMH0291,PC-3571,Cheyenne-Dickerson@gmail.com,,Shaeleigh_M_Harris@comcast.net,Shaeleigh_M_Harris@comcast.net,53021,0,
03/26/2010 16:38:33,SMH0291,PC-3571,BJP81@msn.com,Shaeleigh_M_Harris@comcast.net,,Shaeleigh_M_Harris@comcast.net,30696,0,
03/27/2010 15:13:12,SMH0291,PC-3571,Scott.Gary.Burks@dtaa.com;Zena.Sigourney.Langley@dtaa.com;Nevada.Leilani.Ortega@dtaa.com,Cameran_Sanford@boeing.com;Shaeleigh.MacKenzie.Harris@dtaa.com,,Shaeleigh.MacKenzie.Harris@dtaa.com,48041,0,
03/28/2010 16:46:16,SMH0291,PC-3571,Irene.Jemima.Meyers@dtaa.com,Zena.Sigourney.Langley@dtaa.com,Shaeleigh.MacKenzie.Harris@dtaa.com,Shaeleigh.MacKenzie.Harris@dtaa.com,43064,0,
03/30/2010 11:10:57,SMH0291,PC-3571,BJP81@msn.com,,Shaeleigh_M_Harris@comcast.net,Shaeleigh_M_Harris@comcast.net,13418,0,
03/31/2010 10:50:33,SMH0291,PC-3571,Carroll-Timothy@comcast.net;EGD681@comcast.net;Brennan-Flynn@yahoo.com;Irene_Meyers@juno.com,Shaeleigh_M_Harris@comcast.net,,Shaeleigh_M_Harris@comcast.net,22008,0,
04/01/2010 13:56:03,SMH0291,PC-3571,Timothy.Arthur.Carroll@dtaa.com,,Shaeleigh.MacKenzie.Harris@dtaa.com,Shaeleigh.MacKenzie.Harris@dtaa.com,29152,0,
04/02/2010 15:43:47,SMH0291,PC-3571,Jane.Justina.Hunt@dtaa.com,SEB658@raytheon.com;Shaeleigh.MacKenzie.Harris@dtaa.com,,Shaeleigh.MacKenzie.Harris@dtaa.com,25531,0,
04/03/2010 10:56:27,SMH0291,PC-3571,Mariko.Olga.Snyder@dtaa.com,,Shaeleigh.MacKenzie.Harris@dtaa.com,Shaeleigh.MacKenzie.Harris@dtaa.com,21085,0,
04/04/2010 09:45:56,SMH0291,PC-3571,PNL7@netzero.com,Shaeleigh_M_Harris@comcast.net,,Shaeleigh_M_Harris@comcast.net,17975,0,
04/06/2010 17:50:03,SMH0291,PC-3571,Cailin.Casey.Mckee@dtaa.com;Noel.Reagan.Foster@dtaa.com;Philip.Nathan.Logan@dtaa.com,Zena.Sigourney.Langley@dtaa.com;Elaine.Sonya.Hughes@dtaa.com;Shaeleigh.MacKenzie.Harris@dtaa.com,,Shaeleigh.MacKenzie.Harris@dtaa.com,16063,0,
04/07/2010 16:53:18,SMH0291,PC-3571,Talon.I.Ware@comcast.net,,Shaeleigh_M_Harris@comcast.net,Shaeleigh_M_Harris@comcast.net,21804,0,
04/08/2010 13:50:09,SMH0291,PC-3571,HSP9@cox.net,SEB11@gmail.com;Shaeleigh_M_Harris@comcast.net,,Shaeleigh_M_Harris@comcast.net,30203,0,
04/10/2010 15:32:38,SMH0291,PC-3571,Sasha_Quinn@aol.com,Cameran_Sanford@optonline.net,Shaeleigh_M_Harris@comcast.net,Shaeleigh_M_Harris@comcast.net,21797,0,
04/11/2010 14:39:42,SMH0291,PC-3571,CKP523@earthlink.net;Kirk_Joyce@msn.com,Shannon_Price@juno.com;Talon.I.Ware@comcast.net,Shaeleigh_M_Harris@comcast.net,Shaeleigh_M_Harris@comcast.net,26523,0,
04/12/2010 12:48:17,SMH0291,PC-3571,Philip.Nathan.Logan@dtaa.com;Camille.Julie.Freeman@dtaa.com,,Shaeleigh.MacKenzie.Harris@dtaa.com,Shaeleigh.MacKenzie.Harris@dtaa.com,33036,0,
04/13/2010 10:15:58,SMH0291,PC-3571,Irene_Meyers@juno.com,,Shaeleigh_M_Harris@comcast.net,Shaeleigh_M_Harris@comcast.net,23345,0,
04/14/2010 14:14:55,SMH0291,PC-3571,Chiquita.Linda.Stokes@dtaa.com;Kirk.Jakeem.Joyce@dtaa.com;Flynn.Edward.Brennan@dtaa.com;SEB658@raytheon.com,Noel.Reagan.Foster@dtaa.com;Shaeleigh.MacKenzie.Harris@dtaa.com,,Shaeleigh.MacKenzie.Harris@dtaa.com,51261,2,
04/15/2010 16:44:40,SMH0291,PC-3571,Jane.Justina.Hunt@dtaa.com;SEB658@raytheon.com,,Shaeleigh.MacKenzie.Harris@dtaa.com,Shaeleigh.MacKenzie.Harris@dtaa.com,38924,0,
04/16/2010 11:32:33,SMH0291,PC-3571,Joel.K.Mccarty@earthlink.net;SGB58@hotmail.com,HSP9@cox.net;Merrill-Colorado@gmail.com;Shaeleigh_M_Harris@comcast.net,,Shaeleigh_M_Harris@comcast.net,27446,0,
04/17/2010 16:39:06,SMH0291,PC-3571,Nevada.Leilani.Ortega@dtaa.com;Colorado.Joel.Merrill@dtaa.com;Daryl_Walker@northropgrumman.com,Shaeleigh.MacKenzie.Harris@dtaa.com,,Shaeleigh.MacKenzie.Harris@dtaa.com,36444,0,
04/18/2010 13:14:04,SMH0291,PC-3571,SEB658@raytheon.com,,Shaeleigh.MacKenzie.Harris@dtaa.com,Shaeleigh.MacKenzie.Harris@dtaa.com,30468,0,
04/19/2010 15:18:09,SMH0291,PC-3571,Kirk.Jakeem.Joyce@dtaa.com,,Shaeleigh.MacKenzie.Harris@dtaa.com,Shaeleigh.MacKenzie.Harris@dtaa.com,22636,0,
04/20/2010 10:14:45,SMH0291,PC-3571,Kirk.Jakeem.Joyce@dtaa.com,Shaeleigh.MacKenzie.Harris@dtaa.com,,Shaeleigh.MacKenzie.Harris@dtaa.com,31143,0,
04/21/2010 10:33:58,SMH0291,PC-3571,Aaron.Porter.Gutierrez@dtaa.com;Grady.Jordan.Duran@dtaa.com;Elaine.Sonya.Hughes@dtaa.com;Foley-Dillon@lockheedmartin.com,Talon.Ian.Ware@dtaa.com;Shaeleigh.MacKenzie.Harris@dtaa.com,,Shaeleigh.MacKenzie.Harris@dtaa.com,19653,0,
04/22/2010 16:30:58,SMH0291,PC-3571,Kirk.Jakeem.Joyce@dtaa.com,Ivory.Leandra.Rogers@dtaa.com;Piper.Sasha.Fuentes@dtaa.com,Shaeleigh.MacKenzie.Harris@dtaa.com,Shaeleigh.MacKenzie.Harris@dtaa.com,23120,0,
04/23/2010 09:23:02,SMH0291,PC-3571,Ivory.Leandra.Rogers@dtaa.com,,Shaeleigh.MacKenzie.Harris@dtaa.com,Shaeleigh.MacKenzie.Harris@dtaa.com,46917,0,
04/24/2010 11:29:52,SMH0291,PC-3571,Flynn.Edward.Brennan@dtaa.com,Shaeleigh.MacKenzie.Harris@dtaa.com,,Shaeleigh.MacKenzie.Harris@dtaa.com,24738,1,
04/25/2010 10:54:48,SMH0291,PC-3571,Francis.Brian.Armstrong@dtaa.com;Tyler.Eden.Talley@dtaa.com,,Shaeleigh.MacKenzie.Harris@dtaa.com,Shaeleigh.MacKenzie.Harris@dtaa.com,32560,0,
04/26/2010 11:58:28,SMH0291,PC-3571,Philip.Nathan.Logan@dtaa.com,Beck.John.Peters@dtaa.com,Shaeleigh.MacKenzie.Harris@dtaa.com,Shaeleigh.MacKenzie.Harris@dtaa.com,51730,0,
04/27/2010 10:47:16,SMH0291,PC-3571,Ivory.Leandra.Rogers@dtaa.com;Noah.Nathan.Shaffer@dtaa.com;Cameran_Sanford@boeing.com,,Shaeleigh.MacKenzie.Harris@dtaa.com,Shaeleigh.MacKenzie.Harris@dtaa.com,35223,1,
04/28/2010 09:28:19,SMH0291,PC-3571,Cailin.Casey.Mckee@dtaa.com,,Shaeleigh.MacKenzie.Harris@dtaa.com,Shaeleigh.MacKenzie.Harris@dtaa.com,26108,0,
04/29/2010 17:21:37,SMH0291,PC-3571,Colorado.Joel.Merrill@dtaa.com;Aaron.Porter.Gutierrez@dtaa.com,Shaeleigh.MacKenzie.Harris@dtaa.com,,Shaeleigh.MacKenzie.Harris@dtaa.com,21838,0,
04/30/2010 11:19:39,SMH0291,PC-3571,Joel.Kennan.Mccarty@dtaa.com;Cailin.Casey.Mckee@dtaa.com;Alana.C.Morton@hp.com,,Shaeleigh.MacKenzie.Harris@dtaa.com,Shaeleigh.MacKenzie.Harris@dtaa.com,36997,0,
05/01/2010 11:07:52,SMH0291,PC-3571,Scott.Gary.Burks@dtaa.com;Elaine.Sonya.Hughes@dtaa.com,,Shaeleigh.MacKenzie.Harris@dtaa.com,Shaeleigh.MacKenzie.Harris@dtaa.com,37968,0,
05/02/2010 11:03:09,SMH0291,PC-3571,Chiquita.Linda.Stokes@dtaa.com;Timothy.Arthur.Carroll@dtaa.com;SEB658@raytheon.com,Shaeleigh.MacKenzie.Harris@dtaa.com,,Shaeleigh.MacKenzie.Harris@dtaa.com,28952,0,
05/03/2010 11:56:55,SMH0291,PC-3571,Eric.Gray.Duncan@dtaa.com,,Shaeleigh.MacKenzie.Harris@dtaa.com,Shaeleigh.MacKenzie.Harris@dtaa.com,49586,0,
05/04/2010 08:59:13,SMH0291,PC-3571,Gutierrez-Aaron@optonline.net,Shaeleigh_M_Harris@comcast.net,,Shaeleigh_M_Harris@comcast.net,33400,0,
05/05/2010 15:36:23,SMH0291,PC-3571,Kirk_Joyce@msn.com,Shaeleigh_M_Harris@comcast.net,,Shaeleigh_M_Harris@comcast.net,28655,0,
05/06/2010 10:11:35,SMH0291,PC-3571,Noble.Clinton.Klein@dtaa.com,Shaeleigh.MacKenzie.Harris@dtaa.com,,Shaeleigh.MacKenzie.Harris@dtaa.com,35161,0,
05/07/2010 09:06:27,SMH0291,PC-3571,Idola_Haley@yahoo.com;PNL7@netzero.com;NCK51@juno.com,Gutierrez-Aaron@optonline.net;Shaeleigh_M_Harris@comcast.net,,Shaeleigh_M_Harris@comcast.net,46386,0,
05/08/2010 14:51:20,SMH0291,PC-3571,Walker-Pruitt@boeing.com;Hinton_Barbara@raytheon.com,Shaeleigh.MacKenzie.Harris@dtaa.com,,Shaeleigh.MacKenzie.Harris@dtaa.com,31842,0,
05/09/2010 12:12:52,SMH0291,PC-3571,Joel.Kennan.Mccarty@dtaa.com;Piper.Sasha.Fuentes@dtaa.com;Timothy.Arthur.Carroll@dtaa.com;Kirk.Jakeem.Joyce@dtaa.com,Irene.Jemima.Meyers@dtaa.com,Shaeleigh.MacKenzie.Harris@dtaa.com,Shaeleigh.MacKenzie.Harris@dtaa.com,22854,0,
05/10/2010 16:13:03,SMH0291,PC-3571,SGB58@hotmail.com,,Shaeleigh_M_Harris@comcast.net,Shaeleigh_M_Harris@comcast.net,51771,0,
05/11/2010 12:18:50,SMH0291,PC-3571,Jena.Chanda.Rollins@dtaa.com;SEB658@raytheon.com,Ivory.Leandra.Rogers@dtaa.com;Shaeleigh.MacKenzie.Harris@dtaa.com,,Shaeleigh.MacKenzie.Harris@dtaa.com,19145,0,
05/12/2010 17:26:26,SMH0291,PC-3571,Brennan-Flynn@yahoo.com,Duran-Grady@verizon.net,Shaeleigh_M_Harris@comcast.net,Shaeleigh_M_Harris@comcast.net,38317,0,
05/13/2010 11:21:33,SMH0291,PC-3571,Albert.Mohammad.Joseph@dtaa.com,,Shaeleigh.MacKenzie.Harris@dtaa.com,Shaeleigh.MacKenzie.Harris@dtaa.com,31499,0,
05/14/2010 11:34:12,SMH0291,PC-3571,Ivory.Leandra.Rogers@dtaa.com,Shaeleigh.MacKenzie.Harris@dtaa.com,,Shaeleigh.MacKenzie.Harris@dtaa.com,38500,0,
05/15/2010 11:14:59,SMH0291,PC-3571,Carroll-Timothy@comcast.net;Merrill-Colorado@gmail.com,Shaeleigh_M_Harris@comcast.net,,Shaeleigh_M_Harris@comcast.net,32372,0,
05/16/2010 12:03:22,SMH0291,PC-3571,Ivory.Leandra.Rogers@dtaa.com;Idola.Carly.Haley@dtaa.com;Genevieve.Hyacinth.Head@dtaa.com;Albert.Mohammad.Joseph@dtaa.com,,Shaeleigh.MacKenzie.Harris@dtaa.com,Shaeleigh.MacKenzie.Harris@dtaa.com,30824,0,
05/17/2010 10:56:52,SMH0291,PC-3571,Talon.Ian.Ware@dtaa.com,,Shaeleigh.MacKenzie.Harris@dtaa.com,Shaeleigh.MacKenzie.Harris@dtaa.com,22786,0,
05/18/2010 16:26:10,SMH0291,PC-3571,Idola.Carly.Haley@dtaa.com,Shaeleigh.MacKenzie.Harris@dtaa.com,,Shaeleigh.MacKenzie.Harris@dtaa.com,27299,0,
05/19/2010 12:18:12,SMH0291,PC-3571,Elaine.Sonya.Hughes@dtaa.com;Scott.Gary.Burks@dtaa.com;Teegan.Jillian.Burris@dtaa.com,Irene.Jemima.Meyers@dtaa.com;Idola.Carly.Haley@dtaa.com;Shaeleigh.MacKenzie.Harris@dtaa.com,,Shaeleigh.MacKenzie.Harris@dtaa.com,40035,0,
05/20/2010 12:08:47,SMH0291,PC-3571,Philip.Nathan.Logan@dtaa.com,Shaeleigh.MacKenzie.Harris@dtaa.com,,Shaeleigh.MacKenzie.Harris@dtaa.com,20859,0,
05/21/2010 10:18:38,SMH0291,PC-3571,Irene_Meyers@juno.com,Shaeleigh_M_Harris@comcast.net,,Shaeleigh_M_Harris@comcast.net,47587,0,
05/22/2010 14:04:24,SMH0291,PC-3571,Kirk_Joyce@msn.com,,Shaeleigh_M_Harris@comcast.net,Shaeleigh_M_Harris@comcast.net,21067,0,
05/23/2010 09:11:56,SMH0291,PC-3571,Colorado.Joel.Merrill@dtaa.com,Shaeleigh.MacKenzie.Harris@dtaa.com,,Shaeleigh.MacKenzie.Harris@dtaa.com,15945,0,
05/24/2010 10:12:55,SMH0291,PC-3571,SEB658@raytheon.com,Shaeleigh.MacKenzie.Harris@dtaa.com,,Shaeleigh.MacKenzie.Harris@dtaa.com,27954,0,
05/25/2010 15:48:01,SMH0291,PC-3571,Spears-Mufutau@yahoo.com,Shaeleigh_M_Harris@comcast.net,,Shaeleigh_M_Harris@comcast.net,23506,0,
05/26/2010 17:05:17,SMH0291,PC-3571,Elaine_Hughes@aol.com,Shaeleigh_M_Harris@comcast.net,,Shaeleigh_M_Harris@comcast.net,23330,0,
05/27/2010 11:32:15,SMH0291,PC-3571,Shannon.Chantale.Price@dtaa.com,Shaeleigh.MacKenzie.Harris@dtaa.com,,Shaeleigh.MacKenzie.Harris@dtaa.com,18102,2,
05/28/2010 17:20:37,SMH0291,PC-3571,Scott.Gary.Burks@dtaa.com,Shaeleigh.MacKenzie.Harris@dtaa.com,,Shaeleigh.MacKenzie.Harris@dtaa.com,34567,0,
05/29/2010 09:05:48,SMH0291,PC-3571,Noel_Foster@netzero.com;Ivory_L_Rogers@aol.com,Hinton_Barbara@netzero.com;Shaeleigh_M_Harris@comcast.net,,Shaeleigh_M_Harris@comcast.net,19086,0,
05/31/2010 10:39:37,SMH0291,PC-3571,Hakeem.Stephen.Peck@dtaa.com,,Shaeleigh.MacKenzie.Harris@dtaa.com,Shaeleigh.MacKenzie.Harris@dtaa.com,34290,0,
06/01/2010 15:43:24,SMH0291,PC-3571,Brennan-Flynn@yahoo.com,,Shaeleigh_M_Harris@comcast.net,Shaeleigh_M_Harris@comcast.net,26338,0,
06/02/2010 17:21:24,SMH0291,PC-3571,Beck.John.Peters@dtaa.com,Shaeleigh.MacKenzie.Harris@dtaa.com,,Shaeleigh.MacKenzie.Harris@dtaa.com,22700,0,
06/03/2010 14:38:56,SMH0291,PC-3571,Idola.Carly.Haley@dtaa.com,Shaeleigh.MacKenzie.Harris@dtaa.com,,Shaeleigh.MacKenzie.Harris@dtaa.com,29494,0,
06/04/2010 17:41:09,SMH0291,PC-3571,Nevada-Ortega@comcast.net;EGD681@comcast.net,Merrill-Colorado@gmail.com;Cameran_Sanford@optonline.net;Shaeleigh_M_Harris@comcast.net,,Shaeleigh_M_Harris@comcast.net,31696,2,
06/05/2010 16:33:30,SMH0291,PC-3571,Zena.Sigourney.Langley@dtaa.com,,Shaeleigh.MacKenzie.Harris@dtaa.com,Shaeleigh.MacKenzie.Harris@dtaa.com,27855,0,
06/06/2010 13:29:27,SMH0291,PC-3571,SGB58@hotmail.com;Priscilla_Vinson@comcast.net;PNL7@netzero.com,Shaeleigh_M_Harris@comcast.net,,Shaeleigh_M_Harris@comcast.net,18306,0,
06/07/2010 11:40:19,SMH0291,PC-3571,Joel.Kennan.Mccarty@dtaa.com,,Shaeleigh.MacKenzie.Harris@dtaa.com,Shaeleigh.MacKenzie.Harris@dtaa.com,32794,0,
06/08/2010 14:34:18,SMH0291,PC-3571,Genevieve_Head@bellsouth.net;Brennan-Flynn@yahoo.com;Albert-Joseph@yahoo.com;Ivory_L_Rogers@aol.com,Shaeleigh_M_Harris@comcast.net,,Shaeleigh_M_Harris@comcast.net,31676,1,
06/09/2010 13:15:26,SMH0291,PC-3571,Idola.Carly.Haley@dtaa.com;Shannon.Chantale.Price@dtaa.com,,Shaeleigh.MacKenzie.Harris@dtaa.com,Shaeleigh.MacKenzie.Harris@dtaa.com,29112,0,
06/10/2010 09:03:19,SMH0291,PC-3571,Albert-Joseph@yahoo.com,Shaeleigh_M_Harris@comcast.net,,Shaeleigh_M_Harris@comcast.net,44692,0,
06/11/2010 10:45:18,SMH0291,PC-3571,Nevada.Leilani.Ortega@dtaa.com;Hakeem.Stephen.Peck@dtaa.com;Eric.Gray.Duncan@dtaa.com;Noel.Reagan.Foster@dtaa.com,Brianna.Rebecca.Mcintyre@dtaa.com;Shaeleigh.MacKenzie.Harris@dtaa.com,,Shaeleigh.MacKenzie.Harris@dtaa.com,24837,3,
06/12/2010 10:39:24,SMH0291,PC-3571,Philip.Nathan.Logan@dtaa.com,,Shaeleigh.MacKenzie.Harris@dtaa.com,Shaeleigh.MacKenzie.Harris@dtaa.com,28540,0,
06/13/2010 16:11:58,SMH0291,PC-3571,Shannon_Price@juno.com;BJP81@msn.com,Shaeleigh_M_Harris@comcast.net,,Shaeleigh_M_Harris@comcast.net,46628,0,
06/14/2010 08:54:22,SMH0291,PC-3571,Nevada.Leilani.Ortega@dtaa.com;Teegan.Jillian.Burris@dtaa.com;Grady.Jordan.Duran@dtaa.com,Spears-Mufutau@northropgrumman.com;Shaeleigh.MacKenzie.Harris@dtaa.com,,Shaeleigh.MacKenzie.Harris@dtaa.com,36665,0,
06/15/2010 13:13:43,SMH0291,PC-3571,Elaine.Sonya.Hughes@dtaa.com,,Shaeleigh.MacKenzie.Harris@dtaa.com,Shaeleigh.MacKenzie.Harris@dtaa.com,21792,0,
06/16/2010 12:14:02,SMH0291,PC-3571,Hakeem.Stephen.Peck@dtaa.com;Nevada.Leilani.Ortega@dtaa.com,Jane.Justina.Hunt@dtaa.com;Noble.Clinton.Klein@dtaa.com;Shaeleigh.MacKenzie.Harris@dtaa.com,,Shaeleigh.MacKenzie.Harris@dtaa.com,24693,0,
06/17/2010 11:30:07,SMH0291,PC-3571,Nehru.Cyrus.Everett@dtaa.com,Shaeleigh.MacKenzie.Harris@dtaa.com,,Shaeleigh.MacKenzie.Harris@dtaa.com,28566,0,
06/18/2010 10:16:28,SMH0291,PC-3571,Philip.Nathan.Logan@dtaa.com;Nevada.Leilani.Ortega@dtaa.com;Ella.Cassandra.Rivera@dtaa.com,Shaeleigh.MacKenzie.Harris@dtaa.com,,Shaeleigh.MacKenzie.Harris@dtaa.com,25655,1,
06/19/2010 15:56:20,SMH0291,PC-3571,Cailin.Casey.Mckee@dtaa.com,,Shaeleigh.MacKenzie.Harris@dtaa.com,Shaeleigh.MacKenzie.Harris@dtaa.com,20804,0,
06/21/2010 10:57:13,SMH0291,PC-3571,Noel.Reagan.Foster@dtaa.com,,Shaeleigh.MacKenzie.Harris@dtaa.com,Shaeleigh.MacKenzie.Harris@dtaa.com,43055,0,
06/22/2010 11:25:30,SMH0291,PC-3571,Zena.Sigourney.Langley@dtaa.com;Philip.Nathan.Logan@dtaa.com,Aaron.Porter.Gutierrez@dtaa.com;Shaeleigh.MacKenzie.Harris@dtaa.com,,Shaeleigh.MacKenzie.Harris@dtaa.com,38200,0,
06/24/2010 10:00:27,SMH0291,PC-3571,Zena.Sigourney.Langley@dtaa.com,,Shaeleigh.MacKenzie.Harris@dtaa.com,Shaeleigh.MacKenzie.Harris@dtaa.com,30777,0,
06/25/2010 14:48:48,SMH0291,PC-3571,Chiquita.L.Stokes@juno.com,Shaeleigh_M_Harris@comcast.net,,Shaeleigh_M_Harris@comcast.net,41273,0,
06/26/2010 14:22:20,SMH0291,PC-3571,Philip.Nathan.Logan@dtaa.com,Shaeleigh.MacKenzie.Harris@dtaa.com,,Shaeleigh.MacKenzie.Harris@dtaa.com,32667,0,
06/28/2010 13:57:55,SMH0291,PC-3571,Anastasia_Kaufman@aol.com;Kirk_Joyce@msn.com,Shaeleigh_M_Harris@comcast.net,,Shaeleigh_M_Harris@comcast.net,19862,0,
06/29/2010 12:55:57,SMH0291,PC-3571,Gutierrez-Aaron@optonline.net,Shaeleigh_M_Harris@comcast.net,,Shaeleigh_M_Harris@comcast.net,33196,0,
06/30/2010 17:47:56,SMH0291,PC-3571,Irene.Jemima.Meyers@dtaa.com,Shaeleigh.MacKenzie.Harris@dtaa.com,,Shaeleigh.MacKenzie.Harris@dtaa.com,17768,0,
07/01/2010 16:14:18,SMH0291,PC-3571,Jane.Justina.Hunt@dtaa.com,Shaeleigh.MacKenzie.Harris@dtaa.com,,Shaeleigh.MacKenzie.Harris@dtaa.com,31936,0,
07/02/2010 09:13:14,SMH0291,PC-3571,Nora_Bauer@charter.net,Shaeleigh_M_Harris@comcast.net,,Shaeleigh_M_Harris@comcast.net,21328,1,
07/03/2010 09:30:59,SMH0291,PC-3571,Beck.John.Peters@dtaa.com,Shaeleigh.MacKenzie.Harris@dtaa.com,,Shaeleigh.MacKenzie.Harris@dtaa.com,42553,0,
07/06/2010 16:35:51,SMH0291,PC-3571,Grady.Jordan.Duran@dtaa.com,Shaeleigh.MacKenzie.Harris@dtaa.com,,Shaeleigh.MacKenzie.Harris@dtaa.com,34991,0,
07/07/2010 09:46:30,SMH0291,PC-3571,Genevieve.Hyacinth.Head@dtaa.com,,Shaeleigh.MacKenzie.Harris@dtaa.com,Shaeleigh.MacKenzie.Harris@dtaa.com,32250,0,
07/08/2010 15:15:04,SMH0291,PC-3571,Teegan-Burris@verizon.net;Talon.I.Ware@comcast.net,Shaeleigh_M_Harris@comcast.net,,Shaeleigh_M_Harris@comcast.net,29107,0,
07/09/2010 14:16:41,SMH0291,PC-3571,Shannon.Chantale.Price@dtaa.com,Shaeleigh.MacKenzie.Harris@dtaa.com,,Shaeleigh.MacKenzie.Harris@dtaa.com,17176,0,
07/10/2010 16:47:28,SMH0291,PC-3571,PNL7@netzero.com,Duran-Grady@verizon.net;HSP9@cox.net;Piper-Fuentes@yahoo.com;Shaeleigh_M_Harris@comcast.net,,Shaeleigh_M_Harris@comcast.net,24268,0,
07/11/2010 11:32:56,SMH0291,PC-3571,Genevieve.Hyacinth.Head@dtaa.com;Teegan.Jillian.Burris@dtaa.com;Chiquita.Linda.Stokes@dtaa.com,Stephanie.Victoria.Lyons@dtaa.com;Hakeem.Stephen.Peck@dtaa.com,Shaeleigh.MacKenzie.Harris@dtaa.com,Shaeleigh.MacKenzie.Harris@dtaa.com,21215,0,
07/12/2010 09:21:28,SMH0291,PC-3571,Noble.Clinton.Klein@dtaa.com;Talon.Ian.Ware@dtaa.com;Nevada.Leilani.Ortega@dtaa.com;Teegan.Jillian.Burris@dtaa.com,Timothy.Arthur.Carroll@dtaa.com,Shaeleigh.MacKenzie.Harris@dtaa.com,Shaeleigh.MacKenzie.Harris@dtaa.com,19368,5,
07/13/2010 09:06:30,SMH0291,PC-3571,Cecilia.Freya.Morgan@dtaa.com,Shaeleigh.MacKenzie.Harris@dtaa.com,,Shaeleigh.MacKenzie.Harris@dtaa.com,28406,0,
07/14/2010 16:55:11,SMH0291,PC-3571,Cailin.Casey.Mckee@dtaa.com;Geoffrey.Jin.Tucker@dtaa.com,Shaeleigh.MacKenzie.Harris@dtaa.com,,Shaeleigh.MacKenzie.Harris@dtaa.com,23906,0,
07/15/2010 08:58:12,SMH0291,PC-3571,Gutierrez-Aaron@optonline.net;SGB58@hotmail.com,,Shaeleigh_M_Harris@comcast.net,Shaeleigh_M_Harris@comcast.net,38661,0,
07/16/2010 10:15:16,SMH0291,PC-3571,Jane.Justina.Hunt@dtaa.com;Eric.Gray.Duncan@dtaa.com,,Shaeleigh.MacKenzie.Harris@dtaa.com,Shaeleigh.MacKenzie.Harris@dtaa.com,24099,0,
07/19/2010 14:45:45,SMH0291,PC-3571,Eric.Gray.Duncan@dtaa.com,,Shaeleigh.MacKenzie.Harris@dtaa.com,Shaeleigh.MacKenzie.Harris@dtaa.com,21740,0,
07/20/2010 15:14:40,SMH0291,PC-3571,Ivory_L_Rogers@aol.com,Shaeleigh_M_Harris@comcast.net,,Shaeleigh_M_Harris@comcast.net,13601,0,
07/21/2010 15:11:06,SMH0291,PC-3571,Bell_Martinez@verizon.net,Shaeleigh_M_Harris@comcast.net,,Shaeleigh_M_Harris@comcast.net,38321,0,
07/22/2010 08:56:02,SMH0291,PC-3571,Chiquita.L.Stokes@juno.com;Carroll-Timothy@comcast.net,TLH9998@optonline.net;JCR6477@charter.net;Teegan-Burris@verizon.net;Shaeleigh_M_Harris@comcast.net,,Shaeleigh_M_Harris@comcast.net,33412,1,
07/23/2010 13:04:31,SMH0291,PC-3571,Albert.Mohammad.Joseph@dtaa.com;Nathan.Kenneth.Hicks@dtaa.com;Timothy.Arthur.Carroll@dtaa.com;Hakeem.Stephen.Peck@dtaa.com,Shaeleigh.MacKenzie.Harris@dtaa.com,,Shaeleigh.MacKenzie.Harris@dtaa.com,39255,0,
07/24/2010 18:07:53,SMH0291,PC-3571,Grady.Jordan.Duran@dtaa.com;Flynn.Edward.Brennan@dtaa.com,Zena.Sigourney.Langley@dtaa.com,Shaeleigh.MacKenzie.Harris@dtaa.com,Shaeleigh.MacKenzie.Harris@dtaa.com,47816,0,
07/25/2010 15:07:29,SMH0291,PC-3571,Albert.Mohammad.Joseph@dtaa.com,,Shaeleigh.MacKenzie.Harris@dtaa.com,Shaeleigh.MacKenzie.Harris@dtaa.com,50826,0,
07/26/2010 13:37:03,SMH0291,PC-3571,Noel_Foster@netzero.com;Albert-Joseph@yahoo.com,Genevieve_Head@bellsouth.net;Shaeleigh_M_Harris@comcast.net,,Shaeleigh_M_Harris@comcast.net,29610,0,
07/27/2010 17:50:45,SMH0291,PC-3571,Talon.I.Ware@comcast.net;Spears-Mufutau@yahoo.com,,Shaeleigh_M_Harris@comcast.net,Shaeleigh_M_Harris@comcast.net,26217,0,
07/28/2010 17:18:48,SMH0291,PC-3571,Grady.Jordan.Duran@dtaa.com,Zena.Sigourney.Langley@dtaa.com;Shaeleigh.MacKenzie.Harris@dtaa.com,,Shaeleigh.MacKenzie.Harris@dtaa.com,24193,0,
07/29/2010 09:15:28,SMH0291,PC-3571,Flynn.Edward.Brennan@dtaa.com,,Shaeleigh.MacKenzie.Harris@dtaa.com,Shaeleigh.MacKenzie.Harris@dtaa.com,25873,0,
07/30/2010 15:36:56,SMH0291,PC-3571,BJP81@msn.com;HSP9@cox.net;Duran-Grady@verizon.net,Shaeleigh_M_Harris@comcast.net,,Shaeleigh_M_Harris@comcast.net,29805,0,
08/02/2010 10:57:46,SMH0291,PC-3571,Hakeem.Stephen.Peck@dtaa.com,,Shaeleigh.MacKenzie.Harris@dtaa.com,Shaeleigh.MacKenzie.Harris@dtaa.com,48773,0,
08/03/2010 16:09:41,SMH0291,PC-3571,Albert-Joseph@yahoo.com,Shaeleigh_M_Harris@comcast.net,,Shaeleigh_M_Harris@comcast.net,15435,0,
08/04/2010 12:25:15,SMH0291,PC-3571,Ivory.Leandra.Rogers@dtaa.com,Shaeleigh.MacKenzie.Harris@dtaa.com,,Shaeleigh.MacKenzie.Harris@dtaa.com,32749,1,
08/05/2010 17:21:34,SMH0291,PC-3571,Hakeem.Stephen.Peck@dtaa.com,Noel.Reagan.Foster@dtaa.com;Shaeleigh.MacKenzie.Harris@dtaa.com,,Shaeleigh.MacKenzie.Harris@dtaa.com,18686,0,
08/06/2010 14:24:40,SMH0291,PC-3571,Lilah.R.Wagner@bellsouth.net,Irene_Meyers@juno.com;Shaeleigh_M_Harris@comcast.net,,Shaeleigh_M_Harris@comcast.net,15962,0,
08/07/2010 15:01:51,SMH0291,PC-3571,Joel.K.Mccarty@earthlink.net;NCK51@juno.com,,Shaeleigh_M_Harris@comcast.net,Shaeleigh_M_Harris@comcast.net,40088,0,
08/08/2010 15:50:30,SMH0291,PC-3571,Chiquita.Linda.Stokes@dtaa.com;Genevieve.Hyacinth.Head@dtaa.com;Hinton_Barbara@raytheon.com,Elaine.Sonya.Hughes@dtaa.com;Eric.Gray.Duncan@dtaa.com,Shaeleigh.MacKenzie.Harris@dtaa.com,Shaeleigh.MacKenzie.Harris@dtaa.com,44675,0,
08/09/2010 09:37:08,SMH0291,PC-3571,Albert-Joseph@yahoo.com,,Shaeleigh_M_Harris@comcast.net,Shaeleigh_M_Harris@comcast.net,38456,0,
08/10/2010 16:29:28,SMH0291,PC-3571,BJP81@msn.com,,Shaeleigh_M_Harris@comcast.net,Shaeleigh_M_Harris@comcast.net,38782,0,
08/11/2010 17:51:59,SMH0291,PC-3571,Mcdonald-Colby@hotmail.com,,Shaeleigh_M_Harris@comcast.net,Shaeleigh_M_Harris@comcast.net,22938,0,
08/12/2010 09:01:44,SMH0291,PC-3571,Nevada.Leilani.Ortega@dtaa.com,Shaeleigh.MacKenzie.Harris@dtaa.com,,Shaeleigh.MacKenzie.Harris@dtaa.com,37058,0,
08/13/2010 09:10:03,SMH0291,PC-3571,Halee.K.Rhodes@verizon.net,SMY4352@gmail.com;Shaeleigh_M_Harris@comcast.net,,Shaeleigh_M_Harris@comcast.net,25406,0,
08/14/2010 13:11:47,SMH0291,PC-3571,Shannon_Price@juno.com,Shaeleigh_M_Harris@comcast.net,,Shaeleigh_M_Harris@comcast.net,26645,0,
08/15/2010 13:44:35,SMH0291,PC-3571,Cailin.Casey.Mckee@dtaa.com,Joel.Kennan.Mccarty@dtaa.com;Cameran_Sanford@boeing.com,Shaeleigh.MacKenzie.Harris@dtaa.com,Shaeleigh.MacKenzie.Harris@dtaa.com,30431,0,
08/17/2010 11:06:56,SMH0291,PC-3571,Pruitt_Walker@bellsouth.net,Shaeleigh_M_Harris@comcast.net,,Shaeleigh_M_Harris@comcast.net,14596,0,
08/18/2010 10:54:43,SMH0291,PC-3571,Irene.Jemima.Meyers@dtaa.com,,Shaeleigh.MacKenzie.Harris@dtaa.com,Shaeleigh.MacKenzie.Harris@dtaa.com,19896,0,
08/19/2010 16:02:30,SMH0291,PC-3571,Timothy.Arthur.Carroll@dtaa.com;Grady.Jordan.Duran@dtaa.com,,Shaeleigh.MacKenzie.Harris@dtaa.com,Shaeleigh.MacKenzie.Harris@dtaa.com,22772,0,
08/20/2010 17:56:29,SMH0291,PC-3571,SGB58@hotmail.com;Genevieve_Head@bellsouth.net;MacKenzie.K.Stewart@charter.net,NCK51@juno.com;Carroll-Timothy@comcast.net;Shaeleigh_M_Harris@comcast.net,,Shaeleigh_M_Harris@comcast.net,43666,1,
08/21/2010 09:21:12,SMH0291,PC-3571,Eric.Gray.Duncan@dtaa.com,,Shaeleigh.MacKenzie.Harris@dtaa.com,Shaeleigh.MacKenzie.Harris@dtaa.com,36903,0,
08/22/2010 15:22:27,SMH0291,PC-3571,Cailin.Casey.Mckee@dtaa.com,Shaeleigh.MacKenzie.Harris@dtaa.com,,Shaeleigh.MacKenzie.Harris@dtaa.com,14931,1,
08/23/2010 16:33:49,SMH0291,PC-3571,Nevada-Ortega@comcast.net,Shaeleigh_M_Harris@comcast.net,,Shaeleigh_M_Harris@comcast.net,20208,1,
08/24/2010 14:35:03,SMH0291,PC-3571,Idola.Carly.Haley@dtaa.com,,Shaeleigh.MacKenzie.Harris@dtaa.com,Shaeleigh.MacKenzie.Harris@dtaa.com,58648,0,
08/25/2010 08:59:54,SMH0291,PC-3571,Hakeem.Stephen.Peck@dtaa.com;Shannon.Chantale.Price@dtaa.com;Spears-Mufutau@northropgrumman.com,,Shaeleigh.MacKenzie.Harris@dtaa.com,Shaeleigh.MacKenzie.Harris@dtaa.com,29762,1,
08/26/2010 13:05:36,SMH0291,PC-3571,Nevada-Ortega@comcast.net;Spears-Mufutau@yahoo.com,Shaeleigh_M_Harris@comcast.net,,Shaeleigh_M_Harris@comcast.net,26399,0,
08/27/2010 13:23:22,SMH0291,PC-3571,Chiquita.Linda.Stokes@dtaa.com,Caleb.Jonas.Chang@dtaa.com;Piper.Sasha.Fuentes@dtaa.com,Shaeleigh.MacKenzie.Harris@dtaa.com,Shaeleigh.MacKenzie.Harris@dtaa.com,34000,0,
08/28/2010 12:40:05,SMH0291,PC-3571,EGD681@comcast.net;Shannon_Price@juno.com;Joel.K.Mccarty@earthlink.net;JCR6477@charter.net,,Shaeleigh_M_Harris@comcast.net,Shaeleigh_M_Harris@comcast.net,30046,0,
08/29/2010 14:51:52,SMH0291,PC-3571,Aaron.Porter.Gutierrez@dtaa.com;Eric.Gray.Duncan@dtaa.com,,Shaeleigh.MacKenzie.Harris@dtaa.com,Shaeleigh.MacKenzie.Harris@dtaa.com,13248,0,
08/30/2010 13:30:44,SMH0291,PC-3571,Irene.Jemima.Meyers@dtaa.com;Talon.Ian.Ware@dtaa.com;Spears-Mufutau@northropgrumman.com,Colorado.Joel.Merrill@dtaa.com;Flynn.Edward.Brennan@dtaa.com;Shaeleigh.MacKenzie.Harris@dtaa.com,,Shaeleigh.MacKenzie.Harris@dtaa.com,47500,0,
08/31/2010 17:04:13,SMH0291,PC-3571,Chiquita.Linda.Stokes@dtaa.com;Kirk.Jakeem.Joyce@dtaa.com,Rogan.Chandler.Coffey@dtaa.com;Cheyenne.Kay.Dickerson@dtaa.com,Shaeleigh.MacKenzie.Harris@dtaa.com,Shaeleigh.MacKenzie.Harris@dtaa.com,25927,0,
09/01/2010 13:12:19,SMH0291,PC-3571,Zena.Sigourney.Langley@dtaa.com,Shaeleigh.MacKenzie.Harris@dtaa.com,,Shaeleigh.MacKenzie.Harris@dtaa.com,13939,0,
09/02/2010 12:06:27,SMH0291,PC-3571,Jane.Justina.Hunt@dtaa.com;Cailin.Casey.Mckee@dtaa.com;Hinton_Barbara@raytheon.com,,Shaeleigh.MacKenzie.Harris@dtaa.com,Shaeleigh.MacKenzie.Harris@dtaa.com,23870,0,
09/03/2010 17:21:36,SMH0291,PC-3571,Brennan-Flynn@yahoo.com;NCK51@juno.com;Jane.J.Hunt@msn.com,Gutierrez-Aaron@optonline.net;Bethany_Johnson@bellsouth.net;Shaeleigh_M_Harris@comcast.net,,Shaeleigh_M_Harris@comcast.net,22110,1,
09/04/2010 16:30:39,SMH0291,PC-3571,Jane.Justina.Hunt@dtaa.com;Noble.Clinton.Klein@dtaa.com,Shaeleigh.MacKenzie.Harris@dtaa.com,,Shaeleigh.MacKenzie.Harris@dtaa.com,12639,0,
09/05/2010 11:31:11,SMH0291,PC-3571,Kirk.Jakeem.Joyce@dtaa.com;Colorado.Joel.Merrill@dtaa.com;Elaine.Sonya.Hughes@dtaa.com;Chiquita.Linda.Stokes@dtaa.com,Kay.Alexa.Logan@dtaa.com,Shaeleigh.MacKenzie.Harris@dtaa.com,Shaeleigh.MacKenzie.Harris@dtaa.com,21460,0,
09/06/2010 09:27:15,SMH0291,PC-3571,Joel.K.Mccarty@earthlink.net,,Shaeleigh_M_Harris@comcast.net,Shaeleigh_M_Harris@comcast.net,37492,0,
09/07/2010 15:12:19,SMH0291,PC-3571,Idola_Haley@yahoo.com,Shaeleigh_M_Harris@comcast.net,,Shaeleigh_M_Harris@comcast.net,24500,0,
09/08/2010 13:44:11,SMH0291,PC-3571,Talon.Ian.Ware@dtaa.com,Shaeleigh.MacKenzie.Harris@dtaa.com,,Shaeleigh.MacKenzie.Harris@dtaa.com,19496,0,
09/09/2010 16:47:32,SMH0291,PC-3571,Genevieve.Hyacinth.Head@dtaa.com;Noel.Reagan.Foster@dtaa.com,Shaeleigh.MacKenzie.Harris@dtaa.com,,Shaeleigh.MacKenzie.Harris@dtaa.com,36555,0,
09/10/2010 13:33:27,SMH0291,PC-3571,Noel.Reagan.Foster@dtaa.com;Beck.John.Peters@dtaa.com,Albert.Mohammad.Joseph@dtaa.com;Kirk.Jakeem.Joyce@dtaa.com;Idola.Carly.Haley@dtaa.com,Shaeleigh.MacKenzie.Harris@dtaa.com,Shaeleigh.MacKenzie.Harris@dtaa.com,28994,4,
09/11/2010 15:30:37,SMH0291,PC-3571,Noel.Reagan.Foster@dtaa.com,,Shaeleigh.MacKenzie.Harris@dtaa.com,Shaeleigh.MacKenzie.Harris@dtaa.com,34228,0,
09/13/2010 09:05:54,SMH0291,PC-3571,Noble.Clinton.Klein@dtaa.com;Jane.Justina.Hunt@dtaa.com,,Shaeleigh.MacKenzie.Harris@dtaa.com,Shaeleigh.MacKenzie.Harris@dtaa.com,28258,0,
09/14/2010 16:36:43,SMH0291,PC-3571,Hollee_J_Bolton@harris.com,Shaeleigh.MacKenzie.Harris@dtaa.com,,Shaeleigh.MacKenzie.Harris@dtaa.com,42115,0,
09/15/2010 16:12:42,SMH0291,PC-3571,Hakeem.Stephen.Peck@dtaa.com;Talon.Ian.Ware@dtaa.com,,Shaeleigh.MacKenzie.Harris@dtaa.com,Shaeleigh.MacKenzie.Harris@dtaa.com,24354,0,
09/16/2010 10:59:42,SMH0291,PC-3571,Genevieve.Hyacinth.Head@dtaa.com;Jena.Chanda.Rollins@dtaa.com;Jane.Justina.Hunt@dtaa.com;Grady.Jordan.Duran@dtaa.com,Albert.Mohammad.Joseph@dtaa.com;Shaeleigh.MacKenzie.Harris@dtaa.com,,Shaeleigh.MacKenzie.Harris@dtaa.com,18773,1,
09/17/2010 17:45:05,SMH0291,PC-3571,Grady.Jordan.Duran@dtaa.com;Aaron.Porter.Gutierrez@dtaa.com;Noble.Clinton.Klein@dtaa.com;Cameran_Sanford@boeing.com,,Shaeleigh.MacKenzie.Harris@dtaa.com,Shaeleigh.MacKenzie.Harris@dtaa.com,36251,0,
09/19/2010 17:29:48,SMH0291,PC-3571,Holmes-Mcbride@earthlink.net,,Shaeleigh_M_Harris@comcast.net,Shaeleigh_M_Harris@comcast.net,27220,0,
09/20/2010 15:20:27,SMH0291,PC-3571,Kirk.Jakeem.Joyce@dtaa.com,Aaron.Porter.Gutierrez@dtaa.com,Shaeleigh.MacKenzie.Harris@dtaa.com,Shaeleigh.MacKenzie.Harris@dtaa.com,34943,0,
09/21/2010 12:39:55,SMH0291,PC-3571,Kirk_Joyce@msn.com,Shaeleigh_M_Harris@comcast.net,,Shaeleigh_M_Harris@comcast.net,28779,0,
09/22/2010 10:55:29,SMH0291,PC-3571,Sharon.Britanni.Kerr@dtaa.com;Nevada.Leilani.Ortega@dtaa.com;Phillips_Finn@hp.com,Timothy.Arthur.Carroll@dtaa.com;Hu.Akeem.Vincent@dtaa.com;Shaeleigh.MacKenzie.Harris@dtaa.com,,Shaeleigh.MacKenzie.Harris@dtaa.com,31906,0,
09/23/2010 17:00:19,SMH0291,PC-3571,EGD681@comcast.net,Shaeleigh_M_Harris@comcast.net,,Shaeleigh_M_Harris@comcast.net,21440,2,
09/24/2010 11:13:32,SMH0291,PC-3571,Chiquita.Linda.Stokes@dtaa.com,SEB658@raytheon.com,Shaeleigh.MacKenzie.Harris@dtaa.com,Shaeleigh.MacKenzie.Harris@dtaa.com,32210,0,
09/25/2010 17:33:42,SMH0291,PC-3571,NKH9@charter.net,Shaeleigh_M_Harris@comcast.net,,Shaeleigh_M_Harris@comcast.net,18933,0,
09/26/2010 08:57:11,SMH0291,PC-3571,Irene.Jemima.Meyers@dtaa.com;Elaine.Sonya.Hughes@dtaa.com,Kane.Quinlan.Stevenson@dtaa.com;Scott.Gary.Burks@dtaa.com,Shaeleigh.MacKenzie.Harris@dtaa.com,Shaeleigh.MacKenzie.Harris@dtaa.com,21688,1,
09/27/2010 17:15:53,SMH0291,PC-3571,Nevada.Leilani.Ortega@dtaa.com,Shaeleigh.MacKenzie.Harris@dtaa.com,,Shaeleigh.MacKenzie.Harris@dtaa.com,21015,0,
09/29/2010 17:15:05,SMH0291,PC-3571,Irene.Jemima.Meyers@dtaa.com,,Shaeleigh.MacKenzie.Harris@dtaa.com,Shaeleigh.MacKenzie.Harris@dtaa.com,46618,3,
09/30/2010 17:36:19,SMH0291,PC-3571,Mcdonald-Colby@hotmail.com,,Shaeleigh_M_Harris@comcast.net,Shaeleigh_M_Harris@comcast.net,31297,0,
10/01/2010 11:04:29,SMH0291,PC-3571,Ivy_Solis@msn.com,Shaeleigh_M_Harris@comcast.net,,Shaeleigh_M_Harris@comcast.net,28531,0,
10/02/2010 10:55:36,SMH0291,PC-3571,Zena.Sigourney.Langley@dtaa.com,,Shaeleigh.MacKenzie.Harris@dtaa.com,Shaeleigh.MacKenzie.Harris@dtaa.com,34174,0,
10/03/2010 17:57:06,SMH0291,PC-3571,Elaine.Sonya.Hughes@dtaa.com;Macey.Christen.Turner@dtaa.com,Zena.Sigourney.Langley@dtaa.com;Kirk.Jakeem.Joyce@dtaa.com;Shaeleigh.MacKenzie.Harris@dtaa.com,,Shaeleigh.MacKenzie.Harris@dtaa.com,30954,1,
10/04/2010 11:10:08,SMH0291,PC-3571,Adam.Ishmael.Mcdaniel@dtaa.com,Shaeleigh.MacKenzie.Harris@dtaa.com,,Shaeleigh.MacKenzie.Harris@dtaa.com,27049,0,
10/05/2010 15:40:39,SMH0291,PC-3571,Sophia_Bauer@lockheedmartin.com,Shaeleigh.MacKenzie.Harris@dtaa.com,,Shaeleigh.MacKenzie.Harris@dtaa.com,24717,0,
10/06/2010 12:58:11,SMH0291,PC-3571,Jena.Chanda.Rollins@dtaa.com,,Shaeleigh.MacKenzie.Harris@dtaa.com,Shaeleigh.MacKenzie.Harris@dtaa.com,21142,0,
10/07/2010 15:27:34,SMH0291,PC-3571,Zena.Sigourney.Langley@dtaa.com;Shannon.Chantale.Price@dtaa.com;Beck.John.Peters@dtaa.com,Shaeleigh.MacKenzie.Harris@dtaa.com,,Shaeleigh.MacKenzie.Harris@dtaa.com,54654,2,
10/08/2010 12:11:37,SMH0291,PC-3571,Kirk.Jakeem.Joyce@dtaa.com,Shaeleigh.MacKenzie.Harris@dtaa.com,,Shaeleigh.MacKenzie.Harris@dtaa.com,29643,0,
10/10/2010 17:11:35,SMH0291,PC-3571,Brittany.Mona.Terry@dtaa.com,Shaeleigh.MacKenzie.Harris@dtaa.com,,Shaeleigh.MacKenzie.Harris@dtaa.com,29808,2,
10/11/2010 15:38:38,SMH0291,PC-3571,Cailin.Casey.Mckee@dtaa.com;Idola.Carly.Haley@dtaa.com;Kirk.Jakeem.Joyce@dtaa.com,Shaeleigh.MacKenzie.Harris@dtaa.com,,Shaeleigh.MacKenzie.Harris@dtaa.com,47616,0,
10/12/2010 11:55:04,SMH0291,PC-3571,KDT2@optonline.net,Shaeleigh_M_Harris@comcast.net,,Shaeleigh_M_Harris@comcast.net,23992,0,
10/13/2010 12:01:44,SMH0291,PC-3571,Chiquita.Linda.Stokes@dtaa.com;Irene.Jemima.Meyers@dtaa.com,Shaeleigh.MacKenzie.Harris@dtaa.com,,Shaeleigh.MacKenzie.Harris@dtaa.com,38959,0,
10/14/2010 14:22:15,SMH0291,PC-3571,Timothy.Arthur.Carroll@dtaa.com,,Shaeleigh.MacKenzie.Harris@dtaa.com,Shaeleigh.MacKenzie.Harris@dtaa.com,31574,0,
10/15/2010 13:46:35,SMH0291,PC-3571,NCK51@juno.com;Noel_Foster@netzero.com;Genevieve_Head@bellsouth.net,Pruitt_Walker@bellsouth.net,Shaeleigh_M_Harris@comcast.net,Shaeleigh_M_Harris@comcast.net,16824,7,
10/16/2010 13:14:48,SMH0291,PC-3571,Colorado.Joel.Merrill@dtaa.com,,Shaeleigh.MacKenzie.Harris@dtaa.com,Shaeleigh.MacKenzie.Harris@dtaa.com,24461,0,
10/18/2010 14:37:39,SMH0291,PC-3571,Shannon.Chantale.Price@dtaa.com,Shaeleigh.MacKenzie.Harris@dtaa.com,,Shaeleigh.MacKenzie.Harris@dtaa.com,36004,0,
10/19/2010 16:33:47,SMH0291,PC-3571,Cailin.Casey.Mckee@dtaa.com,Shaeleigh.MacKenzie.Harris@dtaa.com,,Shaeleigh.MacKenzie.Harris@dtaa.com,26777,0,
10/20/2010 15:51:46,SMH0291,PC-3571,Jena.Chanda.Rollins@dtaa.com,,Shaeleigh.MacKenzie.Harris@dtaa.com,Shaeleigh.MacKenzie.Harris@dtaa.com,33106,0,
10/21/2010 15:16:51,SMH0291,PC-3571,Talon.Ian.Ware@dtaa.com;Cailin.Casey.Mckee@dtaa.com;Meredith.Pamela.Tanner@dtaa.com,Ivory.Leandra.Rogers@dtaa.com;Shaeleigh.MacKenzie.Harris@dtaa.com,,Shaeleigh.MacKenzie.Harris@dtaa.com,40593,0,
10/22/2010 13:59:42,SMH0291,PC-3571,Aaron.Porter.Gutierrez@dtaa.com;Kirk.Jakeem.Joyce@dtaa.com;Hilda.Alice.Hahn@dtaa.com,Jonathan.John.Martinez@dtaa.com;Shaeleigh.MacKenzie.Harris@dtaa.com,,Shaeleigh.MacKenzie.Harris@dtaa.com,24885,0,
10/23/2010 17:41:15,SMH0291,PC-3571,Genevieve_Head@bellsouth.net;BWH1399@hotmail.com;SGB58@hotmail.com,Shaeleigh_M_Harris@comcast.net,,Shaeleigh_M_Harris@comcast.net,13558,0,
10/24/2010 10:29:41,SMH0291,PC-3571,Grady.Jordan.Duran@dtaa.com;Teegan.Jillian.Burris@dtaa.com;Idola.Carly.Haley@dtaa.com,Talon.Ian.Ware@dtaa.com,Shaeleigh.MacKenzie.Harris@dtaa.com,Shaeleigh.MacKenzie.Harris@dtaa.com,29901,0,
10/25/2010 09:10:34,SMH0291,PC-3571,Zena_Langley@yahoo.com;Cailin-Mckee@bellsouth.net,Shannon_Price@juno.com,Shaeleigh_M_Harris@comcast.net,Shaeleigh_M_Harris@comcast.net,21175,0,
10/26/2010 12:25:44,SMH0291,PC-3571,Kirk.Jakeem.Joyce@dtaa.com,Hakeem.Stephen.Peck@dtaa.com;Joel.Kennan.Mccarty@dtaa.com,Shaeleigh.MacKenzie.Harris@dtaa.com,Shaeleigh.MacKenzie.Harris@dtaa.com,18661,1,
10/27/2010 09:42:27,SMH0291,PC-3571,Elaine.Sonya.Hughes@dtaa.com;Teegan.Jillian.Burris@dtaa.com,Shaeleigh.MacKenzie.Harris@dtaa.com,,Shaeleigh.MacKenzie.Harris@dtaa.com,15034,0,
10/28/2010 09:54:23,SMH0291,PC-3571,Grady.Jordan.Duran@dtaa.com;Shannon.Chantale.Price@dtaa.com;Genevieve.Hyacinth.Head@dtaa.com;Zena.Sigourney.Langley@dtaa.com;Cameran_Sanford@boeing.com,,Shaeleigh.MacKenzie.Harris@dtaa.com,Shaeleigh.MacKenzie.Harris@dtaa.com,26340,0,
10/29/2010 09:35:08,SMH0291,PC-3571,Colton.Kaseem.Bolton@dtaa.com;Irene.Jemima.Meyers@dtaa.com,Colorado.Joel.Merrill@dtaa.com,Shaeleigh.MacKenzie.Harris@dtaa.com,Shaeleigh.MacKenzie.Harris@dtaa.com,32401,0,
10/30/2010 10:06:40,SMH0291,PC-3571,Jane.J.Hunt@msn.com,Felicia.R.Butler@cox.net,Shaeleigh_M_Harris@comcast.net,Shaeleigh_M_Harris@comcast.net,28600,0,
10/31/2010 14:20:05,SMH0291,PC-3571,Joel.Kennan.Mccarty@dtaa.com;Idola.Carly.Haley@dtaa.com,Shaeleigh.MacKenzie.Harris@dtaa.com,,Shaeleigh.MacKenzie.Harris@dtaa.com,56464,0,
11/01/2010 14:03:27,SMH0291,PC-3571,Dorothy.Marny.Goff@dtaa.com;Kirk.Jakeem.Joyce@dtaa.com;Colby-Mcdonald@boeing.com,,Shaeleigh.MacKenzie.Harris@dtaa.com,Shaeleigh.MacKenzie.Harris@dtaa.com,27650,1,
11/02/2010 17:25:56,SMH0291,PC-3571,Jane.J.Hunt@msn.com,,Shaeleigh_M_Harris@comcast.net,Shaeleigh_M_Harris@comcast.net,18862,0,
11/03/2010 15:18:02,SMH0291,PC-3571,Catherine_Johnson@bellsouth.net,,Shaeleigh_M_Harris@comcast.net,Shaeleigh_M_Harris@comcast.net,29331,0,
11/04/2010 17:10:32,SMH0291,PC-3571,Genevieve.Hyacinth.Head@dtaa.com,,Shaeleigh.MacKenzie.Harris@dtaa.com,Shaeleigh.MacKenzie.Harris@dtaa.com,18755,0,
11/05/2010 14:28:27,SMH0291,PC-3571,Irene.Jemima.Meyers@dtaa.com,Shaeleigh.MacKenzie.Harris@dtaa.com,,Shaeleigh.MacKenzie.Harris@dtaa.com,20914,0,
11/07/2010 17:34:23,SMH0291,PC-3571,Beck.John.Peters@dtaa.com,Shaeleigh.MacKenzie.Harris@dtaa.com,,Shaeleigh.MacKenzie.Harris@dtaa.com,26254,1,
11/08/2010 12:16:18,SMH0291,PC-3571,Lynn-Basil@harris.com,,Shaeleigh.MacKenzie.Harris@dtaa.com,Shaeleigh.MacKenzie.Harris@dtaa.com,32423,0,
11/09/2010 16:33:27,SMH0291,PC-3571,Noel.Reagan.Foster@dtaa.com,Elaine.Sonya.Hughes@dtaa.com,Shaeleigh.MacKenzie.Harris@dtaa.com,Shaeleigh.MacKenzie.Harris@dtaa.com,29073,0,
11/10/2010 14:55:52,SMH0291,PC-3571,Wheeler.Hayes@comcast.net,Shaeleigh_M_Harris@comcast.net,,Shaeleigh_M_Harris@comcast.net,46380,0,
11/11/2010 15:41:58,SMH0291,PC-3571,JCR6477@charter.net,Shaeleigh_M_Harris@comcast.net,,Shaeleigh_M_Harris@comcast.net,28922,0,
11/12/2010 17:24:08,SMH0291,PC-3571,Joel.K.Mccarty@earthlink.net;Portia.I.David@charter.net,HSP9@cox.net;MAR56@msn.com,Shaeleigh_M_Harris@comcast.net,Shaeleigh_M_Harris@comcast.net,31858,0,
11/13/2010 16:22:37,SMH0291,PC-3571,Rogan_Alexander@juno.com,Shaeleigh_M_Harris@comcast.net,,Shaeleigh_M_Harris@comcast.net,25989,0,
11/14/2010 16:34:34,SMH0291,PC-3571,John.K.Riley@msn.com,Shaeleigh_M_Harris@comcast.net,,Shaeleigh_M_Harris@comcast.net,26070,0,
11/15/2010 09:14:39,SMH0291,PC-3571,Elaine.Sonya.Hughes@dtaa.com,,Shaeleigh.MacKenzie.Harris@dtaa.com,Shaeleigh.MacKenzie.Harris@dtaa.com,45556,0,
11/16/2010 13:05:28,SMH0291,PC-3571,Idola_Haley@yahoo.com;Nevada-Ortega@comcast.net;HSP9@cox.net;Chiquita.L.Stokes@juno.com;Carroll-Timothy@comcast.net,Shaeleigh_M_Harris@comcast.net,,Shaeleigh_M_Harris@comcast.net,33054,3,
11/17/2010 10:48:14,SMH0291,PC-3571,Brennan-Flynn@yahoo.com,Shaeleigh_M_Harris@comcast.net,,Shaeleigh_M_Harris@comcast.net,22123,0,
11/18/2010 10:45:54,SMH0291,PC-3571,Claudia_Baldwin@yahoo.com,,Shaeleigh_M_Harris@comcast.net,Shaeleigh_M_Harris@comcast.net,28608,0,
11/19/2010 15:05:25,SMH0291,PC-3571,Timothy.Arthur.Carroll@dtaa.com,,Shaeleigh.MacKenzie.Harris@dtaa.com,Shaeleigh.MacKenzie.Harris@dtaa.com,25452,1,
11/20/2010 10:45:54,SMH0291,PC-3571,Joel.K.Mccarty@earthlink.net,Shaeleigh_M_Harris@comcast.net,,Shaeleigh_M_Harris@comcast.net,34742,0,
11/21/2010 16:40:06,SMH0291,PC-3571,HSP9@cox.net,Shaeleigh_M_Harris@comcast.net,,Shaeleigh_M_Harris@comcast.net,31922,0,
11/22/2010 16:29:45,SMH0291,PC-3571,Teegan-Burris@verizon.net;Nevada-Ortega@comcast.net;Merrill-Colorado@gmail.com;Chiquita.L.Stokes@juno.com,Shaeleigh_M_Harris@comcast.net,,Shaeleigh_M_Harris@comcast.net,23915,0,
11/23/2010 10:02:18,SMH0291,PC-3571,Jena.Chanda.Rollins@dtaa.com,,Shaeleigh.MacKenzie.Harris@dtaa.com,Shaeleigh.MacKenzie.Harris@dtaa.com,30791,0,
11/24/2010 09:28:18,SMH0291,PC-3571,Joel.Kennan.Mccarty@dtaa.com;Ivory.Leandra.Rogers@dtaa.com;Jaden.Kylan.Buckley@dtaa.com;Cailin.Casey.Mckee@dtaa.com,Hakeem.Stephen.Peck@dtaa.com;Shaeleigh.MacKenzie.Harris@dtaa.com,,Shaeleigh.MacKenzie.Harris@dtaa.com,25204,1,
11/25/2010 16:03:20,SMH0291,PC-3571,Idola.Carly.Haley@dtaa.com,,Shaeleigh.MacKenzie.Harris@dtaa.com,Shaeleigh.MacKenzie.Harris@dtaa.com,22356,1,
11/27/2010 11:21:17,SMH0291,PC-3571,Jane.Justina.Hunt@dtaa.com,Shaeleigh.MacKenzie.Harris@dtaa.com,,Shaeleigh.MacKenzie.Harris@dtaa.com,26059,0,
11/28/2010 09:11:50,SMH0291,PC-3571,Carroll-Timothy@comcast.net,,Shaeleigh_M_Harris@comcast.net,Shaeleigh_M_Harris@comcast.net,34011,0,
11/29/2010 13:57:51,SMH0291,PC-3571,Colorado.Joel.Merrill@dtaa.com;Noel.Reagan.Foster@dtaa.com;Hakeem.Stephen.Peck@dtaa.com,Zena.Sigourney.Langley@dtaa.com,Shaeleigh.MacKenzie.Harris@dtaa.com,Shaeleigh.MacKenzie.Harris@dtaa.com,32695,0,
11/30/2010 10:52:35,SMH0291,PC-3571,Zena_Langley@yahoo.com;Carroll-Timothy@comcast.net,Shaeleigh_M_Harris@comcast.net,,Shaeleigh_M_Harris@comcast.net,45695,0,
12/01/2010 10:46:59,SMH0291,PC-3571,Duran-Grady@verizon.net,Shaeleigh_M_Harris@comcast.net,,Shaeleigh_M_Harris@comcast.net,34100,0,
12/02/2010 12:31:59,SMH0291,PC-3571,Ivory_L_Rogers@aol.com;Irene_Meyers@juno.com,Shaeleigh_M_Harris@comcast.net,,Shaeleigh_M_Harris@comcast.net,21771,0,
12/03/2010 10:16:33,SMH0291,PC-3571,Duran-Grady@verizon.net,,Shaeleigh_M_Harris@comcast.net,Shaeleigh_M_Harris@comcast.net,28491,0,
12/04/2010 15:16:23,SMH0291,PC-3571,Flynn.Edward.Brennan@dtaa.com,,Shaeleigh.MacKenzie.Harris@dtaa.com,Shaeleigh.MacKenzie.Harris@dtaa.com,42752,0,
12/05/2010 15:19:09,SMH0291,PC-3571,Albert.Mohammad.Joseph@dtaa.com,,Shaeleigh.MacKenzie.Harris@dtaa.com,Shaeleigh.MacKenzie.Harris@dtaa.com,27682,0,
12/06/2010 11:30:53,SMH0291,PC-3571,Talon.Ian.Ware@dtaa.com,Colorado.Joel.Merrill@dtaa.com;Shaeleigh.MacKenzie.Harris@dtaa.com,,Shaeleigh.MacKenzie.Harris@dtaa.com,33119,0,
12/07/2010 15:02:27,SMH0291,PC-3571,Shannon.Chantale.Price@dtaa.com;Teegan.Jillian.Burris@dtaa.com;Nevada.Leilani.Ortega@dtaa.com;Chiquita.Linda.Stokes@dtaa.com,Shaeleigh.MacKenzie.Harris@dtaa.com,,Shaeleigh.MacKenzie.Harris@dtaa.com,26676,0,
12/08/2010 15:47:18,SMH0291,PC-3571,Jane.Justina.Hunt@dtaa.com;Nevada.Leilani.Ortega@dtaa.com;Catherine_Johnson@northropgrumman.com,Elaine.Sonya.Hughes@dtaa.com;Shaeleigh.MacKenzie.Harris@dtaa.com,,Shaeleigh.MacKenzie.Harris@dtaa.com,25289,0,
12/09/2010 13:48:51,SMH0291,PC-3571,Cailin-Mckee@bellsouth.net;GCC65@netzero.com,Merrill-Colorado@gmail.com;Shaeleigh_M_Harris@comcast.net,,Shaeleigh_M_Harris@comcast.net,25564,0,
12/10/2010 09:10:47,SMH0291,PC-3571,Hakeem.Stephen.Peck@dtaa.com;Joel.Kennan.Mccarty@dtaa.com,Nicole.Macey.Craig@dtaa.com;Hinton_Barbara@raytheon.com,Shaeleigh.MacKenzie.Harris@dtaa.com,Shaeleigh.MacKenzie.Harris@dtaa.com,34516,0,
12/11/2010 14:10:16,SMH0291,PC-3571,Catherine_Johnson@bellsouth.net,,Shaeleigh_M_Harris@comcast.net,Shaeleigh_M_Harris@comcast.net,16908,0,
12/12/2010 10:03:53,SMH0291,PC-3571,Ivory.Leandra.Rogers@dtaa.com,,Shaeleigh.MacKenzie.Harris@dtaa.com,Shaeleigh.MacKenzie.Harris@dtaa.com,22120,0,
12/13/2010 12:19:26,SMH0291,PC-3571,Hinton_Barbara@netzero.com,,Shaeleigh_M_Harris@comcast.net,Shaeleigh_M_Harris@comcast.net,12210,0,
12/14/2010 10:45:09,SMH0291,PC-3571,Zena_Langley@yahoo.com;Ivory_L_Rogers@aol.com,Shaeleigh_M_Harris@comcast.net,,Shaeleigh_M_Harris@comcast.net,50446,0,
12/15/2010 18:10:25,SMH0291,PC-3571,Albert.Mohammad.Joseph@dtaa.com,Shaeleigh.MacKenzie.Harris@dtaa.com,,Shaeleigh.MacKenzie.Harris@dtaa.com,39256,0,
12/16/2010 10:54:34,SMH0291,PC-3571,Talon.Ian.Ware@dtaa.com,Shaeleigh.MacKenzie.Harris@dtaa.com,,Shaeleigh.MacKenzie.Harris@dtaa.com,42482,0,
12/17/2010 12:01:36,SMH0291,PC-3571,Talon.I.Ware@comcast.net,Joel.K.Mccarty@earthlink.net,Shaeleigh_M_Harris@comcast.net,Shaeleigh_M_Harris@comcast.net,33583,0,
12/18/2010 08:59:16,SMH0291,PC-3571,Teegan-Burris@verizon.net,,Shaeleigh_M_Harris@comcast.net,Shaeleigh_M_Harris@comcast.net,18329,0,
12/19/2010 16:53:52,SMH0291,PC-3571,Cailin.Casey.Mckee@dtaa.com,Genevieve.Hyacinth.Head@dtaa.com;Shaeleigh.MacKenzie.Harris@dtaa.com,,Shaeleigh.MacKenzie.Harris@dtaa.com,25064,0,
12/21/2010 16:00:57,SMH0291,PC-3571,Nevada-Ortega@comcast.net,,Shaeleigh_M_Harris@comcast.net,Shaeleigh_M_Harris@comcast.net,32580,0,
12/22/2010 14:39:20,SMH0291,PC-3571,JCR6477@charter.net,Shaeleigh_M_Harris@comcast.net,,Shaeleigh_M_Harris@comcast.net,37256,0,
12/23/2010 16:44:20,SMH0291,PC-3571,Genevieve.Hyacinth.Head@dtaa.com;Brett.Damian.Beck@dtaa.com,Evelyn.Nevada.Curtis@dtaa.com,Shaeleigh.MacKenzie.Harris@dtaa.com,Shaeleigh.MacKenzie.Harris@dtaa.com,48789,0,
12/24/2010 17:53:02,SMH0291,PC-3571,Colorado.Joel.Merrill@dtaa.com,Shaeleigh.MacKenzie.Harris@dtaa.com,,Shaeleigh.MacKenzie.Harris@dtaa.com,17406,0,
12/25/2010 15:16:03,SMH0291,PC-3571,Brennan-Flynn@yahoo.com,HBB85@optonline.net;Shaeleigh_M_Harris@comcast.net,,Shaeleigh_M_Harris@comcast.net,32477,0,
12/26/2010 09:43:07,SMH0291,PC-3571,Noel.Reagan.Foster@dtaa.com;Hinton_Barbara@raytheon.com,,Shaeleigh.MacKenzie.Harris@dtaa.com,Shaeleigh.MacKenzie.Harris@dtaa.com,24462,0,
12/27/2010 17:58:33,SMH0291,PC-3571,Duran-Grady@verizon.net,Shaeleigh_M_Harris@comcast.net,,Shaeleigh_M_Harris@comcast.net,11495,0,
12/28/2010 11:29:57,SMH0291,PC-3571,Grady.Jordan.Duran@dtaa.com;Jameson.E.Sellers@hp.com,,Shaeleigh.MacKenzie.Harris@dtaa.com,Shaeleigh.MacKenzie.Harris@dtaa.com,21671,0,
12/29/2010 14:19:11,SMH0291,PC-3571,Chiquita.Linda.Stokes@dtaa.com;Zena.Sigourney.Langley@dtaa.com,,Shaeleigh.MacKenzie.Harris@dtaa.com,Shaeleigh.MacKenzie.Harris@dtaa.com,55306,0,
12/30/2010 16:01:08,SMH0291,PC-3571,Beck.John.Peters@dtaa.com;Walker-Pruitt@boeing.com;Gavin.Y.Ruiz@lockheedmartin.com,Shannon.Chantale.Price@dtaa.com;Shaeleigh.MacKenzie.Harris@dtaa.com,,Shaeleigh.MacKenzie.Harris@dtaa.com,32600,1,
01/01/2011 17:20:40,SMH0291,PC-3571,Jena.Chanda.Rollins@dtaa.com,,Shaeleigh.MacKenzie.Harris@dtaa.com,Shaeleigh.MacKenzie.Harris@dtaa.com,21134,0,
01/02/2011 10:06:04,SMH0291,PC-3571,Timothy.Arthur.Carroll@dtaa.com,,Shaeleigh.MacKenzie.Harris@dtaa.com,Shaeleigh.MacKenzie.Harris@dtaa.com,45871,0,
01/03/2011 11:49:34,SMH0291,PC-3571,Oren.Clinton.Sharpe@dtaa.com;Teegan.Jillian.Burris@dtaa.com;Kirk.Jakeem.Joyce@dtaa.com,Shaeleigh.MacKenzie.Harris@dtaa.com,,Shaeleigh.MacKenzie.Harris@dtaa.com,29681,0,
01/04/2011 16:10:41,SMH0291,PC-3571,Duran-Grady@verizon.net,Albert-Joseph@yahoo.com;Shaeleigh_M_Harris@comcast.net,,Shaeleigh_M_Harris@comcast.net,32536,0,
01/05/2011 17:31:40,SMH0291,PC-3571,Chiquita.L.Stokes@juno.com,Shaeleigh_M_Harris@comcast.net,,Shaeleigh_M_Harris@comcast.net,26113,0,
01/06/2011 17:13:53,SMH0291,PC-3571,Shannon.Chantale.Price@dtaa.com;Cailin.Casey.Mckee@dtaa.com;Albert.Mohammad.Joseph@dtaa.com,Zena.Sigourney.Langley@dtaa.com,Shaeleigh.MacKenzie.Harris@dtaa.com,Shaeleigh.MacKenzie.Harris@dtaa.com,22589,1,
01/07/2011 12:50:32,SMH0291,PC-3571,Ashely.S.Shields@juno.com;Duran-Grady@verizon.net,Shaeleigh_M_Harris@comcast.net,,Shaeleigh_M_Harris@comcast.net,21606,0,
01/08/2011 16:45:29,SMH0291,PC-3571,Zena_Langley@yahoo.com,,Shaeleigh_M_Harris@comcast.net,Shaeleigh_M_Harris@comcast.net,28549,0,
01/09/2011 13:05:26,SMH0291,PC-3571,HSP9@cox.net;Kirk_Joyce@msn.com;Chiquita.L.Stokes@juno.com,Shaeleigh_M_Harris@comcast.net,,Shaeleigh_M_Harris@comcast.net,35222,0,
01/10/2011 17:48:44,SMH0291,PC-3571,Elaine.Sonya.Hughes@dtaa.com,Shaeleigh.MacKenzie.Harris@dtaa.com,,Shaeleigh.MacKenzie.Harris@dtaa.com,39056,0,
01/11/2011 14:57:43,SMH0291,PC-3571,Shannon.Chantale.Price@dtaa.com,Shaeleigh.MacKenzie.Harris@dtaa.com,,Shaeleigh.MacKenzie.Harris@dtaa.com,26823,0,
01/12/2011 14:23:07,SMH0291,PC-3571,Irene.Jemima.Meyers@dtaa.com;Noble.Clinton.Klein@dtaa.com,,Shaeleigh.MacKenzie.Harris@dtaa.com,Shaeleigh.MacKenzie.Harris@dtaa.com,30953,0,
01/13/2011 10:09:49,SMH0291,PC-3571,Flynn.Edward.Brennan@dtaa.com;Jane.Justina.Hunt@dtaa.com;Hinton_Barbara@raytheon.com,Shaeleigh.MacKenzie.Harris@dtaa.com,,Shaeleigh.MacKenzie.Harris@dtaa.com,24215,0,
01/14/2011 10:00:42,SMH0291,PC-3571,Ivory.Leandra.Rogers@dtaa.com,Shaeleigh.MacKenzie.Harris@dtaa.com,,Shaeleigh.MacKenzie.Harris@dtaa.com,30525,0,
01/15/2011 17:39:37,SMH0291,PC-3571,Ivory.Leandra.Rogers@dtaa.com;Talon.Ian.Ware@dtaa.com,Grady.Jordan.Duran@dtaa.com;Spears-Mufutau@northropgrumman.com,Shaeleigh.MacKenzie.Harris@dtaa.com,Shaeleigh.MacKenzie.Harris@dtaa.com,23542,0,
01/16/2011 12:27:50,SMH0291,PC-3571,Owens_Frances@msn.com;Brennan-Flynn@yahoo.com,,Shaeleigh_M_Harris@comcast.net,Shaeleigh_M_Harris@comcast.net,24813,0,
01/17/2011 10:34:24,SMH0291,PC-3571,Aaron.Porter.Gutierrez@dtaa.com,Shaeleigh.MacKenzie.Harris@dtaa.com,,Shaeleigh.MacKenzie.Harris@dtaa.com,30515,0,
01/18/2011 10:30:26,SMH0291,PC-3571,Nevada.Leilani.Ortega@dtaa.com,,Shaeleigh.MacKenzie.Harris@dtaa.com,Shaeleigh.MacKenzie.Harris@dtaa.com,29771,0,
01/19/2011 17:56:02,SMH0291,PC-3571,Zena_Langley@yahoo.com;Duran-Grady@verizon.net;Merrill-Colorado@gmail.com,,Shaeleigh_M_Harris@comcast.net,Shaeleigh_M_Harris@comcast.net,45838,0,
01/20/2011 09:06:02,SMH0291,PC-3571,Flynn.Edward.Brennan@dtaa.com;Elaine.Sonya.Hughes@dtaa.com,Shaeleigh.MacKenzie.Harris@dtaa.com,,Shaeleigh.MacKenzie.Harris@dtaa.com,53287,0,
01/21/2011 10:18:06,SMH0291,PC-3571,Elaine.Sonya.Hughes@dtaa.com,Shaeleigh.MacKenzie.Harris@dtaa.com,,Shaeleigh.MacKenzie.Harris@dtaa.com,27654,0,
01/22/2011 15:32:52,SMH0291,PC-3571,Genevieve.Hyacinth.Head@dtaa.com,,Shaeleigh.MacKenzie.Harris@dtaa.com,Shaeleigh.MacKenzie.Harris@dtaa.com,33284,0,
01/24/2011 09:14:49,SMH0291,PC-3571,SGB58@hotmail.com,,Shaeleigh_M_Harris@comcast.net,Shaeleigh_M_Harris@comcast.net,25764,0,
01/25/2011 09:50:52,SMH0291,PC-3571,Chiquita.L.Stokes@juno.com,Shaeleigh_M_Harris@comcast.net,,Shaeleigh_M_Harris@comcast.net,21092,0,
01/26/2011 15:54:51,SMH0291,PC-3571,Carroll-Timothy@comcast.net,,Shaeleigh_M_Harris@comcast.net,Shaeleigh_M_Harris@comcast.net,26088,0,
01/27/2011 09:14:39,SMH0291,PC-3571,Brennan-Flynn@yahoo.com;Cailin-Mckee@bellsouth.net,Shaeleigh_M_Harris@comcast.net,,Shaeleigh_M_Harris@comcast.net,25474,0,
01/28/2011 17:13:32,SMH0291,PC-3571,Shannon_Price@juno.com,Shaeleigh_M_Harris@comcast.net,,Shaeleigh_M_Harris@comcast.net,32307,0,
01/29/2011 14:27:19,SMH0291,PC-3571,Ivory.Leandra.Rogers@dtaa.com,,Shaeleigh.MacKenzie.Harris@dtaa.com,Shaeleigh.MacKenzie.Harris@dtaa.com,15900,0,
01/30/2011 18:04:49,SMH0291,PC-3571,Kirk_Joyce@msn.com,Shaeleigh_M_Harris@comcast.net,,Shaeleigh_M_Harris@comcast.net,27644,0,
01/31/2011 17:28:39,SMH0291,PC-3571,Genevieve_Head@bellsouth.net;Cameran_Sanford@optonline.net,,Shaeleigh_M_Harris@comcast.net,Shaeleigh_M_Harris@comcast.net,29520,0,
02/01/2011 10:01:36,SMH0291,PC-3571,Zena.Sigourney.Langley@dtaa.com,Shaeleigh.MacKenzie.Harris@dtaa.com,,Shaeleigh.MacKenzie.Harris@dtaa.com,18539,0,
02/02/2011 16:13:26,SMH0291,PC-3571,Cailin.Casey.Mckee@dtaa.com;Irene.Jemima.Meyers@dtaa.com,Hinton_Barbara@raytheon.com;Shaeleigh.MacKenzie.Harris@dtaa.com,,Shaeleigh.MacKenzie.Harris@dtaa.com,17177,0,
02/03/2011 09:31:33,SMH0291,PC-3571,Shannon.Chantale.Price@dtaa.com;Jane.Justina.Hunt@dtaa.com;Madonna_Boyer@hp.com,Cailin.Casey.Mckee@dtaa.com;Beck.John.Peters@dtaa.com;Shaeleigh.MacKenzie.Harris@dtaa.com,,Shaeleigh.MacKenzie.Harris@dtaa.com,44141,0,
02/04/2011 09:57:12,SMH0291,PC-3571,Noel.Reagan.Foster@dtaa.com;Talon.Ian.Ware@dtaa.com,,Shaeleigh.MacKenzie.Harris@dtaa.com,Shaeleigh.MacKenzie.Harris@dtaa.com,20882,0,
02/05/2011 13:36:55,SMH0291,PC-3571,Noel_Foster@netzero.com,Shaeleigh_M_Harris@comcast.net,,Shaeleigh_M_Harris@comcast.net,37766,0,
02/06/2011 13:25:21,SMH0291,PC-3571,Irene.Jemima.Meyers@dtaa.com;Aaron.Porter.Gutierrez@dtaa.com,,Shaeleigh.MacKenzie.Harris@dtaa.com,Shaeleigh.MacKenzie.Harris@dtaa.com,30760,0,
02/07/2011 12:12:59,SMH0291,PC-3571,Wynne.Xyla.Hartman@dtaa.com;Joy.Rosalyn.Leblanc@dtaa.com;Ivory.Leandra.Rogers@dtaa.com;Genevieve.Hyacinth.Head@dtaa.com;Catherine_Johnson@northropgrumman.com,Shaeleigh.MacKenzie.Harris@dtaa.com,,Shaeleigh.MacKenzie.Harris@dtaa.com,35234,2,
02/08/2011 16:36:02,SMH0291,PC-3571,Flynn.Edward.Brennan@dtaa.com,,Shaeleigh.MacKenzie.Harris@dtaa.com,Shaeleigh.MacKenzie.Harris@dtaa.com,17265,0,
02/09/2011 09:05:32,SMH0291,PC-3571,Chiquita.L.Stokes@juno.com,Shaeleigh_M_Harris@comcast.net,,Shaeleigh_M_Harris@comcast.net,26365,0,
02/10/2011 14:36:24,SMH0291,PC-3571,SGB58@hotmail.com;Jane.J.Hunt@msn.com,,Shaeleigh_M_Harris@comcast.net,Shaeleigh_M_Harris@comcast.net,39406,0,
02/11/2011 10:28:16,SMH0291,PC-3571,Irene.Jemima.Meyers@dtaa.com,Shaeleigh.MacKenzie.Harris@dtaa.com,,Shaeleigh.MacKenzie.Harris@dtaa.com,23188,0,
02/12/2011 11:05:51,SMH0291,PC-3571,Elaine_Hughes@aol.com,Shaeleigh_M_Harris@comcast.net,,Shaeleigh_M_Harris@comcast.net,24686,0,
02/13/2011 12:33:14,SMH0291,PC-3571,Gutierrez-Aaron@optonline.net,Brennan-Flynn@yahoo.com,Shaeleigh_M_Harris@comcast.net,Shaeleigh_M_Harris@comcast.net,23650,0,
02/14/2011 15:22:06,SMH0291,PC-3571,Talon.Ian.Ware@dtaa.com;Cameran_Sanford@boeing.com,Cailin.Casey.Mckee@dtaa.com,Shaeleigh.MacKenzie.Harris@dtaa.com,Shaeleigh.MacKenzie.Harris@dtaa.com,27294,0,
02/15/2011 16:24:37,SMH0291,PC-3571,SGB58@hotmail.com;Joel.K.Mccarty@earthlink.net,Shannon_Price@juno.com;Shaeleigh_M_Harris@comcast.net,,Shaeleigh_M_Harris@comcast.net,26019,0,
02/16/2011 11:34:18,SMH0291,PC-3571,Zena_Langley@yahoo.com,Shaeleigh_M_Harris@comcast.net,,Shaeleigh_M_Harris@comcast.net,21292,0,
02/17/2011 11:44:22,SMH0291,PC-3571,Chiquita.L.Stokes@juno.com,,Shaeleigh_M_Harris@comcast.net,Shaeleigh_M_Harris@comcast.net,15064,0,
02/18/2011 11:57:13,SMH0291,PC-3571,Aaron.Porter.Gutierrez@dtaa.com;Chiquita.Linda.Stokes@dtaa.com;Idola.Carly.Haley@dtaa.com,Talon.Ian.Ware@dtaa.com;Irene.Jemima.Meyers@dtaa.com,Shaeleigh.MacKenzie.Harris@dtaa.com,Shaeleigh.MacKenzie.Harris@dtaa.com,35241,2,
02/19/2011 16:27:21,SMH0291,PC-3571,Colorado.Joel.Merrill@dtaa.com;Scott.Gary.Burks@dtaa.com,,Shaeleigh.MacKenzie.Harris@dtaa.com,Shaeleigh.MacKenzie.Harris@dtaa.com,30553,0,
02/20/2011 10:47:27,SMH0291,PC-3571,Chiquita.Linda.Stokes@dtaa.com,Genevieve.Hyacinth.Head@dtaa.com,Shaeleigh.MacKenzie.Harris@dtaa.com,Shaeleigh.MacKenzie.Harris@dtaa.com,37961,0,
02/21/2011 08:56:39,SMH0291,PC-3571,Joel.Kennan.Mccarty@dtaa.com;Scott.Gary.Burks@dtaa.com,,Shaeleigh.MacKenzie.Harris@dtaa.com,Shaeleigh.MacKenzie.Harris@dtaa.com,44919,0,
02/22/2011 11:51:23,SMH0291,PC-3571,Albert.Mohammad.Joseph@dtaa.com;Idola.Carly.Haley@dtaa.com,,Shaeleigh.MacKenzie.Harris@dtaa.com,Shaeleigh.MacKenzie.Harris@dtaa.com,32423,0,
02/23/2011 16:34:00,SMH0291,PC-3571,Elaine.Sonya.Hughes@dtaa.com,Aaron.Porter.Gutierrez@dtaa.com,Shaeleigh.MacKenzie.Harris@dtaa.com,Shaeleigh.MacKenzie.Harris@dtaa.com,22620,0,
02/24/2011 17:46:57,SMH0291,PC-3571,Nevada-Ortega@comcast.net,,Shaeleigh_M_Harris@comcast.net,Shaeleigh_M_Harris@comcast.net,31688,1,
02/25/2011 15:53:37,SMH0291,PC-3571,JAM6@bellsouth.net,Jackson-Sutton@juno.com;Shaeleigh_M_Harris@comcast.net,,Shaeleigh_M_Harris@comcast.net,15147,0,
02/26/2011 09:16:44,SMH0291,PC-3571,HSP9@cox.net;Kirk_Joyce@msn.com,Duran-Grady@verizon.net;Shaeleigh_M_Harris@comcast.net,,Shaeleigh_M_Harris@comcast.net,25025,0,
02/27/2011 15:36:40,SMH0291,PC-3571,Noel_Foster@netzero.com,NCK51@juno.com;Acevedo_Xander@bellsouth.net;Shaeleigh_M_Harris@comcast.net,,Shaeleigh_M_Harris@comcast.net,69460,2,
02/28/2011 08:55:18,SMH0291,PC-3571,Flynn.Edward.Brennan@dtaa.com,,Shaeleigh.MacKenzie.Harris@dtaa.com,Shaeleigh.MacKenzie.Harris@dtaa.com,31621,0,
03/01/2011 17:56:46,SMH0291,PC-3571,Idola_Haley@yahoo.com;SGB58@hotmail.com;Zena_Langley@yahoo.com,,Shaeleigh_M_Harris@comcast.net,Shaeleigh_M_Harris@comcast.net,30618,0,
03/02/2011 10:38:04,SMH0291,PC-3571,Zena_Langley@yahoo.com;NCK51@juno.com,,Shaeleigh_M_Harris@comcast.net,Shaeleigh_M_Harris@comcast.net,36221,0,
03/03/2011 09:01:10,SMH0291,PC-3571,Irene.Jemima.Meyers@dtaa.com;Albert.Mohammad.Joseph@dtaa.com;Tanisha_Blackburn@northropgrumman.com,,Shaeleigh.MacKenzie.Harris@dtaa.com,Shaeleigh.MacKenzie.Harris@dtaa.com,24455,0,
03/04/2011 11:01:16,SMH0291,PC-3571,Talon.I.Ware@comcast.net,Shaeleigh_M_Harris@comcast.net,,Shaeleigh_M_Harris@comcast.net,31559,0,
03/05/2011 15:02:03,SMH0291,PC-3571,Noel.Reagan.Foster@dtaa.com,,Shaeleigh.MacKenzie.Harris@dtaa.com,Shaeleigh.MacKenzie.Harris@dtaa.com,36977,0,
03/06/2011 14:48:00,SMH0291,PC-3571,Shannon.Chantale.Price@dtaa.com,,Shaeleigh.MacKenzie.Harris@dtaa.com,Shaeleigh.MacKenzie.Harris@dtaa.com,47531,0,
03/07/2011 17:55:23,SMH0291,PC-3571,Beck.John.Peters@dtaa.com,,Shaeleigh.MacKenzie.Harris@dtaa.com,Shaeleigh.MacKenzie.Harris@dtaa.com,23859,0,
03/08/2011 15:51:54,SMH0291,PC-3571,Cailin.Casey.Mckee@dtaa.com;Caldwell.Quamar.Head@dtaa.com,Shaeleigh.MacKenzie.Harris@dtaa.com,,Shaeleigh.MacKenzie.Harris@dtaa.com,27580,0,
03/09/2011 12:23:53,SMH0291,PC-3571,Jena.Chanda.Rollins@dtaa.com;Jane.Justina.Hunt@dtaa.com;Alana.C.Morton@hp.com,Colorado.Joel.Merrill@dtaa.com;Shaeleigh.MacKenzie.Harris@dtaa.com,,Shaeleigh.MacKenzie.Harris@dtaa.com,51224,0,
03/10/2011 09:54:19,SMH0291,PC-3571,Shannon.Chantale.Price@dtaa.com,Shaeleigh.MacKenzie.Harris@dtaa.com,,Shaeleigh.MacKenzie.Harris@dtaa.com,27203,0,
03/11/2011 16:52:32,SMH0291,PC-3571,SGB58@hotmail.com;NCK51@juno.com;Gavin.Y.Ruiz@charter.net,Shaeleigh_M_Harris@comcast.net,,Shaeleigh_M_Harris@comcast.net,38592,0,
03/12/2011 10:43:09,SMH0291,PC-3571,Ivory.Leandra.Rogers@dtaa.com,Cailin.Casey.Mckee@dtaa.com;Chiquita.Linda.Stokes@dtaa.com;Gavin.Y.Ruiz@lockheedmartin.com,Shaeleigh.MacKenzie.Harris@dtaa.com,Shaeleigh.MacKenzie.Harris@dtaa.com,25442,0,
03/13/2011 09:38:48,SMH0291,PC-3571,Teegan.Jillian.Burris@dtaa.com,Shaeleigh.MacKenzie.Harris@dtaa.com,,Shaeleigh.MacKenzie.Harris@dtaa.com,46265,0,
03/14/2011 12:48:24,SMH0291,PC-3571,Elaine.Sonya.Hughes@dtaa.com;Genevieve.Hyacinth.Head@dtaa.com;SEB658@raytheon.com;Gavin.Y.Ruiz@lockheedmartin.com,Shaeleigh.MacKenzie.Harris@dtaa.com,,Shaeleigh.MacKenzie.Harris@dtaa.com,24628,0,
03/15/2011 13:41:34,SMH0291,PC-3571,Flynn.Edward.Brennan@dtaa.com;Hakeem.Stephen.Peck@dtaa.com,Idola.Carly.Haley@dtaa.com,Shaeleigh.MacKenzie.Harris@dtaa.com,Shaeleigh.MacKenzie.Harris@dtaa.com,39313,0,
03/16/2011 14:41:10,SMH0291,PC-3571,Noel_Foster@netzero.com;Cailin-Mckee@bellsouth.net;MHB4122@cox.net,Ivory_L_Rogers@aol.com,Shaeleigh_M_Harris@comcast.net,Shaeleigh_M_Harris@comcast.net,35733,2,
03/18/2011 10:59:56,SMH0291,PC-3571,Teegan-Burris@verizon.net,Shaeleigh_M_Harris@comcast.net,,Shaeleigh_M_Harris@comcast.net,49428,0,
03/19/2011 10:00:31,SMH0291,PC-3571,Noel_Foster@netzero.com,,Shaeleigh_M_Harris@comcast.net,Shaeleigh_M_Harris@comcast.net,62037,0,
03/21/2011 12:10:11,SMH0291,PC-3571,Talon.Ian.Ware@dtaa.com,,Shaeleigh.MacKenzie.Harris@dtaa.com,Shaeleigh.MacKenzie.Harris@dtaa.com,29588,0,
03/22/2011 17:40:16,SMH0291,PC-3571,Albert.Mohammad.Joseph@dtaa.com,,Shaeleigh.MacKenzie.Harris@dtaa.com,Shaeleigh.MacKenzie.Harris@dtaa.com,26400,0,
03/23/2011 17:36:12,SMH0291,PC-3571,MHB4122@cox.net,Shaeleigh_M_Harris@comcast.net,,Shaeleigh_M_Harris@comcast.net,29168,0,
03/24/2011 16:51:30,SMH0291,PC-3571,Jana.Amanda.Dorsey@dtaa.com,Shaeleigh.MacKenzie.Harris@dtaa.com,,Shaeleigh.MacKenzie.Harris@dtaa.com,55847,0,
03/25/2011 13:45:42,SMH0291,PC-3571,SGB58@hotmail.com;Chiquita.L.Stokes@juno.com;Merrill-Colorado@gmail.com,MAH648@bellsouth.net,Shaeleigh_M_Harris@comcast.net,Shaeleigh_M_Harris@comcast.net,29967,1,
03/27/2011 11:08:49,SMH0291,PC-3571,Gutierrez-Aaron@optonline.net,Shaeleigh_M_Harris@comcast.net,,Shaeleigh_M_Harris@comcast.net,29283,0,
03/28/2011 16:07:15,SMH0291,PC-3571,Ivory.Leandra.Rogers@dtaa.com,Shaeleigh.MacKenzie.Harris@dtaa.com,,Shaeleigh.MacKenzie.Harris@dtaa.com,46392,0,
03/29/2011 12:09:10,SMH0291,PC-3571,Hakeem.Stephen.Peck@dtaa.com,Shaeleigh.MacKenzie.Harris@dtaa.com,,Shaeleigh.MacKenzie.Harris@dtaa.com,31519,0,
03/30/2011 17:05:57,SMH0291,PC-3571,Aaron.Porter.Gutierrez@dtaa.com,,Shaeleigh.MacKenzie.Harris@dtaa.com,Shaeleigh.MacKenzie.Harris@dtaa.com,29486,0,
03/31/2011 11:52:23,SMH0291,PC-3571,Irene_Meyers@juno.com,Joel.K.Mccarty@earthlink.net;Shaeleigh_M_Harris@comcast.net,,Shaeleigh_M_Harris@comcast.net,26187,0,
04/01/2011 16:03:31,SMH0291,PC-3571,Ivory_L_Rogers@aol.com;Ursa.B.Frederick@netzero.com,Lawson-Dillon@sbcglobal.net;Shaeleigh_M_Harris@comcast.net,,Shaeleigh_M_Harris@comcast.net,21601,0,
04/02/2011 12:25:53,SMH0291,PC-3571,Deborah.B.White@sbcglobal.net;Gutierrez-Aaron@optonline.net;Elaine_Hughes@aol.com;Ivory_L_Rogers@aol.com,Shaeleigh_M_Harris@comcast.net,,Shaeleigh_M_Harris@comcast.net,34781,0,
04/03/2011 16:53:54,SMH0291,PC-3571,Hakeem.Stephen.Peck@dtaa.com;Grady.Jordan.Duran@dtaa.com,,Shaeleigh.MacKenzie.Harris@dtaa.com,Shaeleigh.MacKenzie.Harris@dtaa.com,35375,0,
04/04/2011 12:37:54,SMH0291,PC-3571,SEB11@gmail.com,,Shaeleigh_M_Harris@comcast.net,Shaeleigh_M_Harris@comcast.net,31037,0,
04/05/2011 09:43:51,SMH0291,PC-3571,Scott.Gary.Burks@dtaa.com,,Shaeleigh.MacKenzie.Harris@dtaa.com,Shaeleigh.MacKenzie.Harris@dtaa.com,27125,0,
04/06/2011 08:50:18,SMH0291,PC-3571,Ivory.Leandra.Rogers@dtaa.com;Zena.Sigourney.Langley@dtaa.com,,Shaeleigh.MacKenzie.Harris@dtaa.com,Shaeleigh.MacKenzie.Harris@dtaa.com,23536,0,
04/07/2011 16:28:37,SMH0291,PC-3571,Beck.John.Peters@dtaa.com;Dakota.Edward.Brady@dtaa.com,Shaeleigh.MacKenzie.Harris@dtaa.com,,Shaeleigh.MacKenzie.Harris@dtaa.com,21630,0,
04/08/2011 10:49:26,SMH0291,PC-3571,BJP81@msn.com,Shaeleigh_M_Harris@comcast.net,,Shaeleigh_M_Harris@comcast.net,26307,0,
04/09/2011 15:17:14,SMH0291,PC-3571,Ivory_L_Rogers@aol.com,Shaeleigh_M_Harris@comcast.net,,Shaeleigh_M_Harris@comcast.net,39916,1,
04/10/2011 10:31:57,SMH0291,PC-3571,JCR6477@charter.net,,Shaeleigh_M_Harris@comcast.net,Shaeleigh_M_Harris@comcast.net,26289,0,
04/11/2011 17:40:06,SMH0291,PC-3571,Zena.Sigourney.Langley@dtaa.com;Kirk.Jakeem.Joyce@dtaa.com,Clio.R.Ray@northropgrumman.com,Shaeleigh.MacKenzie.Harris@dtaa.com,Shaeleigh.MacKenzie.Harris@dtaa.com,27915,0,
04/12/2011 17:02:11,SMH0291,PC-3571,Noble.Clinton.Klein@dtaa.com;Albert.Mohammad.Joseph@dtaa.com,Nevada.Leilani.Ortega@dtaa.com;Shaeleigh.MacKenzie.Harris@dtaa.com,,Shaeleigh.MacKenzie.Harris@dtaa.com,52086,0,
04/13/2011 15:57:58,SMH0291,PC-3571,Uriel.Charles.Solomon@dtaa.com,,Shaeleigh.MacKenzie.Harris@dtaa.com,Shaeleigh.MacKenzie.Harris@dtaa.com,31220,0,
04/14/2011 15:01:48,SMH0291,PC-3571,Genevieve.Hyacinth.Head@dtaa.com;Teegan.Jillian.Burris@dtaa.com;Ivory.Leandra.Rogers@dtaa.com,Cailin.Casey.Mckee@dtaa.com;Shaeleigh.MacKenzie.Harris@dtaa.com,,Shaeleigh.MacKenzie.Harris@dtaa.com,29468,1,
04/15/2011 14:52:28,SMH0291,PC-3571,Cailin.Casey.Mckee@dtaa.com;Nevada.Leilani.Ortega@dtaa.com,,Shaeleigh.MacKenzie.Harris@dtaa.com,Shaeleigh.MacKenzie.Harris@dtaa.com,22758,0,
04/16/2011 17:08:31,SMH0291,PC-3571,Aaron.Porter.Gutierrez@dtaa.com;Irene.Jemima.Meyers@dtaa.com;Genevieve.Hyacinth.Head@dtaa.com,,Shaeleigh.MacKenzie.Harris@dtaa.com,Shaeleigh.MacKenzie.Harris@dtaa.com,32873,0,
04/17/2011 09:20:26,SMH0291,PC-3571,Nevada.Leilani.Ortega@dtaa.com,Colby-Mcdonald@boeing.com;Shaeleigh.MacKenzie.Harris@dtaa.com,,Shaeleigh.MacKenzie.Harris@dtaa.com,34070,0,
04/18/2011 15:52:09,SMH0291,PC-3571,Genevieve.Hyacinth.Head@dtaa.com;Teegan.Jillian.Burris@dtaa.com,Zena.Sigourney.Langley@dtaa.com;Catherine_Johnson@northropgrumman.com,Shaeleigh.MacKenzie.Harris@dtaa.com,Shaeleigh.MacKenzie.Harris@dtaa.com,20664,0,
04/19/2011 14:59:42,SMH0291,PC-3571,ASV38@optonline.net;Talon.I.Ware@comcast.net,,Shaeleigh_M_Harris@comcast.net,Shaeleigh_M_Harris@comcast.net,47881,0,
04/20/2011 11:03:20,SMH0291,PC-3571,Stokes-Edward@msn.com;SGB58@hotmail.com;Zena_Langley@yahoo.com;SEB11@gmail.com,,Shaeleigh_M_Harris@comcast.net,Shaeleigh_M_Harris@comcast.net,24088,1,
04/21/2011 15:25:27,SMH0291,PC-3571,Gutierrez-Aaron@optonline.net;Duran-Grady@verizon.net,Shaeleigh_M_Harris@comcast.net,,Shaeleigh_M_Harris@comcast.net,32616,0,
04/22/2011 09:00:37,SMH0291,PC-3571,Nevada.Leilani.Ortega@dtaa.com;Armando.Albert.Walter@dtaa.com,Teegan.Jillian.Burris@dtaa.com;Shaeleigh.MacKenzie.Harris@dtaa.com,,Shaeleigh.MacKenzie.Harris@dtaa.com,32943,0,
04/23/2011 12:20:45,SMH0291,PC-3571,Nina.Camille.Hodges@dtaa.com,Shaeleigh.MacKenzie.Harris@dtaa.com,,Shaeleigh.MacKenzie.Harris@dtaa.com,27887,0,
04/24/2011 09:45:25,SMH0291,PC-3571,Noble.Clinton.Klein@dtaa.com;Idola.Carly.Haley@dtaa.com,,Shaeleigh.MacKenzie.Harris@dtaa.com,Shaeleigh.MacKenzie.Harris@dtaa.com,23122,0,
04/25/2011 09:32:32,SMH0291,PC-3571,SEB11@gmail.com,,Shaeleigh_M_Harris@comcast.net,Shaeleigh_M_Harris@comcast.net,51877,0,
04/26/2011 11:37:33,SMH0291,PC-3571,Zena.Sigourney.Langley@dtaa.com,,Shaeleigh.MacKenzie.Harris@dtaa.com,Shaeleigh.MacKenzie.Harris@dtaa.com,40070,0,
04/27/2011 13:35:14,SMH0291,PC-3571,Ivory_L_Rogers@aol.com,Shaeleigh_M_Harris@comcast.net,,Shaeleigh_M_Harris@comcast.net,23132,2,
04/28/2011 09:58:53,SMH0291,PC-3571,Beck.John.Peters@dtaa.com;Elaine.Sonya.Hughes@dtaa.com;Zena.Sigourney.Langley@dtaa.com;Cailin.Casey.Mckee@dtaa.com,,Shaeleigh.MacKenzie.Harris@dtaa.com,Shaeleigh.MacKenzie.Harris@dtaa.com,24250,0,
04/29/2011 12:00:45,SMH0291,PC-3571,Scott.Gary.Burks@dtaa.com,,Shaeleigh.MacKenzie.Harris@dtaa.com,Shaeleigh.MacKenzie.Harris@dtaa.com,37661,0,
04/30/2011 12:24:19,SMH0291,PC-3571,Grady.Jordan.Duran@dtaa.com,Joel.Kennan.Mccarty@dtaa.com,Shaeleigh.MacKenzie.Harris@dtaa.com,Shaeleigh.MacKenzie.Harris@dtaa.com,34801,0,
05/01/2011 16:05:14,SMH0291,PC-3571,Joel.Kennan.Mccarty@dtaa.com;Albert.Mohammad.Joseph@dtaa.com,Shaeleigh.MacKenzie.Harris@dtaa.com,,Shaeleigh.MacKenzie.Harris@dtaa.com,32381,0,
05/02/2011 09:16:33,SMH0291,PC-3571,Jane.Justina.Hunt@dtaa.com,,Shaeleigh.MacKenzie.Harris@dtaa.com,Shaeleigh.MacKenzie.Harris@dtaa.com,22926,0,
05/03/2011 17:59:22,SMH0291,PC-3571,Ariel.Murphy@comcast.net;Elaine_Hughes@aol.com,Mira_K_Hicks@yahoo.com;Shaeleigh_M_Harris@comcast.net,,Shaeleigh_M_Harris@comcast.net,23776,3,
05/04/2011 13:33:35,SMH0291,PC-3571,Sylvia.A.Head@msn.com;Cailin-Mckee@bellsouth.net;MHB4122@cox.net,Shaeleigh_M_Harris@comcast.net,,Shaeleigh_M_Harris@comcast.net,29114,0,
05/05/2011 14:35:52,SMH0291,PC-3571,Ivory.Leandra.Rogers@dtaa.com,,Shaeleigh.MacKenzie.Harris@dtaa.com,Shaeleigh.MacKenzie.Harris@dtaa.com,34858,0,
05/06/2011 09:10:29,SMH0291,PC-3571,Kirk.Jakeem.Joyce@dtaa.com;Irene.Jemima.Meyers@dtaa.com,Hakeem.Stephen.Peck@dtaa.com;Shaeleigh.MacKenzie.Harris@dtaa.com,,Shaeleigh.MacKenzie.Harris@dtaa.com,27861,0,
05/08/2011 10:53:43,SMH0291,PC-3571,Beck.John.Peters@dtaa.com,,Shaeleigh.MacKenzie.Harris@dtaa.com,Shaeleigh.MacKenzie.Harris@dtaa.com,20031,0,
05/09/2011 10:14:58,SMH0291,PC-3571,Dawson_Shelley@gmail.com;Merrill-Colorado@gmail.com,,Shaeleigh_M_Harris@comcast.net,Shaeleigh_M_Harris@comcast.net,29876,0,
05/10/2011 15:59:26,SMH0291,PC-3571,Noel_Foster@netzero.com,Teagan_Townsend@comcast.net;HTH7928@hotmail.com;Genevieve_Head@bellsouth.net;Shaeleigh_M_Harris@comcast.net,,Shaeleigh_M_Harris@comcast.net,39550,0,
05/11/2011 11:19:15,SMH0291,PC-3571,Zena.Sigourney.Langley@dtaa.com,,Shaeleigh.MacKenzie.Harris@dtaa.com,Shaeleigh.MacKenzie.Harris@dtaa.com,28601,0,
05/12/2011 15:15:33,SMH0291,PC-3571,Duran-Grady@verizon.net,Shaeleigh_M_Harris@comcast.net,,Shaeleigh_M_Harris@comcast.net,52918,0,
05/13/2011 16:51:00,SMH0291,PC-3571,Albert-Joseph@yahoo.com;Carroll-Timothy@comcast.net,Shaeleigh_M_Harris@comcast.net,,Shaeleigh_M_Harris@comcast.net,41784,0,
05/14/2011 11:01:56,SMH0291,PC-3571,Elaine_Hughes@aol.com,,Shaeleigh_M_Harris@comcast.net,Shaeleigh_M_Harris@comcast.net,27018,0,
05/15/2011 11:13:01,SMH0291,PC-3571,Gutierrez-Aaron@optonline.net,Shaeleigh_M_Harris@comcast.net,,Shaeleigh_M_Harris@comcast.net,23617,0,
05/16/2011 15:39:39,SMH0291,PC-3571,Merrill-Colorado@gmail.com,Shaeleigh_M_Harris@comcast.net,,Shaeleigh_M_Harris@comcast.net,26695,0,
