AAE0190,WorkOn:8.5,WorkOff:18.0
AAF0535,WorkOn:9.0,WorkOff:17.0
AAF0791,WorkOn:8.5,WorkOff:17.0
AAL0706,WorkOn:8.0,WorkOff:16.5
AAM0658,WorkOn:9.5,WorkOff:21.0
AAN0823,WorkOn:8.5,WorkOff:19.5
AAS0442,WorkOn:8.0,WorkOff:17.0
AAV0450,WorkOn:8.0,WorkOff:18.0
AAW0353,WorkOn:8.0,WorkOff:18.0
ABC0174,WorkOn:8.0,WorkOff:15.5
ABC0253,WorkOn:8.0,WorkOff:16.5
ABH0663,WorkOn:8.0,WorkOff:16.5
ABM0845,WorkOn:8.5,WorkOff:19.0
ABN0239,WorkOn:8.0,WorkOff:18.0
ACC0042,WorkOn:6.5,WorkOff:15.5
ACV0812,WorkOn:8.5,WorkOff:20.5
ADC0391,WorkOn:8.0,WorkOff:19.0
ADD0846,WorkOn:8.5,WorkOff:19.0
ADF0397,WorkOn:8.0,WorkOff:18.5
AES0827,WorkOn:8.5,WorkOff:19.5
AGB0186,WorkOn:7.5,WorkOff:18.0
AGB0643,WorkOn:9.5,WorkOff:21.0
AHC0142,WorkOn:7.5,WorkOff:17.0
AHD0848,WorkOn:8.5,WorkOff:19.5
AHG0634,WorkOn:9.5,WorkOff:21.0
AHM0410,WorkOn:8.0,WorkOff:18.0
AIB0948,WorkOn:7.5,WorkOff:16.0
AIH0675,WorkOn:8.0,WorkOff:16.0
AIM0627,WorkOn:8.0,WorkOff:17.0
AIP0394,WorkOn:8.0,WorkOff:19.0
AIP0982,WorkOn:8.0,WorkOff:17.5
AIS0405,WorkOn:8.0,WorkOff:19.0
AJC0840,WorkOn:8.5,WorkOff:19.5
AJD0074,WorkOn:7.0,WorkOff:16.0
AJF0370,WorkOn:6.5,WorkOff:16.0
AJH0175,WorkOn:8.0,WorkOff:15.5
AJL0462,WorkOn:8.0,WorkOff:18.0
AJN0607,WorkOn:8.0,WorkOff:17.0
AJP0723,WorkOn:8.0,WorkOff:16.5
AJR0319,WorkOn:8.0,WorkOff:15.5
AJR0932,WorkOn:7.5,WorkOff:16.0
AKC0924,WorkOn:8.5,WorkOff:19.5
AKF0709,WorkOn:8.0,WorkOff:16.5
AKH0758,WorkOn:8.5,WorkOff:16.5
AKK0329,WorkOn:7.5,WorkOff:18.0
AKR0057,WorkOn:8.0,WorkOff:19.0
AKW0167,WorkOn:8.0,WorkOff:15.5
ALB0892,WorkOn:9.5,WorkOff:18.0
ALC0788,WorkOn:8.5,WorkOff:19.5
ALD0529,WorkOn:9.0,WorkOff:17.0
ALD0544,WorkOn:8.0,WorkOff:18.0
ALH0402,WorkOn:8.0,WorkOff:19.0
AMD0077,WorkOn:7.5,WorkOff:15.5
AMH0464,WorkOn:8.0,WorkOff:18.0
AMH0794,WorkOn:8.5,WorkOff:17.0
AMJ0297,WorkOn:9.0,WorkOff:18.0
AMM0014,WorkOn:8.0,WorkOff:18.5
AMR0318,WorkOn:8.0,WorkOff:15.5
AMR0400,WorkOn:8.0,WorkOff:19.0
AMV0036,WorkOn:8.0,WorkOff:15.5
AMW0392,WorkOn:8.0,WorkOff:19.0
ANM0123,WorkOn:8.5,WorkOff:19.0
ANP0555,WorkOn:8.0,WorkOff:18.0
ANT0430,WorkOn:8.0,WorkOff:17.0
AOB0019,WorkOn:8.0,WorkOff:18.0
AOK0844,WorkOn:8.5,WorkOff:19.0
AOS0987,WorkOn:9.5,WorkOff:18.0
APG0307,WorkOn:9.0,WorkOff:17.5
AQD0820,WorkOn:8.5,WorkOff:20.5
ARA0252,WorkOn:8.0,WorkOff:17.0
ARB0834,WorkOn:8.5,WorkOff:19.5
ARB0881,WorkOn:9.5,WorkOff:18.0
ARD0509,WorkOn:9.0,WorkOff:17.0
ARL0034,WorkOn:8.0,WorkOff:15.5
ASB0796,WorkOn:8.5,WorkOff:17.0
ASD0577,WorkOn:8.5,WorkOff:18.5
ASG0048,WorkOn:8.0,WorkOff:17.0
ASG0692,WorkOn:9.0,WorkOff:19.0
ASL0378,WorkOn:8.0,WorkOff:16.0
ASM0575,WorkOn:8.5,WorkOff:18.5
ASS0206,WorkOn:8.0,WorkOff:15.5
ASS0517,WorkOn:9.0,WorkOff:17.0
ASV0946,WorkOn:7.5,WorkOff:16.0
ATE0869,WorkOn:8.0,WorkOff:17.5
ATF0274,WorkOn:7.5,WorkOff:17.0
ATP0662,WorkOn:9.0,WorkOff:19.0
AVM0947,WorkOn:7.5,WorkOff:16.0
AWM0764,WorkOn:8.5,WorkOff:16.5
BAH0875,WorkOn:8.0,WorkOff:17.5
BAJ0654,WorkOn:9.5,WorkOff:21.0
BAK0964,WorkOn:7.5,WorkOff:16.0
BAL0044,WorkOn:6.5,WorkOff:15.5
BAM0611,WorkOn:8.0,WorkOff:17.0
BAM0636,WorkOn:9.5,WorkOff:21.0
BBG0325,WorkOn:8.0,WorkOff:15.5
BBH0810,WorkOn:8.5,WorkOff:20.0
BBS0039,WorkOn:6.5,WorkOff:15.5
BBS0422,WorkOn:8.0,WorkOff:18.0
BCB0679,WorkOn:8.0,WorkOff:16.0
BCM0653,WorkOn:9.5,WorkOff:21.0
BCR0581,WorkOn:9.0,WorkOff:18.5
BDB0453,WorkOn:8.0,WorkOff:18.0
BDI0533,WorkOn:9.0,WorkOff:17.0
BDV0168,WorkOn:8.0,WorkOff:15.5
BEC0505,WorkOn:8.5,WorkOff:17.0
BEH0615,WorkOn:8.0,WorkOff:17.0
BER0314,WorkOn:8.0,WorkOff:15.5
BHC0665,WorkOn:8.5,WorkOff:16.0
BHW0458,WorkOn:8.5,WorkOff:18.0
BIH0745,WorkOn:8.0,WorkOff:17.0
BIS0247,WorkOn:8.0,WorkOff:17.0
BJH0354,WorkOn:8.5,WorkOff:17.0
BJH0811,WorkOn:8.5,WorkOff:20.5
BJM0111,WorkOn:9.5,WorkOff:18.0
BJP0134,WorkOn:9.0,WorkOff:18.0
BJW0619,WorkOn:8.0,WorkOff:17.0
BKW0374,WorkOn:6.5,WorkOff:16.0
BLB0114,WorkOn:9.5,WorkOff:18.0
BLL0929,WorkOn:7.5,WorkOff:16.0
BLS0678,WorkOn:8.0,WorkOff:16.0
BMC0547,WorkOn:8.0,WorkOff:18.0
BMG0917,WorkOn:8.5,WorkOff:19.5
BMM0112,WorkOn:9.5,WorkOff:18.0
BMS0877,WorkOn:8.0,WorkOff:17.5
BMT0528,WorkOn:9.0,WorkOff:17.0
BNG0237,WorkOn:8.0,WorkOff:18.0
BNR0965,WorkOn:7.5,WorkOff:16.0
BQS0525,WorkOn:9.5,WorkOff:17.0
BRB0355,WorkOn:9.0,WorkOff:16.5
BRM0995,WorkOn:9.5,WorkOff:21.0
BRS0734,WorkOn:8.0,WorkOff:17.0
BSA0431,WorkOn:8.0,WorkOff:17.0
BSB0990,WorkOn:7.5,WorkOff:15.0
BSH0445,WorkOn:8.0,WorkOff:17.0
BSS0369,WorkOn:6.5,WorkOff:16.0
BSS0463,WorkOn:8.0,WorkOff:18.0
BTL0226,WorkOn:8.0,WorkOff:19.0
BTL0722,WorkOn:8.0,WorkOff:16.5
BTN0061,WorkOn:8.0,WorkOff:18.5
BTR0403,WorkOn:8.0,WorkOff:19.0
BTS0011,WorkOn:7.5,WorkOff:15.5
BTW0005,WorkOn:7.5,WorkOff:16.5
BVC0790,WorkOn:9.5,WorkOff:18.0
BVN0514,WorkOn:9.0,WorkOff:17.0
BWH0813,WorkOn:8.5,WorkOff:20.5
BWP0202,WorkOn:7.5,WorkOff:17.0
BXJ0010,WorkOn:8.0,WorkOff:18.0
BYP0070,WorkOn:8.0,WorkOff:18.0
CAA0612,WorkOn:8.0,WorkOff:17.0
CAB0388,WorkOn:8.0,WorkOff:16.0
CAB0614,WorkOn:8.0,WorkOff:17.0
CAC0889,WorkOn:9.5,WorkOff:18.0
CAH0936,WorkOn:7.5,WorkOff:16.0
CAM0102,WorkOn:7.5,WorkOff:17.0
CAM0681,WorkOn:9.0,WorkOff:19.0
CAN0842,WorkOn:8.5,WorkOff:19.5
CAS0507,WorkOn:9.0,WorkOff:17.0
CBB0365,WorkOn:6.5,WorkOff:16.0
CBG0398,WorkOn:8.0,WorkOff:19.0
CBG0490,WorkOn:8.5,WorkOff:17.0
CCA0046,WorkOn:6.5,WorkOff:15.5
CCC0393,WorkOn:8.0,WorkOff:19.0
CCH0182,WorkOn:7.5,WorkOff:18.0
CCH0685,WorkOn:9.0,WorkOff:19.0
CCL0068,WorkOn:8.0,WorkOff:18.0
CCM0136,WorkOn:9.0,WorkOff:18.0
CCM0467,WorkOn:8.0,WorkOff:18.0
CCM0855,WorkOn:8.0,WorkOff:17.5
CCR0863,WorkOn:8.0,WorkOff:17.5
CCW0031,WorkOn:8.0,WorkOff:15.5
CCW0524,WorkOn:9.0,WorkOff:16.5
CEB0210,WorkOn:8.0,WorkOff:15.5
CEJ0109,WorkOn:9.5,WorkOff:18.0
CEL0561,WorkOn:9.0,WorkOff:18.0
CFG0959,WorkOn:7.5,WorkOff:16.0
CFM0767,WorkOn:8.5,WorkOff:16.5
CFW0264,WorkOn:7.5,WorkOff:15.5
CGA0629,WorkOn:8.0,WorkOff:17.0
CGB0637,WorkOn:9.5,WorkOff:21.0
CGF0337,WorkOn:7.5,WorkOff:18.0
CHG0146,WorkOn:8.5,WorkOff:16.5
CHM0821,WorkOn:9.0,WorkOff:19.0
CIG0052,WorkOn:8.5,WorkOff:17.5
CIM0271,WorkOn:7.5,WorkOff:17.0
CIM0926,WorkOn:8.5,WorkOff:19.0
CJC0494,WorkOn:8.5,WorkOff:17.0
CJF0802,WorkOn:8.5,WorkOff:17.0
CJG0470,WorkOn:8.0,WorkOff:18.0
CJH0702,WorkOn:8.0,WorkOff:16.5
CJK0200,WorkOn:7.5,WorkOff:15.5
CJM0138,WorkOn:9.0,WorkOff:18.0
CJM0521,WorkOn:9.5,WorkOff:17.0
CJP0952,WorkOn:7.5,WorkOff:16.0
CJV0286,WorkOn:9.5,WorkOff:18.0
CKB0427,WorkOn:8.0,WorkOff:17.0
CKB0482,WorkOn:8.5,WorkOff:17.0
CKD0680,WorkOn:8.0,WorkOff:16.0
CKH0144,WorkOn:7.5,WorkOff:17.0
CKP0721,WorkOn:8.0,WorkOff:16.5
CLB0774,WorkOn:8.5,WorkOff:16.5
CLD0894,WorkOn:9.5,WorkOff:18.0
CLF0852,WorkOn:8.0,WorkOff:17.5
CLH0703,WorkOn:8.0,WorkOff:16.5
CLS0296,WorkOn:9.0,WorkOff:18.0
CMB0912,WorkOn:7.5,WorkOff:16.0
CMM0487,WorkOn:8.5,WorkOff:17.0
CMS0454,WorkOn:8.0,WorkOff:18.0
CMW0783,WorkOn:8.5,WorkOff:16.5
CNB0900,WorkOn:9.5,WorkOff:18.0
CNE0352,WorkOn:8.0,WorkOff:17.0
CNM0800,WorkOn:8.5,WorkOff:17.0
COF0120,WorkOn:9.5,WorkOff:21.0
COM0321,WorkOn:8.0,WorkOff:15.5
CPG0322,WorkOn:8.0,WorkOff:15.5
CQH0701,WorkOn:8.0,WorkOff:16.5
CQH0730,WorkOn:8.0,WorkOff:17.0
CQW0652,WorkOn:9.5,WorkOff:21.0
CRD0624,WorkOn:8.0,WorkOff:17.0
CRK0916,WorkOn:8.5,WorkOff:19.5
CRO0027,WorkOn:9.5,WorkOff:18.0
CRP0456,WorkOn:8.0,WorkOff:18.0
CSB0080,WorkOn:8.0,WorkOff:17.0
CSC0217,WorkOn:6.5,WorkOff:15.5
CSH0626,WorkOn:8.0,WorkOff:17.0
CSJ0340,WorkOn:7.5,WorkOff:18.0
CSL0949,WorkOn:7.5,WorkOff:16.0
CSP0197,WorkOn:8.5,WorkOff:18.0
CTA0020,WorkOn:8.0,WorkOff:18.0
CTR0341,WorkOn:7.5,WorkOff:18.0
CTR0697,WorkOn:8.0,WorkOff:16.5
CTW0500,WorkOn:8.5,WorkOff:17.0
CUD0795,WorkOn:8.5,WorkOff:17.0
CWB0065,WorkOn:7.5,WorkOff:15.0
CWR0502,WorkOn:8.5,WorkOff:17.0
CXC0336,WorkOn:7.5,WorkOff:18.0
CYA0506,WorkOn:9.0,WorkOff:17.0
DAG0558,WorkOn:9.0,WorkOff:18.0
DAL0673,WorkOn:8.5,WorkOff:16.0
DAR0885,WorkOn:9.5,WorkOff:18.0
DBB0384,WorkOn:8.0,WorkOff:16.0
DBG0261,WorkOn:8.0,WorkOff:16.5
DBS0235,WorkOn:8.0,WorkOff:19.0
DBW0483,WorkOn:8.5,WorkOff:17.0
DCC0160,WorkOn:7.5,WorkOff:18.5
DCH0843,WorkOn:8.5,WorkOff:19.5
DDA0476,WorkOn:8.5,WorkOff:17.0
DDM0579,WorkOn:8.5,WorkOff:18.5
DEB0782,WorkOn:8.5,WorkOff:16.5
DFH0188,WorkOn:7.5,WorkOff:18.0
DFR0218,WorkOn:6.5,WorkOff:15.5
DGF0443,WorkOn:8.0,WorkOff:17.0
DGM0754,WorkOn:8.0,WorkOff:17.0
DGN0480,WorkOn:8.5,WorkOff:17.0
DGW0752,WorkOn:8.0,WorkOff:17.0
DHM0937,WorkOn:7.5,WorkOff:16.0
DIB0081,WorkOn:8.0,WorkOff:17.0
DIB0285,WorkOn:9.5,WorkOff:18.0
DIC0988,WorkOn:8.0,WorkOff:18.5
DID0650,WorkOn:9.5,WorkOff:21.0
DIW0118,WorkOn:7.5,WorkOff:16.0
DJB0159,WorkOn:7.5,WorkOff:16.0
DJS0682,WorkOn:9.0,WorkOff:19.0
DKB0631,WorkOn:9.5,WorkOff:21.0
DLF0377,WorkOn:8.0,WorkOff:16.0
DLH0029,WorkOn:8.0,WorkOff:18.5
DLM0051,WorkOn:7.0,WorkOff:15.5
DLS0383,WorkOn:8.0,WorkOff:15.5
DMG0358,WorkOn:6.5,WorkOff:16.0
DMK0257,WorkOn:8.0,WorkOff:16.5
DMM0623,WorkOn:8.0,WorkOff:17.0
DOL0332,WorkOn:7.5,WorkOff:18.0
DOP0562,WorkOn:9.0,WorkOff:18.0
DPM0423,WorkOn:8.0,WorkOff:18.0
DPS0262,WorkOn:8.0,WorkOff:16.5
DRR0162,WorkOn:7.5,WorkOff:16.0
DRR0242,WorkOn:8.0,WorkOff:17.5
DSB0731,WorkOn:8.0,WorkOff:17.0
DSM0591,WorkOn:8.5,WorkOff:18.5
DTP0379,WorkOn:8.0,WorkOff:16.0
DTT0076,WorkOn:8.0,WorkOff:16.5
DVM0265,WorkOn:7.5,WorkOff:15.5
DVW0103,WorkOn:7.5,WorkOff:17.0
DZC0228,WorkOn:8.0,WorkOff:18.5
EAH0466,WorkOn:8.0,WorkOff:18.0
EBC0390,WorkOn:8.0,WorkOff:16.0
ECF0828,WorkOn:8.5,WorkOff:19.5
ECL0930,WorkOn:7.5,WorkOff:16.0
ECR0822,WorkOn:8.5,WorkOff:19.5
EDA0684,WorkOn:9.0,WorkOff:19.0
EDB0714,WorkOn:8.0,WorkOff:16.5
EFS0882,WorkOn:9.5,WorkOff:18.0
EGD0132,WorkOn:9.0,WorkOff:18.0
EGD0409,WorkOn:8.0,WorkOff:18.0
EGK0893,WorkOn:9.5,WorkOff:18.0
EHB0420,WorkOn:8.0,WorkOff:18.0
EHB0824,WorkOn:8.5,WorkOff:19.0
EHD0584,WorkOn:8.5,WorkOff:18.5
EHR0096,WorkOn:7.5,WorkOff:17.0
EIM0156,WorkOn:7.0,WorkOff:17.0
EIP0997,WorkOn:8.5,WorkOff:19.0
EIS0041,WorkOn:6.5,WorkOff:15.5
EJW0884,WorkOn:9.5,WorkOff:18.0
ELB0847,WorkOn:8.5,WorkOff:19.0
ELH0960,WorkOn:7.5,WorkOff:16.0
ELT0769,WorkOn:8.5,WorkOff:16.5
EMB0531,WorkOn:9.0,WorkOff:17.0
EMS0317,WorkOn:8.0,WorkOff:15.5
EMW0105,WorkOn:9.5,WorkOff:18.0
EMW0772,WorkOn:8.5,WorkOff:16.5
ENC0234,WorkOn:8.0,WorkOff:18.5
ENL0100,WorkOn:7.5,WorkOff:17.0
EPW0434,WorkOn:8.0,WorkOff:17.0
ERH0449,WorkOn:8.0,WorkOff:17.5
ESA0642,WorkOn:9.5,WorkOff:21.0
ESH0135,WorkOn:9.0,WorkOff:17.5
ESH0283,WorkOn:9.5,WorkOff:18.0
ESJ0670,WorkOn:8.0,WorkOff:15.5
ESR0693,WorkOn:9.0,WorkOff:19.0
ETR0177,WorkOn:9.0,WorkOff:18.5
ETR0428,WorkOn:8.0,WorkOff:17.0
EWH0191,WorkOn:7.5,WorkOff:15.5
EZH0736,WorkOn:8.0,WorkOff:17.0
EZT0640,WorkOn:9.5,WorkOff:21.0
FAW0032,WorkOn:7.5,WorkOff:15.5
FBA0348,WorkOn:8.5,WorkOff:16.0
FBW0747,WorkOn:8.0,WorkOff:17.0
FDE0117,WorkOn:8.5,WorkOff:19.0
FEB0306,WorkOn:9.0,WorkOff:18.0
FFC0891,WorkOn:9.5,WorkOff:18.0
FGW0853,WorkOn:8.0,WorkOff:17.5
FHO0630,WorkOn:8.0,WorkOff:17.0
FHS0837,WorkOn:8.5,WorkOff:19.5
FIR0920,WorkOn:8.5,WorkOff:19.5
FKB0163,WorkOn:7.5,WorkOff:16.0
FKK0055,WorkOn:8.5,WorkOff:17.0
FLM0213,WorkOn:8.0,WorkOff:15.5
FMG0527,WorkOn:9.0,WorkOff:17.0
FOB0756,WorkOn:8.5,WorkOff:16.5
FPC0954,WorkOn:7.5,WorkOff:16.0
FQA0854,WorkOn:8.0,WorkOff:17.5
FRB0023,WorkOn:7.5,WorkOff:15.0
FRL0511,WorkOn:9.0,WorkOff:17.0
FRR0832,WorkOn:8.5,WorkOff:19.5
FSB0399,WorkOn:8.0,WorkOff:19.0
FSC0601,WorkOn:8.0,WorkOff:17.0
FTM0406,WorkOn:8.0,WorkOff:18.0
FUM0015,WorkOn:8.5,WorkOff:19.5
FWM0707,WorkOn:8.0,WorkOff:16.5
FXF0957,WorkOn:7.5,WorkOff:16.0
GAF0060,WorkOn:8.0,WorkOff:19.0
GAF0570,WorkOn:9.0,WorkOff:17.5
GBM0603,WorkOn:8.0,WorkOff:17.0
GCC0744,WorkOn:8.0,WorkOff:17.0
GCC0945,WorkOn:7.5,WorkOff:16.0
GCG0951,WorkOn:7.5,WorkOff:16.0
GCL0016,WorkOn:8.0,WorkOff:18.0
GCR0554,WorkOn:8.0,WorkOff:17.5
GCS0518,WorkOn:9.0,WorkOff:17.0
GCS0571,WorkOn:9.0,WorkOff:18.5
GDF0704,WorkOn:8.0,WorkOff:16.5
GHH0288,WorkOn:9.0,WorkOff:18.0
GHL0460,WorkOn:8.0,WorkOff:17.5
GJD0298,WorkOn:9.0,WorkOff:18.0
GJT0386,WorkOn:8.0,WorkOff:16.0
GKO0078,WorkOn:7.5,WorkOff:17.0
GLR0975,WorkOn:8.0,WorkOff:18.0
GMF0738,WorkOn:8.0,WorkOff:17.0
GNS0178,WorkOn:7.5,WorkOff:18.0
GNZ0953,WorkOn:7.5,WorkOff:16.0
GOK0238,WorkOn:8.0,WorkOff:18.0
GQF0659,WorkOn:9.5,WorkOff:21.0
GQP0743,WorkOn:8.0,WorkOff:17.0
GRC0145,WorkOn:9.0,WorkOff:15.5
GRM0868,WorkOn:8.0,WorkOff:17.5
GTD0116,WorkOn:9.5,WorkOff:21.0
GTD0219,WorkOn:6.5,WorkOff:15.5
GTD0898,WorkOn:9.5,WorkOff:18.0
GZB0469,WorkOn:8.0,WorkOff:18.0
GZC0735,WorkOn:8.0,WorkOff:16.5
HAC0282,WorkOn:9.5,WorkOff:18.0
HAD0246,WorkOn:8.0,WorkOff:17.0
HAH0248,WorkOn:8.0,WorkOff:17.0
HAH0760,WorkOn:8.5,WorkOff:16.5
HAM0985,WorkOn:8.0,WorkOff:17.5
HAV0121,WorkOn:9.5,WorkOff:21.0
HBB0056,WorkOn:8.5,WorkOff:17.5
HBO0413,WorkOn:8.0,WorkOff:18.0
HCC0344,WorkOn:7.5,WorkOff:18.0
HCL0113,WorkOn:9.5,WorkOff:18.0
HCL0651,WorkOn:9.5,WorkOff:21.0
HCM0267,WorkOn:7.5,WorkOff:15.5
HCS0003,WorkOn:8.5,WorkOff:17.5
HCV0478,WorkOn:8.5,WorkOff:17.0
HCW0419,WorkOn:8.0,WorkOff:18.0
HDD0789,WorkOn:8.0,WorkOff:17.5
HDD0806,WorkOn:9.0,WorkOff:20.5
HDH0928,WorkOn:8.5,WorkOff:19.5
HDJ0446,WorkOn:8.0,WorkOff:17.5
HDL0748,WorkOn:8.0,WorkOff:17.0
HDS0367,WorkOn:6.5,WorkOff:16.0
HFB0347,WorkOn:7.5,WorkOff:18.0
HGG0240,WorkOn:8.0,WorkOff:18.0
HGH0595,WorkOn:8.5,WorkOff:18.5
HGN0287,WorkOn:9.5,WorkOff:18.0
HIA0414,WorkOn:8.0,WorkOff:17.5
HIW0536,WorkOn:8.0,WorkOff:18.0
HJA0018,WorkOn:8.0,WorkOff:18.0
HJB0742,WorkOn:8.0,WorkOff:17.0
HJS0072,WorkOn:8.0,WorkOff:18.0
HKB0418,WorkOn:8.0,WorkOff:18.0
HKF0831,WorkOn:8.5,WorkOff:19.5
HKI0171,WorkOn:8.0,WorkOff:15.5
HKR0628,WorkOn:8.0,WorkOff:17.0
HLH0512,WorkOn:9.0,WorkOff:17.0
HLM0933,WorkOn:7.5,WorkOff:16.0
HMM0108,WorkOn:9.5,WorkOff:18.0
HMW0713,WorkOn:8.0,WorkOff:16.5
HOB0994,WorkOn:9.5,WorkOff:21.0
HPH0075,WorkOn:8.0,WorkOff:17.0
HPM0986,WorkOn:8.0,WorkOff:17.5
HPR0585,WorkOn:8.5,WorkOff:18.5
HRB0351,WorkOn:8.0,WorkOff:17.5
HRD0635,WorkOn:9.5,WorkOff:21.0
HRL0540,WorkOn:9.5,WorkOff:21.0
HRW0550,WorkOn:8.0,WorkOff:18.0
HSB0196,WorkOn:8.5,WorkOff:18.0
HSD0457,WorkOn:8.5,WorkOff:18.0
HSG0818,WorkOn:8.5,WorkOff:20.0
HSP0290,WorkOn:9.0,WorkOff:18.0
HTF0641,WorkOn:9.5,WorkOff:21.0
HTH0007,WorkOn:7.0,WorkOff:16.0
HVB0037,WorkOn:8.0,WorkOff:15.5
HVF0067,WorkOn:8.0,WorkOff:17.5
HWH0646,WorkOn:9.5,WorkOff:21.0
HWM0342,WorkOn:7.5,WorkOff:18.0
HWW0436,WorkOn:8.0,WorkOff:17.0
HWY0038,WorkOn:6.5,WorkOff:15.5
HXL0968,WorkOn:7.5,WorkOff:16.0
IAR0694,WorkOn:9.5,WorkOff:19.0
IAT0263,WorkOn:7.5,WorkOff:15.0
IBB0359,WorkOn:6.5,WorkOff:16.0
IBB0696,WorkOn:8.0,WorkOff:16.5
IBM0671,WorkOn:8.0,WorkOff:16.0
IBP0883,WorkOn:9.5,WorkOff:18.0
IBS0836,WorkOn:8.5,WorkOff:19.5
ICH0294,WorkOn:9.0,WorkOff:18.0
ICS0956,WorkOn:7.5,WorkOff:16.0
IDO0176,WorkOn:8.0,WorkOff:15.5
IEB0153,WorkOn:8.5,WorkOff:18.5
IHK0841,WorkOn:8.5,WorkOff:19.5
IIA0092,WorkOn:7.5,WorkOff:15.5
IIL0513,WorkOn:9.0,WorkOff:16.5
IIW0249,WorkOn:8.0,WorkOff:16.5
IJM0139,WorkOn:9.0,WorkOff:17.5
IJM0444,WorkOn:8.0,WorkOff:17.0
IJM0776,WorkOn:8.5,WorkOff:16.5
IJR0825,WorkOn:8.5,WorkOff:19.5
IJW0851,WorkOn:8.0,WorkOff:17.5
IKP0472,WorkOn:8.5,WorkOff:18.0
IKR0401,WorkOn:8.0,WorkOff:19.0
ILC0838,WorkOn:8.5,WorkOff:19.5
ILH0958,WorkOn:7.5,WorkOff:16.0
ILJ0526,WorkOn:9.0,WorkOff:17.0
ILR0304,WorkOn:9.5,WorkOff:18.0
IMB0481,WorkOn:8.5,WorkOff:17.0
IMG0320,WorkOn:8.0,WorkOff:15.5
IMP0530,WorkOn:9.0,WorkOff:17.0
IRM0931,WorkOn:7.5,WorkOff:16.0
IRT0491,WorkOn:8.5,WorkOff:17.0
IUB0565,WorkOn:9.0,WorkOff:18.0
IUY0279,WorkOn:9.5,WorkOff:18.0
IWM0816,WorkOn:8.5,WorkOff:20.5
IYB0918,WorkOn:8.5,WorkOff:19.5
JAD0609,WorkOn:8.0,WorkOff:17.0
JAJ0849,WorkOn:9.0,WorkOff:19.0
JAM0382,WorkOn:8.0,WorkOff:16.0
JAV0361,WorkOn:6.5,WorkOff:16.0
JBD0616,WorkOn:8.0,WorkOff:17.0
JBM0350,WorkOn:8.0,WorkOff:19.0
JCC0225,WorkOn:6.5,WorkOff:15.5
JCG0316,WorkOn:8.0,WorkOff:15.5
JCR0172,WorkOn:8.0,WorkOff:15.5
JCR0289,WorkOn:9.0,WorkOff:18.0
JCR0770,WorkOn:8.5,WorkOff:16.5
JCR0921,WorkOn:8.5,WorkOff:19.5
JCV0245,WorkOn:8.0,WorkOff:17.0
JCW0858,WorkOn:8.0,WorkOff:17.5
JDB0169,WorkOn:8.0,WorkOff:15.5
JDC0030,WorkOn:8.5,WorkOff:19.5
JDF0593,WorkOn:8.5,WorkOff:18.5
JER0404,WorkOn:8.0,WorkOff:19.0
JFC0557,WorkOn:9.0,WorkOff:17.5
JFC0757,WorkOn:8.5,WorkOff:16.5
JGM0934,WorkOn:7.5,WorkOff:16.0
JGT0221,WorkOn:6.5,WorkOff:15.0
JHP0583,WorkOn:9.0,WorkOff:18.5
JIG0128,WorkOn:8.5,WorkOff:19.0
JIM0095,WorkOn:7.5,WorkOff:17.0
JJB0127,WorkOn:8.5,WorkOff:19.0
JJB0700,WorkOn:8.0,WorkOff:16.5
JJH0292,WorkOn:9.0,WorkOff:18.0
JJH0613,WorkOn:8.0,WorkOff:17.0
JJM0203,WorkOn:7.5,WorkOff:17.0
JKB0126,WorkOn:8.5,WorkOff:19.0
JKF0465,WorkOn:8.0,WorkOff:18.0
JKJ0698,WorkOn:8.0,WorkOff:16.5
JKM0303,WorkOn:9.0,WorkOff:18.0
JLM0364,WorkOn:6.5,WorkOff:16.0
JLW0053,WorkOn:8.0,WorkOff:19.0
JMB0308,WorkOn:8.0,WorkOff:15.5
JMC0925,WorkOn:8.5,WorkOff:19.0
JMD0520,WorkOn:9.0,WorkOff:17.0
JMH0543,WorkOn:8.0,WorkOff:17.5
JMK0099,WorkOn:7.5,WorkOff:17.0
JML0909,WorkOn:9.5,WorkOff:18.0
JMW0638,WorkOn:9.5,WorkOff:21.0
JNA0559,WorkOn:9.0,WorkOff:18.0
JNJ0556,WorkOn:9.0,WorkOff:18.0
JOL0024,WorkOn:8.0,WorkOff:17.5
JOM0750,WorkOn:8.0,WorkOff:17.0
JPA0667,WorkOn:8.0,WorkOff:16.0
JPW0741,WorkOn:8.0,WorkOff:17.0
JRF0835,WorkOn:8.5,WorkOff:19.5
JRG0207,WorkOn:8.0,WorkOff:15.5
JRH0455,WorkOn:8.0,WorkOff:18.0
JRL0574,WorkOn:8.5,WorkOff:18.5
JRS0362,WorkOn:6.5,WorkOff:16.0
JSA0775,WorkOn:8.5,WorkOff:16.5
JSH0330,WorkOn:7.5,WorkOff:18.0
JTM0223,WorkOn:6.5,WorkOff:15.5
JTS0389,WorkOn:8.0,WorkOff:16.0
JXH0493,WorkOn:8.5,WorkOff:17.0
JZD0888,WorkOn:9.5,WorkOff:18.0
KAC0124,WorkOn:8.5,WorkOff:19.0
KAL0395,WorkOn:8.0,WorkOff:19.0
KAT0270,WorkOn:7.5,WorkOff:17.0
KAT0489,WorkOn:8.5,WorkOff:17.0
KBB0189,WorkOn:7.0,WorkOff:16.0
KBC0054,WorkOn:8.5,WorkOff:17.5
KBG0549,WorkOn:8.0,WorkOff:18.0
KBL0260,WorkOn:8.0,WorkOff:16.5
KBP0008,WorkOn:7.5,WorkOff:15.5
KBS0874,WorkOn:8.0,WorkOff:17.5
KCB0815,WorkOn:8.5,WorkOff:20.5
KCF0045,WorkOn:6.5,WorkOff:15.5
KCO0122,WorkOn:9.5,WorkOff:21.0
KCS0173,WorkOn:8.0,WorkOff:15.5
KDS0349,WorkOn:8.0,WorkOff:16.0
KDT0346,WorkOn:7.5,WorkOff:18.0
KES0729,WorkOn:8.0,WorkOff:17.0
KJA0152,WorkOn:8.5,WorkOff:18.5
KJG0910,WorkOn:9.5,WorkOff:18.0
KJJ0293,WorkOn:9.0,WorkOff:18.0
KJM0887,WorkOn:9.5,WorkOff:18.0
KJP0371,WorkOn:6.5,WorkOff:16.0
KJS0618,WorkOn:8.0,WorkOff:17.0
KJW0416,WorkOn:8.0,WorkOff:18.0
KKC0683,WorkOn:9.0,WorkOff:19.0
KKS0119,WorkOn:7.5,WorkOff:17.0
KKW0879,WorkOn:8.0,WorkOff:17.5
KLH0596,WorkOn:9.0,WorkOff:18.5
KLM0639,WorkOn:9.5,WorkOff:21.0
KMB0922,WorkOn:8.5,WorkOff:19.5
KMS0657,WorkOn:9.5,WorkOff:21.0
KMW0545,WorkOn:8.0,WorkOff:18.0
KNB0022,WorkOn:7.5,WorkOff:15.5
KNG0672,WorkOn:8.0,WorkOff:16.0
KNW0644,WorkOn:9.5,WorkOff:21.0
KPC0073,WorkOn:8.0,WorkOff:18.0
KPP0452,WorkOn:8.0,WorkOff:18.0
KPR0497,WorkOn:8.5,WorkOff:17.0
KQC0708,WorkOn:8.0,WorkOff:16.5
KQS0415,WorkOn:8.0,WorkOff:17.5
KRG0158,WorkOn:7.0,WorkOff:16.0
KRL0062,WorkOn:7.5,WorkOff:15.0
KRL0501,WorkOn:8.5,WorkOff:17.0
KRM0541,WorkOn:8.0,WorkOff:17.5
KRV0372,WorkOn:6.5,WorkOff:16.0
KSH0569,WorkOn:9.0,WorkOff:18.0
KSP0357,WorkOn:8.5,WorkOff:16.0
KSP0966,WorkOn:7.5,WorkOff:16.0
KTG0091,WorkOn:7.5,WorkOff:15.5
KVS0425,WorkOn:8.0,WorkOff:17.5
KVT0028,WorkOn:8.0,WorkOff:18.5
KWC0004,WorkOn:8.0,WorkOff:17.0
KWE0082,WorkOn:8.0,WorkOff:16.5
LAF0991,WorkOn:9.5,WorkOff:21.0
LAM0911,WorkOn:8.5,WorkOff:19.5
LAP0338,WorkOn:7.5,WorkOff:18.0
LBC0356,WorkOn:6.5,WorkOff:16.0
LBF0214,WorkOn:8.0,WorkOff:15.5
LBH0942,WorkOn:7.5,WorkOff:16.0
LCB0664,WorkOn:8.0,WorkOff:17.0
LCC0819,WorkOn:8.5,WorkOff:20.0
LCD0622,WorkOn:8.0,WorkOff:17.0
LDB0090,WorkOn:7.5,WorkOff:15.5
LDD0560,WorkOn:9.0,WorkOff:18.0
LDG0459,WorkOn:8.0,WorkOff:18.0
LDM0587,WorkOn:8.5,WorkOff:18.5
LEM0605,WorkOn:8.0,WorkOff:17.0
LFS0071,WorkOn:8.0,WorkOff:18.0
LHB0606,WorkOn:8.0,WorkOff:17.0
LHB0967,WorkOn:7.5,WorkOff:16.0
LHL0309,WorkOn:8.0,WorkOff:15.5
LHN0151,WorkOn:8.5,WorkOff:16.5
LIM0674,WorkOn:8.0,WorkOff:16.0
LJB0826,WorkOn:8.5,WorkOff:19.5
LJJ0905,WorkOn:9.5,WorkOff:18.0
LJR0523,WorkOn:9.0,WorkOff:17.0
LJT0817,WorkOn:8.5,WorkOff:20.5
LLV0602,WorkOn:8.0,WorkOff:17.0
LMF0980,WorkOn:7.5,WorkOff:15.5
LNR0656,WorkOn:9.5,WorkOff:21.0
LNS0989,WorkOn:8.0,WorkOff:18.5
LOF0311,WorkOn:8.0,WorkOff:15.5
LOM0086,WorkOn:8.0,WorkOff:16.5
LPC0492,WorkOn:8.5,WorkOff:17.0
LPH0572,WorkOn:9.0,WorkOff:18.5
LQC0479,WorkOn:8.5,WorkOff:17.0
LQP0508,WorkOn:9.0,WorkOff:17.0
LRR0148,WorkOn:7.5,WorkOff:17.0
LRW0970,WorkOn:7.5,WorkOff:16.0
LTS0860,WorkOn:8.0,WorkOff:17.5
LUR0896,WorkOn:9.5,WorkOff:18.0
MAD0496,WorkOn:8.5,WorkOff:17.0
MAD0753,WorkOn:8.5,WorkOff:16.5
MAE0331,WorkOn:7.5,WorkOff:18.0
MAH0149,WorkOn:8.5,WorkOff:16.5
MAH0864,WorkOn:8.0,WorkOff:17.5
MAR0955,WorkOn:7.5,WorkOff:16.0
MAS0025,WorkOn:8.0,WorkOff:17.5
MAW0166,WorkOn:8.0,WorkOff:15.5
MBG0438,WorkOn:8.0,WorkOff:17.0
MBJ0312,WorkOn:8.0,WorkOff:15.5
MBR0724,WorkOn:8.0,WorkOff:16.5
MBW0809,WorkOn:8.5,WorkOff:20.5
MCD0125,WorkOn:8.5,WorkOff:19.0
MCF0327,WorkOn:8.0,WorkOff:15.5
MCF0600,WorkOn:8.5,WorkOff:18.5
MCJ0324,WorkOn:8.0,WorkOff:15.5
MCS0035,WorkOn:8.0,WorkOff:15.5
MCT0720,WorkOn:8.0,WorkOff:16.5
MDH0580,WorkOn:8.5,WorkOff:18.5
MDH0686,WorkOn:9.0,WorkOff:19.0
MDM0625,WorkOn:8.0,WorkOff:17.0
MDM0976,WorkOn:8.0,WorkOff:17.5
MES0407,WorkOn:8.0,WorkOff:18.0
MFV0897,WorkOn:9.5,WorkOff:18.0
MGS0974,WorkOn:8.0,WorkOff:18.0
MHA0798,WorkOn:8.5,WorkOff:17.0
MHG0244,WorkOn:8.0,WorkOff:17.0
MHG0733,WorkOn:8.0,WorkOff:17.0
MHH0180,WorkOn:7.5,WorkOff:18.0
MIB0904,WorkOn:9.5,WorkOff:18.0
MIC0726,WorkOn:8.0,WorkOff:17.0
MIL0255,WorkOn:8.0,WorkOff:16.5
MIM0712,WorkOn:8.0,WorkOff:16.5
MJB0588,WorkOn:8.5,WorkOff:18.5
MJM0510,WorkOn:9.0,WorkOff:17.0
MJS0890,WorkOn:9.5,WorkOff:18.0
MKG0711,WorkOn:8.0,WorkOff:16.5
MKL0941,WorkOn:7.5,WorkOff:16.0
MKP0861,WorkOn:8.0,WorkOff:17.5
MKS0204,WorkOn:7.5,WorkOff:17.0
MKW0441,WorkOn:8.0,WorkOff:16.5
MLD0755,WorkOn:8.0,WorkOff:17.0
MLG0475,WorkOn:8.0,WorkOff:18.0
MLL0598,WorkOn:8.5,WorkOff:18.5
MLM0950,WorkOn:7.5,WorkOff:16.0
MLP0668,WorkOn:8.0,WorkOff:16.0
MMB0488,WorkOn:8.5,WorkOff:17.0
MMG0943,WorkOn:7.5,WorkOff:16.0
MNC0717,WorkOn:8.0,WorkOff:16.5
MNR0829,WorkOn:8.5,WorkOff:19.5
MNS0224,WorkOn:6.5,WorkOff:15.5
MOH0273,WorkOn:7.5,WorkOff:17.0
MOP0763,WorkOn:8.5,WorkOff:16.5
MOS0047,WorkOn:6.5,WorkOff:15.5
MPM0220,WorkOn:6.5,WorkOff:15.5
MPT0376,WorkOn:8.5,WorkOff:16.0
MSD0939,WorkOn:7.5,WorkOff:16.0
MSG0839,WorkOn:8.5,WorkOff:19.5
MSH0040,WorkOn:6.5,WorkOff:15.5
MSO0222,WorkOn:6.5,WorkOff:15.5
MSS0001,WorkOn:8.0,WorkOff:15.0
MSZ0310,WorkOn:8.0,WorkOff:15.5
MTB0620,WorkOn:8.0,WorkOff:17.0
MTT0901,WorkOn:9.5,WorkOff:18.0
MVB0515,WorkOn:9.0,WorkOff:17.0
MVF0594,WorkOn:8.5,WorkOff:18.5
MVH0373,WorkOn:6.5,WorkOff:16.0
MYD0978,WorkOn:8.0,WorkOff:17.5
NAB0801,WorkOn:8.5,WorkOff:17.0
NAB0903,WorkOn:9.5,WorkOff:18.0
NAF0033,WorkOn:8.0,WorkOff:15.5
NAF0326,WorkOn:8.0,WorkOff:15.5
NAH0503,WorkOn:8.5,WorkOff:17.0
NAR0981,WorkOn:8.0,WorkOff:17.5
NBC0412,WorkOn:8.0,WorkOff:17.5
NBH0256,WorkOn:8.0,WorkOff:16.5
NCE0097,WorkOn:7.5,WorkOff:17.0
NCH0179,WorkOn:7.5,WorkOff:18.0
NCK0295,WorkOn:9.0,WorkOff:17.5
NCK0421,WorkOn:8.0,WorkOff:18.0
NCO0666,WorkOn:8.0,WorkOff:16.0
NDM0417,WorkOn:8.0,WorkOff:18.0
NGC0058,WorkOn:8.0,WorkOff:19.0
NGF0157,WorkOn:7.0,WorkOff:17.0
NGO0690,WorkOn:9.0,WorkOff:19.0
NHE0919,WorkOn:8.5,WorkOff:19.5
NHH0185,WorkOn:7.5,WorkOff:18.0
NIH0969,WorkOn:7.5,WorkOff:16.0
NJB0243,WorkOn:8.0,WorkOff:16.5
NJC0705,WorkOn:8.0,WorkOff:16.5
NKH0807,WorkOn:8.5,WorkOff:20.5
NKH0979,WorkOn:8.0,WorkOff:15.5
NKP0236,WorkOn:8.0,WorkOff:18.0
NLO0131,WorkOn:9.0,WorkOff:18.0
NMB0972,WorkOn:7.5,WorkOff:16.0
NMC0486,WorkOn:8.5,WorkOff:17.0
NMF0780,WorkOn:8.5,WorkOff:16.5
NMG0766,WorkOn:8.5,WorkOff:16.0
NMS0280,WorkOn:9.5,WorkOff:18.0
NNA0610,WorkOn:8.0,WorkOff:17.0
NNS0059,WorkOn:8.0,WorkOff:18.5
NOB0181,WorkOn:7.5,WorkOff:18.0
NRD0548,WorkOn:8.0,WorkOff:18.0
NRF0137,WorkOn:9.0,WorkOff:18.0
NRO0768,WorkOn:8.5,WorkOff:16.5
NSC0597,WorkOn:8.5,WorkOff:18.5
NSS0876,WorkOn:8.0,WorkOff:17.5
NUL0471,WorkOn:8.5,WorkOff:18.0
NWK0215,WorkOn:8.0,WorkOff:15.5
NWT0098,WorkOn:7.5,WorkOff:17.0
OBH0499,WorkOn:8.5,WorkOff:17.0
OCB0805,WorkOn:8.5,WorkOff:17.0
OCS0865,WorkOn:8.0,WorkOff:17.5
OHC0973,WorkOn:7.5,WorkOff:16.0
OJK0233,WorkOn:8.0,WorkOff:19.0
OKB0439,WorkOn:8.0,WorkOff:17.0
OKC0107,WorkOn:9.5,WorkOff:18.0
OLB0749,WorkOn:8.0,WorkOff:16.5
OLF0504,WorkOn:8.5,WorkOff:17.0
OLW0689,WorkOn:9.0,WorkOff:19.0
OMM0944,WorkOn:7.5,WorkOff:16.0
OMS0101,WorkOn:7.5,WorkOff:17.0
ONL0276,WorkOn:7.5,WorkOff:17.0
ONW0083,WorkOn:8.0,WorkOff:17.0
OQH0183,WorkOn:7.5,WorkOff:18.0
ORB0473,WorkOn:8.0,WorkOff:18.0
ORG0339,WorkOn:7.5,WorkOff:18.0
ORM0669,WorkOn:8.0,WorkOff:16.0
OSH0655,WorkOn:9.5,WorkOff:21.0
OYM0026,WorkOn:9.5,WorkOff:18.0
PAD0773,WorkOn:8.5,WorkOff:16.5
PBP0002,WorkOn:8.5,WorkOff:14.5
PDH0716,WorkOn:8.0,WorkOff:16.5
PDW0259,WorkOn:8.0,WorkOff:16.5
PES0085,WorkOn:8.0,WorkOff:16.5
PEV0323,WorkOn:8.0,WorkOff:15.5
PGC0066,WorkOn:8.0,WorkOff:18.0
PGH0184,WorkOn:7.5,WorkOff:18.0
PGO0433,WorkOn:8.0,WorkOff:17.0
PID0426,WorkOn:8.0,WorkOff:17.0
PIS0522,WorkOn:9.0,WorkOff:16.5
PKB0281,WorkOn:9.5,WorkOff:18.0
PKB0429,WorkOn:8.0,WorkOff:16.5
PLH0715,WorkOn:8.0,WorkOff:16.5
PLH0862,WorkOn:8.0,WorkOff:17.5
PMC0328,WorkOn:7.5,WorkOff:18.0
PMJ0564,WorkOn:9.0,WorkOff:18.0
PMV0850,WorkOn:8.5,WorkOff:19.5
PNH0761,WorkOn:8.5,WorkOff:16.5
PNL0301,WorkOn:9.0,WorkOff:18.0
POB0343,WorkOn:7.5,WorkOff:18.0
PPF0435,WorkOn:8.0,WorkOff:17.0
PRM0740,WorkOn:8.0,WorkOff:17.0
PSF0133,WorkOn:9.0,WorkOff:18.0
PTH0552,WorkOn:8.0,WorkOff:18.0
PTH0830,WorkOn:8.5,WorkOff:19.5
QCH0110,WorkOn:9.5,WorkOff:18.0
QJR0688,WorkOn:9.0,WorkOff:18.5
QNF0205,WorkOn:7.5,WorkOff:17.0
QNP0216,WorkOn:6.5,WorkOff:15.5
QOS0878,WorkOn:8.0,WorkOff:17.5
QPM0727,WorkOn:8.0,WorkOff:17.0
QRM0739,WorkOn:8.0,WorkOff:16.5
QSV0778,WorkOn:8.5,WorkOff:16.5
RAB0589,WorkOn:9.0,WorkOff:18.5
RAG0275,WorkOn:7.5,WorkOff:17.0
RAH0440,WorkOn:8.0,WorkOff:17.0
RAM0447,WorkOn:8.5,WorkOff:17.5
RAR0725,WorkOn:8.0,WorkOff:16.5
RAS0432,WorkOn:8.0,WorkOff:17.0
RAW0915,WorkOn:8.5,WorkOff:19.5
RBB0485,WorkOn:8.5,WorkOff:17.0
RCC0617,WorkOn:8.0,WorkOff:17.0
RCP0785,WorkOn:8.5,WorkOff:16.5
RDM0115,WorkOn:7.5,WorkOff:16.5
RDM0150,WorkOn:8.5,WorkOff:16.0
RDT0424,WorkOn:8.0,WorkOff:18.0
RFP0380,WorkOn:8.0,WorkOff:16.0
RGG0064,WorkOn:7.5,WorkOff:15.0
RGH0728,WorkOn:8.0,WorkOff:17.0
RGN0408,WorkOn:8.0,WorkOff:18.0
RHC0335,WorkOn:7.5,WorkOff:18.0
RHL0992,WorkOn:9.5,WorkOff:21.0
RHO0732,WorkOn:8.0,WorkOff:17.0
RHP0484,WorkOn:8.5,WorkOff:17.0
RHY0079,WorkOn:9.5,WorkOff:18.0
RIH0777,WorkOn:8.5,WorkOff:16.5
RJB0088,WorkOn:8.0,WorkOff:16.5
RJM0381,WorkOn:8.0,WorkOff:16.0
RKD0604,WorkOn:8.0,WorkOff:17.0
RKF0164,WorkOn:7.5,WorkOff:16.0
RLB0719,WorkOn:8.0,WorkOff:16.5
RLG0856,WorkOn:8.0,WorkOff:17.5
RMS0266,WorkOn:7.5,WorkOff:15.5
RMW0542,WorkOn:8.0,WorkOff:18.0
RNF0765,WorkOn:8.5,WorkOff:16.5
RNL0695,WorkOn:9.0,WorkOff:19.0
RNP0211,WorkOn:8.0,WorkOff:15.5
ROB0272,WorkOn:7.5,WorkOff:17.0
RRA0938,WorkOn:7.5,WorkOff:16.0
RRC0553,WorkOn:8.5,WorkOff:18.0
RRP0568,WorkOn:9.0,WorkOff:18.0
RSC0089,WorkOn:8.0,WorkOff:16.5
RSM0277,WorkOn:7.5,WorkOff:17.0
RTO0313,WorkOn:8.0,WorkOff:15.5
RUM0880,WorkOn:8.0,WorkOff:17.5
RVC0232,WorkOn:8.0,WorkOff:19.0
RVF0201,WorkOn:7.5,WorkOff:17.0
RYB0718,WorkOn:8.0,WorkOff:16.5
RZC0746,WorkOn:8.5,WorkOff:16.5
SAA0999,WorkOn:8.5,WorkOff:19.0
SAB0781,WorkOn:8.5,WorkOff:16.5
SAC0592,WorkOn:8.5,WorkOff:18.5
SAC0687,WorkOn:9.0,WorkOff:19.0
SAH0599,WorkOn:8.5,WorkOff:18.0
SAK0375,WorkOn:6.5,WorkOff:16.0
SAP0867,WorkOn:8.0,WorkOff:17.5
SAT0194,WorkOn:8.5,WorkOff:18.0
SBD0913,WorkOn:7.5,WorkOff:16.0
SBH0537,WorkOn:9.5,WorkOff:18.0
SBK0161,WorkOn:9.0,WorkOff:18.5
SBN0495,WorkOn:8.5,WorkOff:17.0
SBN0866,WorkOn:8.0,WorkOff:17.5
SBN0971,WorkOn:7.5,WorkOff:16.0
SBQ0786,WorkOn:8.5,WorkOff:17.0
SCB0534,WorkOn:9.0,WorkOff:17.0
SCF0608,WorkOn:8.0,WorkOff:17.0
SCP0130,WorkOn:9.0,WorkOff:18.0
SDB0106,WorkOn:9.5,WorkOff:18.0
SDF0017,WorkOn:8.0,WorkOff:18.0
SDO0170,WorkOn:8.0,WorkOff:15.5
SED0886,WorkOn:9.5,WorkOff:18.0
SEJ0677,WorkOn:8.0,WorkOff:16.0
SER0165,WorkOn:7.5,WorkOff:18.0
SES0477,WorkOn:8.5,WorkOff:17.0
SGB0140,WorkOn:9.0,WorkOff:18.0
SGG0787,WorkOn:8.5,WorkOff:20.5
SGM0021,WorkOn:7.5,WorkOff:15.5
SGS0268,WorkOn:7.5,WorkOff:17.0
SHR0334,WorkOn:7.5,WorkOff:18.0
SHW0578,WorkOn:8.5,WorkOff:18.5
SIJ0661,WorkOn:8.0,WorkOff:16.0
SJC0333,WorkOn:7.5,WorkOff:18.0
SJF0094,WorkOn:7.5,WorkOff:15.5
SJO0209,WorkOn:8.0,WorkOff:15.5
SJW0451,WorkOn:8.0,WorkOff:17.5
SKG0759,WorkOn:8.5,WorkOff:16.5
SLB0049,WorkOn:8.5,WorkOff:17.5
SLP0762,WorkOn:8.5,WorkOff:16.5
SLT0907,WorkOn:9.5,WorkOff:18.0
SMB0804,WorkOn:8.5,WorkOff:17.0
SMH0291,WorkOn:9.5,WorkOff:17.5
SMW0084,WorkOn:8.0,WorkOff:17.0
SMY0792,WorkOn:8.5,WorkOff:17.0
SNC0187,WorkOn:7.5,WorkOff:18.0
SNS0129,WorkOn:7.5,WorkOff:16.0
SOB0360,WorkOn:6.5,WorkOff:16.0
SOB0586,WorkOn:8.5,WorkOff:18.5
SOF0808,WorkOn:8.5,WorkOff:20.5
SOG0411,WorkOn:8.0,WorkOff:18.0
SPA0141,WorkOn:7.5,WorkOff:17.0
SRH0155,WorkOn:7.0,WorkOff:17.0
SRS0231,WorkOn:8.0,WorkOff:19.0
SSG0250,WorkOn:8.0,WorkOff:17.0
SSH0799,WorkOn:8.5,WorkOff:17.0
SSJ0784,WorkOn:9.0,WorkOff:16.5
SSR0278,WorkOn:9.5,WorkOff:18.0
SSS0345,WorkOn:7.5,WorkOff:18.0
SVL0803,WorkOn:8.5,WorkOff:17.0
SVL0940,WorkOn:7.5,WorkOff:16.0
SVS0871,WorkOn:8.0,WorkOff:17.5
SXM0895,WorkOn:9.5,WorkOff:18.0
TAC0300,WorkOn:9.0,WorkOff:18.0
TAP0551,WorkOn:8.0,WorkOff:18.0
TBT0461,WorkOn:8.0,WorkOff:18.0
TCD0009,WorkOn:9.0,WorkOff:17.5
TDG0962,WorkOn:7.5,WorkOff:16.0
TDJ0998,WorkOn:8.5,WorkOff:19.0
TDS0984,WorkOn:8.0,WorkOff:17.5
TEB0251,WorkOn:8.0,WorkOff:17.0
TEM0093,WorkOn:7.5,WorkOff:15.5
TEM0977,WorkOn:8.0,WorkOff:18.0
TET0621,WorkOn:8.0,WorkOff:17.0
THD0448,WorkOn:8.0,WorkOff:18.0
THR0873,WorkOn:8.0,WorkOff:17.5
TIW0299,WorkOn:9.0,WorkOff:17.5
TJB0302,WorkOn:9.0,WorkOff:18.0
TJD0996,WorkOn:8.5,WorkOff:19.0
TJG0582,WorkOn:8.5,WorkOff:18.5
TLH0648,WorkOn:9.5,WorkOff:21.0
TLK0993,WorkOn:9.5,WorkOff:21.0
TLM0797,WorkOn:8.5,WorkOff:17.0
TMA0069,WorkOn:8.0,WorkOff:18.0
TNM0961,WorkOn:7.5,WorkOff:16.0
TOR0193,WorkOn:8.5,WorkOff:18.0
TPH0474,WorkOn:8.0,WorkOff:18.0
TQS0212,WorkOn:8.0,WorkOff:15.5
TRK0914,WorkOn:8.5,WorkOff:19.5
TSB0437,WorkOn:8.0,WorkOff:16.5
TSG0906,WorkOn:9.5,WorkOff:18.0
TSM0363,WorkOn:6.5,WorkOff:16.0
TSM0927,WorkOn:8.5,WorkOff:19.5
TSR0676,WorkOn:8.0,WorkOff:16.0
TTD1000,WorkOn:8.5,WorkOff:19.0
TUC0632,WorkOn:9.5,WorkOff:21.0
TVS0006,WorkOn:9.0,WorkOff:15.5
TVS0050,WorkOn:7.5,WorkOff:15.0
TYB0779,WorkOn:8.5,WorkOff:16.5
UAD0771,WorkOn:8.5,WorkOff:16.5
UBF0645,WorkOn:9.5,WorkOff:21.0
UCH0519,WorkOn:9.0,WorkOff:16.5
UCS0227,WorkOn:8.0,WorkOff:18.5
UFK0208,WorkOn:8.0,WorkOff:15.5
UIR0043,WorkOn:6.5,WorkOff:15.5
UJC0737,WorkOn:8.0,WorkOff:17.0
USH0199,WorkOn:7.5,WorkOff:15.5
VAA0087,WorkOn:8.0,WorkOff:16.5
VCC0396,WorkOn:8.0,WorkOff:19.0
VCY0751,WorkOn:8.0,WorkOff:17.0
VEB0935,WorkOn:7.5,WorkOff:16.0
VFM0814,WorkOn:8.5,WorkOff:20.5
VIA0063,WorkOn:8.0,WorkOff:18.0
VLB0647,WorkOn:9.5,WorkOff:21.0
VMJ0147,WorkOn:8.5,WorkOff:18.5
VMJ0546,WorkOn:8.0,WorkOff:18.0
VSA0230,WorkOn:8.0,WorkOff:19.0
VSS0154,WorkOn:8.5,WorkOff:18.5
VTT0385,WorkOn:8.0,WorkOff:15.5
WAB0143,WorkOn:7.5,WorkOff:17.0
WAS0254,WorkOn:8.0,WorkOff:16.5
WBC0192,WorkOn:7.5,WorkOff:17.0
WBC0315,WorkOn:8.0,WorkOff:15.5
WDD0366,WorkOn:8.5,WorkOff:16.0
WDO0870,WorkOn:8.0,WorkOff:17.5
WDV0573,WorkOn:8.5,WorkOff:18.5
WGR0833,WorkOn:8.5,WorkOff:19.5
WGS0516,WorkOn:9.0,WorkOff:17.0
WIF0691,WorkOn:9.0,WorkOff:19.0
WIQ0567,WorkOn:9.0,WorkOff:18.0
WJD0576,WorkOn:8.5,WorkOff:18.5
WKD0013,WorkOn:9.5,WorkOff:18.0
WKF0012,WorkOn:8.0,WorkOff:17.5
WLV0566,WorkOn:9.0,WorkOff:18.0
WNB0908,WorkOn:9.5,WorkOff:18.0
WPE0538,WorkOn:8.5,WorkOff:18.0
WPR0368,WorkOn:6.5,WorkOff:16.0
WRM0963,WorkOn:7.5,WorkOff:16.0
WSR0241,WorkOn:8.0,WorkOff:18.0
WTF0387,WorkOn:8.0,WorkOff:16.0
WTR0563,WorkOn:9.0,WorkOff:18.0
WVB0539,WorkOn:8.5,WorkOff:17.0
WXH0872,WorkOn:8.0,WorkOff:17.5
XAA0104,WorkOn:7.5,WorkOff:17.0
XBN0229,WorkOn:8.0,WorkOff:18.5
XHG0902,WorkOn:9.5,WorkOff:18.0
XHW0498,WorkOn:8.5,WorkOff:17.0
XLB0710,WorkOn:8.0,WorkOff:16.5
XRS0633,WorkOn:9.5,WorkOff:21.0
XWD0923,WorkOn:8.5,WorkOff:19.5
YCE0983,WorkOn:8.0,WorkOff:17.5
YDN0198,WorkOn:7.5,WorkOff:15.5
YEV0793,WorkOn:8.5,WorkOff:17.0
YIC0195,WorkOn:8.5,WorkOff:18.0
YJF0532,WorkOn:9.0,WorkOff:16.5
YJV0699,WorkOn:8.0,WorkOff:16.5
YWW0660,WorkOn:9.5,WorkOff:21.0
ZCF0590,WorkOn:8.5,WorkOff:18.0
ZDW0859,WorkOn:8.0,WorkOff:17.5
ZFM0468,WorkOn:8.0,WorkOff:18.0
ZJE0857,WorkOn:8.0,WorkOff:17.5
ZJS0269,WorkOn:7.5,WorkOff:17.0
ZKS0899,WorkOn:9.5,WorkOff:18.0
ZMC0284,WorkOn:9.5,WorkOff:18.0
ZSB0649,WorkOn:9.5,WorkOff:21.0
ZSK0258,WorkOn:8.0,WorkOff:16.5
ZSL0305,WorkOn:9.0,WorkOff:18.0
